{
  message: 'Created cache directory',
  level: 'info',
  service: 'blendfit-backend',
  timestamp: '2025-10-24T18:35:26.437Z'
}
{
  service: 'blendfit-backend',
  message: '',
  code: 'ECONNREFUSED',
  errno: undefined,
  sql: undefined,
  sqlState: undefined,
  sqlMessage: undefined,
  level: 'error',
  stack: 'Error\n' +
    '    at PromisePool.execute (/Users/teajhaney/Desktop/Acode/2025/Project/backend/HNG/country-currency-exchange/node_modules/mysql2/lib/promise/pool.js:54:22)\n' +
    '    at DatabaseService.testConnection (/Users/teajhaney/Desktop/Acode/2025/Project/backend/HNG/country-currency-exchange/src/common/config/database.ts:39:23)\n' +
    '    at startServer (/Users/teajhaney/Desktop/Acode/2025/Project/backend/HNG/country-currency-exchange/src/server.ts:61:40)\n' +
    '    at Object.<anonymous> (/Users/teajhaney/Desktop/Acode/2025/Project/backend/HNG/country-currency-exchange/src/server.ts:80:1)\n' +
    '    at Module._compile (node:internal/modules/cjs/loader:1692:14)\n' +
    '    at Module.m._compile (/Users/teajhaney/Desktop/Acode/2025/Project/backend/HNG/country-currency-exchange/node_modules/ts-node/src/index.ts:1618:23)\n' +
    '    at node:internal/modules/cjs/loader:1824:10\n' +
    '    at Object.require.extensions.<computed> [as .ts] (/Users/teajhaney/Desktop/Acode/2025/Project/backend/HNG/country-currency-exchange/node_modules/ts-node/src/index.ts:1621:12)\n' +
    '    at Module.load (node:internal/modules/cjs/loader:1427:32)\n' +
    '    at Module._load (node:internal/modules/cjs/loader:1250:12)',
  timestamp: '2025-10-24T18:35:26.508Z'
}
{
  service: 'country-currency-exchange',
  message: '',
  code: 'ECONNREFUSED',
  errno: undefined,
  sql: undefined,
  sqlState: undefined,
  sqlMessage: undefined,
  level: 'error',
  stack: 'Error\n' +
    '    at PromisePool.execute (/Users/teajhaney/Desktop/Acode/2025/Project/backend/HNG/country-currency-exchange/node_modules/mysql2/lib/promise/pool.js:54:22)\n' +
    '    at DatabaseService.testConnection (/Users/teajhaney/Desktop/Acode/2025/Project/backend/HNG/country-currency-exchange/src/common/config/database.ts:39:23)\n' +
    '    at startServer (/Users/teajhaney/Desktop/Acode/2025/Project/backend/HNG/country-currency-exchange/src/server.ts:61:40)\n' +
    '    at Object.<anonymous> (/Users/teajhaney/Desktop/Acode/2025/Project/backend/HNG/country-currency-exchange/src/server.ts:80:1)\n' +
    '    at Module._compile (node:internal/modules/cjs/loader:1692:14)\n' +
    '    at Module.m._compile (/Users/teajhaney/Desktop/Acode/2025/Project/backend/HNG/country-currency-exchange/node_modules/ts-node/src/index.ts:1618:23)\n' +
    '    at node:internal/modules/cjs/loader:1824:10\n' +
    '    at Object.require.extensions.<computed> [as .ts] (/Users/teajhaney/Desktop/Acode/2025/Project/backend/HNG/country-currency-exchange/node_modules/ts-node/src/index.ts:1621:12)\n' +
    '    at Module.load (node:internal/modules/cjs/loader:1427:32)\n' +
    '    at Module._load (node:internal/modules/cjs/loader:1250:12)',
  timestamp: '2025-10-24T18:36:05.288Z'
}
{
  service: 'country-currency-exchange',
  message: '',
  code: 'ECONNREFUSED',
  errno: undefined,
  sql: undefined,
  sqlState: undefined,
  sqlMessage: undefined,
  level: 'error',
  stack: 'Error\n' +
    '    at PromisePool.execute (/Users/teajhaney/Desktop/Acode/2025/Project/backend/HNG/country-currency-exchange/node_modules/mysql2/lib/promise/pool.js:54:22)\n' +
    '    at DatabaseService.testConnection (/Users/teajhaney/Desktop/Acode/2025/Project/backend/HNG/country-currency-exchange/src/common/config/database.ts:39:23)\n' +
    '    at startServer (/Users/teajhaney/Desktop/Acode/2025/Project/backend/HNG/country-currency-exchange/src/server.ts:61:40)\n' +
    '    at Object.<anonymous> (/Users/teajhaney/Desktop/Acode/2025/Project/backend/HNG/country-currency-exchange/src/server.ts:80:1)\n' +
    '    at Module._compile (node:internal/modules/cjs/loader:1692:14)\n' +
    '    at Module.m._compile (/Users/teajhaney/Desktop/Acode/2025/Project/backend/HNG/country-currency-exchange/node_modules/ts-node/src/index.ts:1618:23)\n' +
    '    at node:internal/modules/cjs/loader:1824:10\n' +
    '    at Object.require.extensions.<computed> [as .ts] (/Users/teajhaney/Desktop/Acode/2025/Project/backend/HNG/country-currency-exchange/node_modules/ts-node/src/index.ts:1621:12)\n' +
    '    at Module.load (node:internal/modules/cjs/loader:1427:32)\n' +
    '    at Module._load (node:internal/modules/cjs/loader:1250:12)',
  timestamp: '2025-10-24T18:36:06.100Z'
}
{
  service: 'country-currency-exchange',
  message: '',
  code: 'ECONNREFUSED',
  errno: undefined,
  sql: undefined,
  sqlState: undefined,
  sqlMessage: undefined,
  level: 'error',
  stack: 'Error\n' +
    '    at PromisePool.execute (/Users/teajhaney/Desktop/Acode/2025/Project/backend/HNG/country-currency-exchange/node_modules/mysql2/lib/promise/pool.js:54:22)\n' +
    '    at DatabaseService.testConnection (/Users/teajhaney/Desktop/Acode/2025/Project/backend/HNG/country-currency-exchange/src/common/config/database.ts:39:23)\n' +
    '    at startServer (/Users/teajhaney/Desktop/Acode/2025/Project/backend/HNG/country-currency-exchange/src/server.ts:61:40)\n' +
    '    at Object.<anonymous> (/Users/teajhaney/Desktop/Acode/2025/Project/backend/HNG/country-currency-exchange/src/server.ts:80:1)\n' +
    '    at Module._compile (node:internal/modules/cjs/loader:1692:14)\n' +
    '    at Module.m._compile (/Users/teajhaney/Desktop/Acode/2025/Project/backend/HNG/country-currency-exchange/node_modules/ts-node/src/index.ts:1618:23)\n' +
    '    at node:internal/modules/cjs/loader:1824:10\n' +
    '    at Object.require.extensions.<computed> [as .ts] (/Users/teajhaney/Desktop/Acode/2025/Project/backend/HNG/country-currency-exchange/node_modules/ts-node/src/index.ts:1621:12)\n' +
    '    at Module.load (node:internal/modules/cjs/loader:1427:32)\n' +
    '    at Module._load (node:internal/modules/cjs/loader:1250:12)',
  timestamp: '2025-10-24T18:40:12.390Z'
}
{
  service: 'country-currency-exchange',
  message: '',
  code: 'ECONNREFUSED',
  errno: undefined,
  sql: undefined,
  sqlState: undefined,
  sqlMessage: undefined,
  level: 'error',
  stack: 'Error\n' +
    '    at PromisePool.execute (/Users/teajhaney/Desktop/Acode/2025/Project/backend/HNG/country-currency-exchange/node_modules/mysql2/lib/promise/pool.js:54:22)\n' +
    '    at DatabaseService.testConnection (/Users/teajhaney/Desktop/Acode/2025/Project/backend/HNG/country-currency-exchange/src/common/config/database.ts:39:23)\n' +
    '    at startServer (/Users/teajhaney/Desktop/Acode/2025/Project/backend/HNG/country-currency-exchange/src/server.ts:61:40)\n' +
    '    at Object.<anonymous> (/Users/teajhaney/Desktop/Acode/2025/Project/backend/HNG/country-currency-exchange/src/server.ts:80:1)\n' +
    '    at Module._compile (node:internal/modules/cjs/loader:1692:14)\n' +
    '    at Module.m._compile (/Users/teajhaney/Desktop/Acode/2025/Project/backend/HNG/country-currency-exchange/node_modules/ts-node/src/index.ts:1618:23)\n' +
    '    at node:internal/modules/cjs/loader:1824:10\n' +
    '    at Object.require.extensions.<computed> [as .ts] (/Users/teajhaney/Desktop/Acode/2025/Project/backend/HNG/country-currency-exchange/node_modules/ts-node/src/index.ts:1621:12)\n' +
    '    at Module.load (node:internal/modules/cjs/loader:1427:32)\n' +
    '    at Module._load (node:internal/modules/cjs/loader:1250:12)',
  timestamp: '2025-10-24T18:40:18.690Z'
}
{
  service: 'country-currency-exchange',
  message: '',
  code: 'ECONNREFUSED',
  errno: undefined,
  sql: undefined,
  sqlState: undefined,
  sqlMessage: undefined,
  level: 'error',
  stack: 'Error\n' +
    '    at PromisePool.execute (/Users/teajhaney/Desktop/Acode/2025/Project/backend/HNG/country-currency-exchange/node_modules/mysql2/lib/promise/pool.js:54:22)\n' +
    '    at DatabaseService.testConnection (/Users/teajhaney/Desktop/Acode/2025/Project/backend/HNG/country-currency-exchange/src/common/config/database.ts:39:23)\n' +
    '    at startServer (/Users/teajhaney/Desktop/Acode/2025/Project/backend/HNG/country-currency-exchange/src/server.ts:61:40)\n' +
    '    at Object.<anonymous> (/Users/teajhaney/Desktop/Acode/2025/Project/backend/HNG/country-currency-exchange/src/server.ts:80:1)\n' +
    '    at Module._compile (node:internal/modules/cjs/loader:1692:14)\n' +
    '    at Module.m._compile (/Users/teajhaney/Desktop/Acode/2025/Project/backend/HNG/country-currency-exchange/node_modules/ts-node/src/index.ts:1618:23)\n' +
    '    at node:internal/modules/cjs/loader:1824:10\n' +
    '    at Object.require.extensions.<computed> [as .ts] (/Users/teajhaney/Desktop/Acode/2025/Project/backend/HNG/country-currency-exchange/node_modules/ts-node/src/index.ts:1621:12)\n' +
    '    at Module.load (node:internal/modules/cjs/loader:1427:32)\n' +
    '    at Module._load (node:internal/modules/cjs/loader:1250:12)',
  timestamp: '2025-10-24T18:41:26.617Z'
}
{
  service: 'country-currency-exchange',
  message: "Access denied for user 'country_api_user'@'197.211.59.126' (using password: YES)",
  code: 'ER_ACCESS_DENIED_ERROR',
  errno: 1045,
  sql: undefined,
  sqlState: '28000',
  sqlMessage: "Access denied for user 'country_api_user'@'197.211.59.126' (using password: YES)",
  level: 'error',
  stack: "Error: Access denied for user 'country_api_user'@'197.211.59.126' (using password: YES)\n" +
    '    at PromisePool.execute (/Users/teajhaney/Desktop/Acode/2025/Project/backend/HNG/country-currency-exchange/node_modules/mysql2/lib/promise/pool.js:54:22)\n' +
    '    at DatabaseService.testConnection (/Users/teajhaney/Desktop/Acode/2025/Project/backend/HNG/country-currency-exchange/src/common/config/database.ts:39:23)\n' +
    '    at startServer (/Users/teajhaney/Desktop/Acode/2025/Project/backend/HNG/country-currency-exchange/src/server.ts:61:40)\n' +
    '    at Object.<anonymous> (/Users/teajhaney/Desktop/Acode/2025/Project/backend/HNG/country-currency-exchange/src/server.ts:80:1)\n' +
    '    at Module._compile (node:internal/modules/cjs/loader:1692:14)\n' +
    '    at Module.m._compile (/Users/teajhaney/Desktop/Acode/2025/Project/backend/HNG/country-currency-exchange/node_modules/ts-node/src/index.ts:1618:23)\n' +
    '    at node:internal/modules/cjs/loader:1824:10\n' +
    '    at Object.require.extensions.<computed> [as .ts] (/Users/teajhaney/Desktop/Acode/2025/Project/backend/HNG/country-currency-exchange/node_modules/ts-node/src/index.ts:1621:12)\n' +
    '    at Module.load (node:internal/modules/cjs/loader:1427:32)\n' +
    '    at Module._load (node:internal/modules/cjs/loader:1250:12)',
  timestamp: '2025-10-24T19:05:13.921Z'
}
{
  service: 'country-currency-exchange',
  message: "Access denied for user 'country_api_user'@'197.211.59.126' (using password: YES)",
  code: 'ER_ACCESS_DENIED_ERROR',
  errno: 1045,
  sql: undefined,
  sqlState: '28000',
  sqlMessage: "Access denied for user 'country_api_user'@'197.211.59.126' (using password: YES)",
  level: 'error',
  stack: "Error: Access denied for user 'country_api_user'@'197.211.59.126' (using password: YES)\n" +
    '    at PromisePool.execute (/Users/teajhaney/Desktop/Acode/2025/Project/backend/HNG/country-currency-exchange/node_modules/mysql2/lib/promise/pool.js:54:22)\n' +
    '    at DatabaseService.testConnection (/Users/teajhaney/Desktop/Acode/2025/Project/backend/HNG/country-currency-exchange/src/common/config/database.ts:39:23)\n' +
    '    at startServer (/Users/teajhaney/Desktop/Acode/2025/Project/backend/HNG/country-currency-exchange/src/server.ts:61:40)\n' +
    '    at Object.<anonymous> (/Users/teajhaney/Desktop/Acode/2025/Project/backend/HNG/country-currency-exchange/src/server.ts:80:1)\n' +
    '    at Module._compile (node:internal/modules/cjs/loader:1692:14)\n' +
    '    at Module.m._compile (/Users/teajhaney/Desktop/Acode/2025/Project/backend/HNG/country-currency-exchange/node_modules/ts-node/src/index.ts:1618:23)\n' +
    '    at node:internal/modules/cjs/loader:1824:10\n' +
    '    at Object.require.extensions.<computed> [as .ts] (/Users/teajhaney/Desktop/Acode/2025/Project/backend/HNG/country-currency-exchange/node_modules/ts-node/src/index.ts:1621:12)\n' +
    '    at Module.load (node:internal/modules/cjs/loader:1427:32)\n' +
    '    at Module._load (node:internal/modules/cjs/loader:1250:12)',
  timestamp: '2025-10-24T19:05:32.381Z'
}
{
  service: 'country-currency-exchange',
  message: "Access denied for user 'country_api_user'@'197.211.59.126' (using password: YES)",
  code: 'ER_ACCESS_DENIED_ERROR',
  errno: 1045,
  sql: undefined,
  sqlState: '28000',
  sqlMessage: "Access denied for user 'country_api_user'@'197.211.59.126' (using password: YES)",
  level: 'error',
  stack: "Error: Access denied for user 'country_api_user'@'197.211.59.126' (using password: YES)\n" +
    '    at PromisePool.execute (/Users/teajhaney/Desktop/Acode/2025/Project/backend/HNG/country-currency-exchange/node_modules/mysql2/lib/promise/pool.js:54:22)\n' +
    '    at DatabaseService.testConnection (/Users/teajhaney/Desktop/Acode/2025/Project/backend/HNG/country-currency-exchange/src/common/config/database.ts:39:23)\n' +
    '    at startServer (/Users/teajhaney/Desktop/Acode/2025/Project/backend/HNG/country-currency-exchange/src/server.ts:61:40)\n' +
    '    at Object.<anonymous> (/Users/teajhaney/Desktop/Acode/2025/Project/backend/HNG/country-currency-exchange/src/server.ts:80:1)\n' +
    '    at Module._compile (node:internal/modules/cjs/loader:1692:14)\n' +
    '    at Module.m._compile (/Users/teajhaney/Desktop/Acode/2025/Project/backend/HNG/country-currency-exchange/node_modules/ts-node/src/index.ts:1618:23)\n' +
    '    at node:internal/modules/cjs/loader:1824:10\n' +
    '    at Object.require.extensions.<computed> [as .ts] (/Users/teajhaney/Desktop/Acode/2025/Project/backend/HNG/country-currency-exchange/node_modules/ts-node/src/index.ts:1621:12)\n' +
    '    at Module.load (node:internal/modules/cjs/loader:1427:32)\n' +
    '    at Module._load (node:internal/modules/cjs/loader:1250:12)',
  timestamp: '2025-10-24T19:06:00.018Z'
}
{
  service: 'country-currency-exchange',
  message: "Access denied for user 'country_api_user'@'197.211.59.126' (using password: YES)",
  code: 'ER_ACCESS_DENIED_ERROR',
  errno: 1045,
  sql: undefined,
  sqlState: '28000',
  sqlMessage: "Access denied for user 'country_api_user'@'197.211.59.126' (using password: YES)",
  level: 'error',
  stack: "Error: Access denied for user 'country_api_user'@'197.211.59.126' (using password: YES)\n" +
    '    at PromisePool.execute (/Users/teajhaney/Desktop/Acode/2025/Project/backend/HNG/country-currency-exchange/node_modules/mysql2/lib/promise/pool.js:54:22)\n' +
    '    at DatabaseService.testConnection (/Users/teajhaney/Desktop/Acode/2025/Project/backend/HNG/country-currency-exchange/src/common/config/database.ts:39:23)\n' +
    '    at startServer (/Users/teajhaney/Desktop/Acode/2025/Project/backend/HNG/country-currency-exchange/src/server.ts:61:40)\n' +
    '    at Object.<anonymous> (/Users/teajhaney/Desktop/Acode/2025/Project/backend/HNG/country-currency-exchange/src/server.ts:80:1)\n' +
    '    at Module._compile (node:internal/modules/cjs/loader:1692:14)\n' +
    '    at Module.m._compile (/Users/teajhaney/Desktop/Acode/2025/Project/backend/HNG/country-currency-exchange/node_modules/ts-node/src/index.ts:1618:23)\n' +
    '    at node:internal/modules/cjs/loader:1824:10\n' +
    '    at Object.require.extensions.<computed> [as .ts] (/Users/teajhaney/Desktop/Acode/2025/Project/backend/HNG/country-currency-exchange/node_modules/ts-node/src/index.ts:1621:12)\n' +
    '    at Module.load (node:internal/modules/cjs/loader:1427:32)\n' +
    '    at Module._load (node:internal/modules/cjs/loader:1250:12)',
  timestamp: '2025-10-24T19:24:16.763Z'
}
{
  service: 'country-currency-exchange',
  message: "Access denied for user 'country_api_user'@'197.211.59.126' (using password: YES)",
  code: 'ER_ACCESS_DENIED_ERROR',
  errno: 1045,
  sql: undefined,
  sqlState: '28000',
  sqlMessage: "Access denied for user 'country_api_user'@'197.211.59.126' (using password: YES)",
  level: 'error',
  stack: "Error: Access denied for user 'country_api_user'@'197.211.59.126' (using password: YES)\n" +
    '    at PromisePool.execute (/Users/teajhaney/Desktop/Acode/2025/Project/backend/HNG/country-currency-exchange/node_modules/mysql2/lib/promise/pool.js:54:22)\n' +
    '    at DatabaseService.testConnection (/Users/teajhaney/Desktop/Acode/2025/Project/backend/HNG/country-currency-exchange/src/common/config/database.ts:39:23)\n' +
    '    at startServer (/Users/teajhaney/Desktop/Acode/2025/Project/backend/HNG/country-currency-exchange/src/server.ts:61:40)\n' +
    '    at Object.<anonymous> (/Users/teajhaney/Desktop/Acode/2025/Project/backend/HNG/country-currency-exchange/src/server.ts:80:1)\n' +
    '    at Module._compile (node:internal/modules/cjs/loader:1692:14)\n' +
    '    at Module.m._compile (/Users/teajhaney/Desktop/Acode/2025/Project/backend/HNG/country-currency-exchange/node_modules/ts-node/src/index.ts:1618:23)\n' +
    '    at node:internal/modules/cjs/loader:1824:10\n' +
    '    at Object.require.extensions.<computed> [as .ts] (/Users/teajhaney/Desktop/Acode/2025/Project/backend/HNG/country-currency-exchange/node_modules/ts-node/src/index.ts:1621:12)\n' +
    '    at Module.load (node:internal/modules/cjs/loader:1427:32)\n' +
    '    at Module._load (node:internal/modules/cjs/loader:1250:12)',
  timestamp: '2025-10-24T19:28:04.399Z'
}
{
  service: 'country-currency-exchange',
  message: "Access denied for user 'country_api_user'@'197.211.59.126' (using password: YES)",
  code: 'ER_ACCESS_DENIED_ERROR',
  errno: 1045,
  sql: undefined,
  sqlState: '28000',
  sqlMessage: "Access denied for user 'country_api_user'@'197.211.59.126' (using password: YES)",
  level: 'error',
  stack: "Error: Access denied for user 'country_api_user'@'197.211.59.126' (using password: YES)\n" +
    '    at PromisePool.execute (/Users/teajhaney/Desktop/Acode/2025/Project/backend/HNG/country-currency-exchange/node_modules/mysql2/lib/promise/pool.js:54:22)\n' +
    '    at DatabaseService.testConnection (/Users/teajhaney/Desktop/Acode/2025/Project/backend/HNG/country-currency-exchange/src/common/config/database.ts:39:23)\n' +
    '    at startServer (/Users/teajhaney/Desktop/Acode/2025/Project/backend/HNG/country-currency-exchange/src/server.ts:61:40)\n' +
    '    at Object.<anonymous> (/Users/teajhaney/Desktop/Acode/2025/Project/backend/HNG/country-currency-exchange/src/server.ts:80:1)\n' +
    '    at Module._compile (node:internal/modules/cjs/loader:1692:14)\n' +
    '    at Module.m._compile (/Users/teajhaney/Desktop/Acode/2025/Project/backend/HNG/country-currency-exchange/node_modules/ts-node/src/index.ts:1618:23)\n' +
    '    at node:internal/modules/cjs/loader:1824:10\n' +
    '    at Object.require.extensions.<computed> [as .ts] (/Users/teajhaney/Desktop/Acode/2025/Project/backend/HNG/country-currency-exchange/node_modules/ts-node/src/index.ts:1621:12)\n' +
    '    at Module.load (node:internal/modules/cjs/loader:1427:32)\n' +
    '    at Module._load (node:internal/modules/cjs/loader:1250:12)',
  timestamp: '2025-10-24T19:29:37.551Z'
}
{
  service: 'country-currency-exchange',
  message: 'getaddrinfo ENOTFOUND my-rds-instance.xyz123.us-east-1.rds.amazonaws.com',
  code: 'ENOTFOUND',
  errno: -3008,
  sql: undefined,
  sqlState: undefined,
  sqlMessage: undefined,
  level: 'error',
  stack: 'Error: getaddrinfo ENOTFOUND my-rds-instance.xyz123.us-east-1.rds.amazonaws.com\n' +
    '    at PromisePool.execute (/Users/teajhaney/Desktop/Acode/2025/Project/backend/HNG/country-currency-exchange/node_modules/mysql2/lib/promise/pool.js:54:22)\n' +
    '    at DatabaseService.testConnection (/Users/teajhaney/Desktop/Acode/2025/Project/backend/HNG/country-currency-exchange/src/common/config/database.ts:39:23)\n' +
    '    at startServer (/Users/teajhaney/Desktop/Acode/2025/Project/backend/HNG/country-currency-exchange/src/server.ts:61:40)\n' +
    '    at Object.<anonymous> (/Users/teajhaney/Desktop/Acode/2025/Project/backend/HNG/country-currency-exchange/src/server.ts:80:1)\n' +
    '    at Module._compile (node:internal/modules/cjs/loader:1692:14)\n' +
    '    at Module.m._compile (/Users/teajhaney/Desktop/Acode/2025/Project/backend/HNG/country-currency-exchange/node_modules/ts-node/src/index.ts:1618:23)\n' +
    '    at node:internal/modules/cjs/loader:1824:10\n' +
    '    at Object.require.extensions.<computed> [as .ts] (/Users/teajhaney/Desktop/Acode/2025/Project/backend/HNG/country-currency-exchange/node_modules/ts-node/src/index.ts:1621:12)\n' +
    '    at Module.load (node:internal/modules/cjs/loader:1427:32)\n' +
    '    at Module._load (node:internal/modules/cjs/loader:1250:12)',
  timestamp: '2025-10-24T19:42:46.234Z'
}
{
  service: 'country-currency-exchange',
  message: 'getaddrinfo ENOTFOUND coherent-parity-476118-d3:us-central1:country-currency-db',
  code: 'ENOTFOUND',
  errno: -3008,
  sql: undefined,
  sqlState: undefined,
  sqlMessage: undefined,
  level: 'error',
  stack: 'Error: getaddrinfo ENOTFOUND coherent-parity-476118-d3:us-central1:country-currency-db\n' +
    '    at PromisePool.execute (/Users/teajhaney/Desktop/Acode/2025/Project/backend/HNG/country-currency-exchange/node_modules/mysql2/lib/promise/pool.js:54:22)\n' +
    '    at DatabaseService.testConnection (/Users/teajhaney/Desktop/Acode/2025/Project/backend/HNG/country-currency-exchange/src/common/config/database.ts:39:23)\n' +
    '    at startServer (/Users/teajhaney/Desktop/Acode/2025/Project/backend/HNG/country-currency-exchange/src/server.ts:61:40)\n' +
    '    at Object.<anonymous> (/Users/teajhaney/Desktop/Acode/2025/Project/backend/HNG/country-currency-exchange/src/server.ts:80:1)\n' +
    '    at Module._compile (node:internal/modules/cjs/loader:1692:14)\n' +
    '    at Module.m._compile (/Users/teajhaney/Desktop/Acode/2025/Project/backend/HNG/country-currency-exchange/node_modules/ts-node/src/index.ts:1618:23)\n' +
    '    at node:internal/modules/cjs/loader:1824:10\n' +
    '    at Object.require.extensions.<computed> [as .ts] (/Users/teajhaney/Desktop/Acode/2025/Project/backend/HNG/country-currency-exchange/node_modules/ts-node/src/index.ts:1621:12)\n' +
    '    at Module.load (node:internal/modules/cjs/loader:1427:32)\n' +
    '    at Module._load (node:internal/modules/cjs/loader:1250:12)',
  timestamp: '2025-10-24T19:45:16.568Z'
}
{
  service: 'country-currency-exchange',
  message: "Access denied for user 'country_api_user'@'197.211.59.126' (using password: YES)",
  code: 'ER_ACCESS_DENIED_ERROR',
  errno: 1045,
  sql: undefined,
  sqlState: '28000',
  sqlMessage: "Access denied for user 'country_api_user'@'197.211.59.126' (using password: YES)",
  level: 'error',
  stack: "Error: Access denied for user 'country_api_user'@'197.211.59.126' (using password: YES)\n" +
    '    at PromisePool.execute (/Users/teajhaney/Desktop/Acode/2025/Project/backend/HNG/country-currency-exchange/node_modules/mysql2/lib/promise/pool.js:54:22)\n' +
    '    at DatabaseService.testConnection (/Users/teajhaney/Desktop/Acode/2025/Project/backend/HNG/country-currency-exchange/src/common/config/database.ts:39:23)\n' +
    '    at startServer (/Users/teajhaney/Desktop/Acode/2025/Project/backend/HNG/country-currency-exchange/src/server.ts:61:40)\n' +
    '    at Object.<anonymous> (/Users/teajhaney/Desktop/Acode/2025/Project/backend/HNG/country-currency-exchange/src/server.ts:80:1)\n' +
    '    at Module._compile (node:internal/modules/cjs/loader:1692:14)\n' +
    '    at Module.m._compile (/Users/teajhaney/Desktop/Acode/2025/Project/backend/HNG/country-currency-exchange/node_modules/ts-node/src/index.ts:1618:23)\n' +
    '    at node:internal/modules/cjs/loader:1824:10\n' +
    '    at Object.require.extensions.<computed> [as .ts] (/Users/teajhaney/Desktop/Acode/2025/Project/backend/HNG/country-currency-exchange/node_modules/ts-node/src/index.ts:1621:12)\n' +
    '    at Module.load (node:internal/modules/cjs/loader:1427:32)\n' +
    '    at Module._load (node:internal/modules/cjs/loader:1250:12)',
  timestamp: '2025-10-24T19:46:34.213Z'
}
{
  service: 'country-currency-exchange',
  message: 'getaddrinfo ENOTFOUND country-currency-db-country-currency-exchange.f.aivencloud.com',
  code: 'ENOTFOUND',
  errno: -3008,
  sql: undefined,
  sqlState: undefined,
  sqlMessage: undefined,
  level: 'error',
  stack: 'Error: getaddrinfo ENOTFOUND country-currency-db-country-currency-exchange.f.aivencloud.com\n' +
    '    at PromisePool.execute (/Users/teajhaney/Desktop/Acode/2025/Project/backend/HNG/country-currency-exchange/node_modules/mysql2/lib/promise/pool.js:54:22)\n' +
    '    at DatabaseService.testConnection (/Users/teajhaney/Desktop/Acode/2025/Project/backend/HNG/country-currency-exchange/src/common/config/database.ts:39:23)\n' +
    '    at startServer (/Users/teajhaney/Desktop/Acode/2025/Project/backend/HNG/country-currency-exchange/src/server.ts:61:40)\n' +
    '    at Object.<anonymous> (/Users/teajhaney/Desktop/Acode/2025/Project/backend/HNG/country-currency-exchange/src/server.ts:80:1)\n' +
    '    at Module._compile (node:internal/modules/cjs/loader:1692:14)\n' +
    '    at Module.m._compile (/Users/teajhaney/Desktop/Acode/2025/Project/backend/HNG/country-currency-exchange/node_modules/ts-node/src/index.ts:1618:23)\n' +
    '    at node:internal/modules/cjs/loader:1824:10\n' +
    '    at Object.require.extensions.<computed> [as .ts] (/Users/teajhaney/Desktop/Acode/2025/Project/backend/HNG/country-currency-exchange/node_modules/ts-node/src/index.ts:1621:12)\n' +
    '    at Module.load (node:internal/modules/cjs/loader:1427:32)\n' +
    '    at Module._load (node:internal/modules/cjs/loader:1250:12)',
  timestamp: '2025-10-24T19:51:31.849Z'
}
{
  service: 'country-currency-exchange',
  message: 'self-signed certificate in certificate chain',
  code: 'HANDSHAKE_SSL_ERROR',
  errno: undefined,
  sql: undefined,
  sqlState: undefined,
  sqlMessage: undefined,
  level: 'error',
  stack: 'Error: self-signed certificate in certificate chain\n' +
    '    at PromisePool.execute (/Users/teajhaney/Desktop/Acode/2025/Project/backend/HNG/country-currency-exchange/node_modules/mysql2/lib/promise/pool.js:54:22)\n' +
    '    at DatabaseService.testConnection (/Users/teajhaney/Desktop/Acode/2025/Project/backend/HNG/country-currency-exchange/src/common/config/database.ts:39:23)\n' +
    '    at startServer (/Users/teajhaney/Desktop/Acode/2025/Project/backend/HNG/country-currency-exchange/src/server.ts:61:40)\n' +
    '    at Object.<anonymous> (/Users/teajhaney/Desktop/Acode/2025/Project/backend/HNG/country-currency-exchange/src/server.ts:80:1)\n' +
    '    at Module._compile (node:internal/modules/cjs/loader:1692:14)\n' +
    '    at Module.m._compile (/Users/teajhaney/Desktop/Acode/2025/Project/backend/HNG/country-currency-exchange/node_modules/ts-node/src/index.ts:1618:23)\n' +
    '    at node:internal/modules/cjs/loader:1824:10\n' +
    '    at Object.require.extensions.<computed> [as .ts] (/Users/teajhaney/Desktop/Acode/2025/Project/backend/HNG/country-currency-exchange/node_modules/ts-node/src/index.ts:1621:12)\n' +
    '    at Module.load (node:internal/modules/cjs/loader:1427:32)\n' +
    '    at Module._load (node:internal/modules/cjs/loader:1250:12)',
  timestamp: '2025-10-24T19:56:48.270Z'
}
{
  service: 'country-currency-exchange',
  message: 'self-signed certificate in certificate chain',
  code: 'HANDSHAKE_SSL_ERROR',
  errno: undefined,
  sql: undefined,
  sqlState: undefined,
  sqlMessage: undefined,
  level: 'error',
  stack: 'Error: self-signed certificate in certificate chain\n' +
    '    at PromisePool.execute (/Users/teajhaney/Desktop/Acode/2025/Project/backend/HNG/country-currency-exchange/node_modules/mysql2/lib/promise/pool.js:54:22)\n' +
    '    at DatabaseService.testConnection (/Users/teajhaney/Desktop/Acode/2025/Project/backend/HNG/country-currency-exchange/src/common/config/database.ts:39:23)\n' +
    '    at startServer (/Users/teajhaney/Desktop/Acode/2025/Project/backend/HNG/country-currency-exchange/src/server.ts:61:40)\n' +
    '    at Object.<anonymous> (/Users/teajhaney/Desktop/Acode/2025/Project/backend/HNG/country-currency-exchange/src/server.ts:80:1)\n' +
    '    at Module._compile (node:internal/modules/cjs/loader:1692:14)\n' +
    '    at Module.m._compile (/Users/teajhaney/Desktop/Acode/2025/Project/backend/HNG/country-currency-exchange/node_modules/ts-node/src/index.ts:1618:23)\n' +
    '    at node:internal/modules/cjs/loader:1824:10\n' +
    '    at Object.require.extensions.<computed> [as .ts] (/Users/teajhaney/Desktop/Acode/2025/Project/backend/HNG/country-currency-exchange/node_modules/ts-node/src/index.ts:1621:12)\n' +
    '    at Module.load (node:internal/modules/cjs/loader:1427:32)\n' +
    '    at Module._load (node:internal/modules/cjs/loader:1250:12)',
  timestamp: '2025-10-24T19:56:48.326Z'
}
{
  service: 'country-currency-exchange',
  message: 'self-signed certificate in certificate chain',
  code: 'HANDSHAKE_SSL_ERROR',
  errno: undefined,
  sql: undefined,
  sqlState: undefined,
  sqlMessage: undefined,
  level: 'error',
  stack: 'Error: self-signed certificate in certificate chain\n' +
    '    at PromisePool.execute (/Users/teajhaney/Desktop/Acode/2025/Project/backend/HNG/country-currency-exchange/node_modules/mysql2/lib/promise/pool.js:54:22)\n' +
    '    at DatabaseService.testConnection (/Users/teajhaney/Desktop/Acode/2025/Project/backend/HNG/country-currency-exchange/src/common/config/database.ts:39:23)\n' +
    '    at startServer (/Users/teajhaney/Desktop/Acode/2025/Project/backend/HNG/country-currency-exchange/src/server.ts:61:40)\n' +
    '    at Object.<anonymous> (/Users/teajhaney/Desktop/Acode/2025/Project/backend/HNG/country-currency-exchange/src/server.ts:80:1)\n' +
    '    at Module._compile (node:internal/modules/cjs/loader:1692:14)\n' +
    '    at Module.m._compile (/Users/teajhaney/Desktop/Acode/2025/Project/backend/HNG/country-currency-exchange/node_modules/ts-node/src/index.ts:1618:23)\n' +
    '    at node:internal/modules/cjs/loader:1824:10\n' +
    '    at Object.require.extensions.<computed> [as .ts] (/Users/teajhaney/Desktop/Acode/2025/Project/backend/HNG/country-currency-exchange/node_modules/ts-node/src/index.ts:1621:12)\n' +
    '    at Module.load (node:internal/modules/cjs/loader:1427:32)\n' +
    '    at Module._load (node:internal/modules/cjs/loader:1250:12)',
  timestamp: '2025-10-24T19:56:58.192Z'
}
{
  message: 'Database connection successful',
  level: 'info',
  service: 'country-currency-exchange',
  timestamp: '2025-10-24T19:58:28.024Z'
}
{
  message: 'Database connection successful',
  level: 'info',
  service: 'country-currency-exchange',
  timestamp: '2025-10-24T19:58:29.444Z'
}
{
  message: 'Database connection successful',
  level: 'info',
  service: 'country-currency-exchange',
  timestamp: '2025-10-24T19:58:29.751Z'
}
{
  message: 'Database tables initialized successfully',
  level: 'info',
  service: 'country-currency-exchange',
  timestamp: '2025-10-24T19:58:32.009Z'
}
{
  message: 'Server started successfully on port 3000',
  level: 'info',
  service: 'country-currency-exchange',
  timestamp: '2025-10-24T19:58:32.012Z'
}
{
  message: 'Database tables initialized successfully',
  level: 'info',
  service: 'country-currency-exchange',
  timestamp: '2025-10-24T19:58:32.760Z'
}
{
  message: 'Database tables initialized successfully',
  level: 'info',
  service: 'country-currency-exchange',
  timestamp: '2025-10-24T19:58:33.563Z'
}
{
  message: 'Database connection successful',
  level: 'info',
  service: 'country-currency-exchange',
  timestamp: '2025-10-24T20:01:03.748Z'
}
{
  message: 'Database tables initialized successfully',
  level: 'info',
  service: 'country-currency-exchange',
  timestamp: '2025-10-24T20:01:06.916Z'
}
{
  message: 'Server started successfully on port 3000',
  level: 'info',
  service: 'country-currency-exchange',
  timestamp: '2025-10-24T20:01:06.922Z'
}
{
  message: 'Database connection successful',
  level: 'info',
  service: 'country-currency-exchange',
  timestamp: '2025-10-24T20:04:17.441Z'
}
{
  message: 'Database tables initialized successfully',
  level: 'info',
  service: 'country-currency-exchange',
  timestamp: '2025-10-24T20:04:20.190Z'
}
{
  message: 'Database connection successful',
  level: 'info',
  service: 'country-currency-exchange',
  timestamp: '2025-10-24T20:05:49.709Z'
}
{
  message: 'Database tables initialized successfully',
  level: 'info',
  service: 'country-currency-exchange',
  timestamp: '2025-10-24T20:05:52.851Z'
}
{
  message: 'Server started successfully on port 3000',
  level: 'info',
  service: 'country-currency-exchange',
  timestamp: '2025-10-24T20:05:52.853Z'
}
{
  message: 'Database connection successful',
  level: 'info',
  service: 'country-currency-exchange',
  timestamp: '2025-10-24T20:37:34.041Z'
}
{
  message: 'Database connection successful',
  level: 'info',
  service: 'country-currency-exchange',
  timestamp: '2025-10-24T20:37:35.114Z'
}
{
  message: 'Database connection successful',
  level: 'info',
  service: 'country-currency-exchange',
  timestamp: '2025-10-24T20:37:35.114Z'
}
{
  message: 'Database tables initialized successfully',
  level: 'info',
  service: 'country-currency-exchange',
  timestamp: '2025-10-24T20:37:37.242Z'
}
{
  message: 'Server started successfully on port 3000',
  level: 'info',
  service: 'country-currency-exchange',
  timestamp: '2025-10-24T20:37:37.247Z'
}
{
  message: 'Database tables initialized successfully',
  level: 'info',
  service: 'country-currency-exchange',
  timestamp: '2025-10-24T20:37:40.195Z'
}
{
  message: 'Database tables initialized successfully',
  level: 'info',
  service: 'country-currency-exchange',
  timestamp: '2025-10-24T20:37:41.033Z'
}
{
  message: 'Starting countries refresh process...',
  level: 'info',
  service: 'country-currency-exchange',
  timestamp: '2025-10-24T20:38:23.759Z'
}
{
  message: 'Starting to fetch and process all external data...',
  level: 'info',
  service: 'country-currency-exchange',
  timestamp: '2025-10-24T20:38:23.760Z'
}
{
  message: 'Fetching countries from external API...',
  level: 'info',
  service: 'country-currency-exchange',
  timestamp: '2025-10-24T20:38:23.760Z'
}
{
  message: 'Fetching exchange rates from external API...',
  level: 'info',
  service: 'country-currency-exchange',
  timestamp: '2025-10-24T20:38:23.769Z'
}
{
  message: 'Successfully fetched exchange rates for 165 currencies',
  level: 'info',
  service: 'country-currency-exchange',
  timestamp: '2025-10-24T20:38:26.179Z'
}
{
  message: 'Successfully fetched 250 countries',
  level: 'info',
  service: 'country-currency-exchange',
  timestamp: '2025-10-24T20:38:27.012Z'
}
{
  message: 'Processing countries data with exchange rates...',
  level: 'info',
  service: 'country-currency-exchange',
  timestamp: '2025-10-24T20:38:27.013Z'
}
{
  message: 'Successfully processed 250 countries',
  level: 'info',
  service: 'country-currency-exchange',
  timestamp: '2025-10-24T20:38:27.014Z'
}
{
  message: 'All countries cleared from database',
  level: 'info',
  service: 'country-currency-exchange',
  timestamp: '2025-10-24T20:38:28.919Z'
}
{
  message: 'Starting countries refresh process...',
  level: 'info',
  service: 'country-currency-exchange',
  timestamp: '2025-10-24T20:40:29.639Z'
}
{
  message: 'Starting to fetch and process all external data...',
  level: 'info',
  service: 'country-currency-exchange',
  timestamp: '2025-10-24T20:40:29.642Z'
}
{
  message: 'Fetching countries from external API...',
  level: 'info',
  service: 'country-currency-exchange',
  timestamp: '2025-10-24T20:40:29.642Z'
}
{
  message: 'Fetching exchange rates from external API...',
  level: 'info',
  service: 'country-currency-exchange',
  timestamp: '2025-10-24T20:40:29.645Z'
}
{
  message: 'Successfully fetched exchange rates for 165 currencies',
  level: 'info',
  service: 'country-currency-exchange',
  timestamp: '2025-10-24T20:40:31.225Z'
}
{
  message: 'Successfully fetched 250 countries',
  level: 'info',
  service: 'country-currency-exchange',
  timestamp: '2025-10-24T20:40:33.264Z'
}
{
  message: 'Processing countries data with exchange rates...',
  level: 'info',
  service: 'country-currency-exchange',
  timestamp: '2025-10-24T20:40:33.264Z'
}
{
  message: 'Successfully processed 250 countries',
  level: 'info',
  service: 'country-currency-exchange',
  timestamp: '2025-10-24T20:40:33.265Z'
}
{
  message: 'All countries cleared from database',
  level: 'info',
  service: 'country-currency-exchange',
  timestamp: '2025-10-24T20:40:41.579Z'
}
{
  service: 'country-currency-exchange',
  level: 'error',
  message: 'Error creating country: Failed to retrieve created country',
  stack: 'Error: Failed to retrieve created country\n' +
    '    at CountryModel.create (/Users/teajhaney/Desktop/Acode/2025/Project/backend/HNG/country-currency-exchange/src/models/country.model.ts:39:15)\n' +
    '    at processTicksAndRejections (node:internal/process/task_queues:105:5)\n' +
    '    at async CountryService.refreshCountries (/Users/teajhaney/Desktop/Acode/2025/Project/backend/HNG/country-currency-exchange/src/services/country.service.ts:29:11)\n' +
    '    at async refreshCountries (/Users/teajhaney/Desktop/Acode/2025/Project/backend/HNG/country-currency-exchange/src/controllers/country.controller.ts:13:22)',
  timestamp: '2025-10-24T20:40:41.611Z'
}
{
  service: 'country-currency-exchange',
  level: 'warn',
  message: 'Failed to save country Iraq: Failed to retrieve created country',
  stack: 'Error: Failed to retrieve created country\n' +
    '    at CountryModel.create (/Users/teajhaney/Desktop/Acode/2025/Project/backend/HNG/country-currency-exchange/src/models/country.model.ts:39:15)\n' +
    '    at processTicksAndRejections (node:internal/process/task_queues:105:5)\n' +
    '    at async CountryService.refreshCountries (/Users/teajhaney/Desktop/Acode/2025/Project/backend/HNG/country-currency-exchange/src/services/country.service.ts:29:11)\n' +
    '    at async refreshCountries (/Users/teajhaney/Desktop/Acode/2025/Project/backend/HNG/country-currency-exchange/src/controllers/country.controller.ts:13:22)',
  timestamp: '2025-10-24T20:40:41.611Z'
}
{
  service: 'country-currency-exchange',
  message: "Duplicate entry 'Ireland' for key 'countries.name'",
  code: 'ER_DUP_ENTRY',
  errno: 1062,
  sql: '\n' +
    '        INSERT INTO countries (\n' +
    '          name, capital, region, population, currency_code, \n' +
    '          exchange_rate, estimated_gdp, flag_url\n' +
    '        ) VALUES (?, ?, ?, ?, ?, ?, ?, ?)\n' +
    '      ',
  sqlState: '23000',
  sqlMessage: "Duplicate entry 'Ireland' for key 'countries.name'",
  level: 'error',
  stack: "Error: Duplicate entry 'Ireland' for key 'countries.name'\n" +
    '    at PromisePool.execute (/Users/teajhaney/Desktop/Acode/2025/Project/backend/HNG/country-currency-exchange/node_modules/mysql2/lib/promise/pool.js:54:22)\n' +
    '    at DatabaseService.execute (/Users/teajhaney/Desktop/Acode/2025/Project/backend/HNG/country-currency-exchange/src/common/config/database.ts:29:40)\n' +
    '    at CountryModel.create (/Users/teajhaney/Desktop/Acode/2025/Project/backend/HNG/country-currency-exchange/src/models/country.model.ts:26:37)\n' +
    '    at CountryService.refreshCountries (/Users/teajhaney/Desktop/Acode/2025/Project/backend/HNG/country-currency-exchange/src/services/country.service.ts:29:30)\n' +
    '    at processTicksAndRejections (node:internal/process/task_queues:105:5)\n' +
    '    at async refreshCountries (/Users/teajhaney/Desktop/Acode/2025/Project/backend/HNG/country-currency-exchange/src/controllers/country.controller.ts:13:22)',
  timestamp: '2025-10-24T20:42:42.424Z'
}
{
  service: 'country-currency-exchange',
  message: "Duplicate entry 'Ireland' for key 'countries.name'",
  code: 'ER_DUP_ENTRY',
  errno: 1062,
  sql: '\n' +
    '        INSERT INTO countries (\n' +
    '          name, capital, region, population, currency_code, \n' +
    '          exchange_rate, estimated_gdp, flag_url\n' +
    '        ) VALUES (?, ?, ?, ?, ?, ?, ?, ?)\n' +
    '      ',
  sqlState: '23000',
  sqlMessage: "Duplicate entry 'Ireland' for key 'countries.name'",
  level: 'error',
  stack: "Error: Duplicate entry 'Ireland' for key 'countries.name'\n" +
    '    at PromisePool.execute (/Users/teajhaney/Desktop/Acode/2025/Project/backend/HNG/country-currency-exchange/node_modules/mysql2/lib/promise/pool.js:54:22)\n' +
    '    at DatabaseService.execute (/Users/teajhaney/Desktop/Acode/2025/Project/backend/HNG/country-currency-exchange/src/common/config/database.ts:29:40)\n' +
    '    at CountryModel.create (/Users/teajhaney/Desktop/Acode/2025/Project/backend/HNG/country-currency-exchange/src/models/country.model.ts:26:37)\n' +
    '    at CountryService.refreshCountries (/Users/teajhaney/Desktop/Acode/2025/Project/backend/HNG/country-currency-exchange/src/services/country.service.ts:29:30)\n' +
    '    at processTicksAndRejections (node:internal/process/task_queues:105:5)\n' +
    '    at async refreshCountries (/Users/teajhaney/Desktop/Acode/2025/Project/backend/HNG/country-currency-exchange/src/controllers/country.controller.ts:13:22)',
  timestamp: '2025-10-24T20:42:42.425Z'
}
{
  service: 'country-currency-exchange',
  message: "Duplicate entry 'Ireland' for key 'countries.name'",
  code: 'ER_DUP_ENTRY',
  errno: 1062,
  sql: '\n' +
    '        INSERT INTO countries (\n' +
    '          name, capital, region, population, currency_code, \n' +
    '          exchange_rate, estimated_gdp, flag_url\n' +
    '        ) VALUES (?, ?, ?, ?, ?, ?, ?, ?)\n' +
    '      ',
  sqlState: '23000',
  sqlMessage: "Duplicate entry 'Ireland' for key 'countries.name'",
  level: 'warn',
  stack: "Error: Duplicate entry 'Ireland' for key 'countries.name'\n" +
    '    at PromisePool.execute (/Users/teajhaney/Desktop/Acode/2025/Project/backend/HNG/country-currency-exchange/node_modules/mysql2/lib/promise/pool.js:54:22)\n' +
    '    at DatabaseService.execute (/Users/teajhaney/Desktop/Acode/2025/Project/backend/HNG/country-currency-exchange/src/common/config/database.ts:29:40)\n' +
    '    at CountryModel.create (/Users/teajhaney/Desktop/Acode/2025/Project/backend/HNG/country-currency-exchange/src/models/country.model.ts:26:37)\n' +
    '    at CountryService.refreshCountries (/Users/teajhaney/Desktop/Acode/2025/Project/backend/HNG/country-currency-exchange/src/services/country.service.ts:29:30)\n' +
    '    at processTicksAndRejections (node:internal/process/task_queues:105:5)\n' +
    '    at async refreshCountries (/Users/teajhaney/Desktop/Acode/2025/Project/backend/HNG/country-currency-exchange/src/controllers/country.controller.ts:13:22)',
  timestamp: '2025-10-24T20:42:42.426Z'
}
{
  service: 'country-currency-exchange',
  message: "Duplicate entry 'Isle of Man' for key 'countries.name'",
  code: 'ER_DUP_ENTRY',
  errno: 1062,
  sql: '\n' +
    '        INSERT INTO countries (\n' +
    '          name, capital, region, population, currency_code, \n' +
    '          exchange_rate, estimated_gdp, flag_url\n' +
    '        ) VALUES (?, ?, ?, ?, ?, ?, ?, ?)\n' +
    '      ',
  sqlState: '23000',
  sqlMessage: "Duplicate entry 'Isle of Man' for key 'countries.name'",
  level: 'error',
  stack: "Error: Duplicate entry 'Isle of Man' for key 'countries.name'\n" +
    '    at PromisePool.execute (/Users/teajhaney/Desktop/Acode/2025/Project/backend/HNG/country-currency-exchange/node_modules/mysql2/lib/promise/pool.js:54:22)\n' +
    '    at DatabaseService.execute (/Users/teajhaney/Desktop/Acode/2025/Project/backend/HNG/country-currency-exchange/src/common/config/database.ts:29:40)\n' +
    '    at CountryModel.create (/Users/teajhaney/Desktop/Acode/2025/Project/backend/HNG/country-currency-exchange/src/models/country.model.ts:26:37)\n' +
    '    at CountryService.refreshCountries (/Users/teajhaney/Desktop/Acode/2025/Project/backend/HNG/country-currency-exchange/src/services/country.service.ts:29:30)\n' +
    '    at processTicksAndRejections (node:internal/process/task_queues:105:5)\n' +
    '    at async refreshCountries (/Users/teajhaney/Desktop/Acode/2025/Project/backend/HNG/country-currency-exchange/src/controllers/country.controller.ts:13:22)',
  timestamp: '2025-10-24T20:42:42.910Z'
}
{
  service: 'country-currency-exchange',
  message: "Duplicate entry 'Isle of Man' for key 'countries.name'",
  code: 'ER_DUP_ENTRY',
  errno: 1062,
  sql: '\n' +
    '        INSERT INTO countries (\n' +
    '          name, capital, region, population, currency_code, \n' +
    '          exchange_rate, estimated_gdp, flag_url\n' +
    '        ) VALUES (?, ?, ?, ?, ?, ?, ?, ?)\n' +
    '      ',
  sqlState: '23000',
  sqlMessage: "Duplicate entry 'Isle of Man' for key 'countries.name'",
  level: 'error',
  stack: "Error: Duplicate entry 'Isle of Man' for key 'countries.name'\n" +
    '    at PromisePool.execute (/Users/teajhaney/Desktop/Acode/2025/Project/backend/HNG/country-currency-exchange/node_modules/mysql2/lib/promise/pool.js:54:22)\n' +
    '    at DatabaseService.execute (/Users/teajhaney/Desktop/Acode/2025/Project/backend/HNG/country-currency-exchange/src/common/config/database.ts:29:40)\n' +
    '    at CountryModel.create (/Users/teajhaney/Desktop/Acode/2025/Project/backend/HNG/country-currency-exchange/src/models/country.model.ts:26:37)\n' +
    '    at CountryService.refreshCountries (/Users/teajhaney/Desktop/Acode/2025/Project/backend/HNG/country-currency-exchange/src/services/country.service.ts:29:30)\n' +
    '    at processTicksAndRejections (node:internal/process/task_queues:105:5)\n' +
    '    at async refreshCountries (/Users/teajhaney/Desktop/Acode/2025/Project/backend/HNG/country-currency-exchange/src/controllers/country.controller.ts:13:22)',
  timestamp: '2025-10-24T20:42:42.913Z'
}
{
  service: 'country-currency-exchange',
  message: "Duplicate entry 'Isle of Man' for key 'countries.name'",
  code: 'ER_DUP_ENTRY',
  errno: 1062,
  sql: '\n' +
    '        INSERT INTO countries (\n' +
    '          name, capital, region, population, currency_code, \n' +
    '          exchange_rate, estimated_gdp, flag_url\n' +
    '        ) VALUES (?, ?, ?, ?, ?, ?, ?, ?)\n' +
    '      ',
  sqlState: '23000',
  sqlMessage: "Duplicate entry 'Isle of Man' for key 'countries.name'",
  level: 'warn',
  stack: "Error: Duplicate entry 'Isle of Man' for key 'countries.name'\n" +
    '    at PromisePool.execute (/Users/teajhaney/Desktop/Acode/2025/Project/backend/HNG/country-currency-exchange/node_modules/mysql2/lib/promise/pool.js:54:22)\n' +
    '    at DatabaseService.execute (/Users/teajhaney/Desktop/Acode/2025/Project/backend/HNG/country-currency-exchange/src/common/config/database.ts:29:40)\n' +
    '    at CountryModel.create (/Users/teajhaney/Desktop/Acode/2025/Project/backend/HNG/country-currency-exchange/src/models/country.model.ts:26:37)\n' +
    '    at CountryService.refreshCountries (/Users/teajhaney/Desktop/Acode/2025/Project/backend/HNG/country-currency-exchange/src/services/country.service.ts:29:30)\n' +
    '    at processTicksAndRejections (node:internal/process/task_queues:105:5)\n' +
    '    at async refreshCountries (/Users/teajhaney/Desktop/Acode/2025/Project/backend/HNG/country-currency-exchange/src/controllers/country.controller.ts:13:22)',
  timestamp: '2025-10-24T20:42:42.913Z'
}
{
  service: 'country-currency-exchange',
  message: "Duplicate entry 'Israel' for key 'countries.name'",
  code: 'ER_DUP_ENTRY',
  errno: 1062,
  sql: '\n' +
    '        INSERT INTO countries (\n' +
    '          name, capital, region, population, currency_code, \n' +
    '          exchange_rate, estimated_gdp, flag_url\n' +
    '        ) VALUES (?, ?, ?, ?, ?, ?, ?, ?)\n' +
    '      ',
  sqlState: '23000',
  sqlMessage: "Duplicate entry 'Israel' for key 'countries.name'",
  level: 'error',
  stack: "Error: Duplicate entry 'Israel' for key 'countries.name'\n" +
    '    at PromisePool.execute (/Users/teajhaney/Desktop/Acode/2025/Project/backend/HNG/country-currency-exchange/node_modules/mysql2/lib/promise/pool.js:54:22)\n' +
    '    at DatabaseService.execute (/Users/teajhaney/Desktop/Acode/2025/Project/backend/HNG/country-currency-exchange/src/common/config/database.ts:29:40)\n' +
    '    at CountryModel.create (/Users/teajhaney/Desktop/Acode/2025/Project/backend/HNG/country-currency-exchange/src/models/country.model.ts:26:37)\n' +
    '    at CountryService.refreshCountries (/Users/teajhaney/Desktop/Acode/2025/Project/backend/HNG/country-currency-exchange/src/services/country.service.ts:29:30)\n' +
    '    at processTicksAndRejections (node:internal/process/task_queues:105:5)\n' +
    '    at async refreshCountries (/Users/teajhaney/Desktop/Acode/2025/Project/backend/HNG/country-currency-exchange/src/controllers/country.controller.ts:13:22)',
  timestamp: '2025-10-24T20:42:43.418Z'
}
{
  service: 'country-currency-exchange',
  message: "Duplicate entry 'Israel' for key 'countries.name'",
  code: 'ER_DUP_ENTRY',
  errno: 1062,
  sql: '\n' +
    '        INSERT INTO countries (\n' +
    '          name, capital, region, population, currency_code, \n' +
    '          exchange_rate, estimated_gdp, flag_url\n' +
    '        ) VALUES (?, ?, ?, ?, ?, ?, ?, ?)\n' +
    '      ',
  sqlState: '23000',
  sqlMessage: "Duplicate entry 'Israel' for key 'countries.name'",
  level: 'error',
  stack: "Error: Duplicate entry 'Israel' for key 'countries.name'\n" +
    '    at PromisePool.execute (/Users/teajhaney/Desktop/Acode/2025/Project/backend/HNG/country-currency-exchange/node_modules/mysql2/lib/promise/pool.js:54:22)\n' +
    '    at DatabaseService.execute (/Users/teajhaney/Desktop/Acode/2025/Project/backend/HNG/country-currency-exchange/src/common/config/database.ts:29:40)\n' +
    '    at CountryModel.create (/Users/teajhaney/Desktop/Acode/2025/Project/backend/HNG/country-currency-exchange/src/models/country.model.ts:26:37)\n' +
    '    at CountryService.refreshCountries (/Users/teajhaney/Desktop/Acode/2025/Project/backend/HNG/country-currency-exchange/src/services/country.service.ts:29:30)\n' +
    '    at processTicksAndRejections (node:internal/process/task_queues:105:5)\n' +
    '    at async refreshCountries (/Users/teajhaney/Desktop/Acode/2025/Project/backend/HNG/country-currency-exchange/src/controllers/country.controller.ts:13:22)',
  timestamp: '2025-10-24T20:42:43.420Z'
}
{
  service: 'country-currency-exchange',
  message: "Duplicate entry 'Israel' for key 'countries.name'",
  code: 'ER_DUP_ENTRY',
  errno: 1062,
  sql: '\n' +
    '        INSERT INTO countries (\n' +
    '          name, capital, region, population, currency_code, \n' +
    '          exchange_rate, estimated_gdp, flag_url\n' +
    '        ) VALUES (?, ?, ?, ?, ?, ?, ?, ?)\n' +
    '      ',
  sqlState: '23000',
  sqlMessage: "Duplicate entry 'Israel' for key 'countries.name'",
  level: 'warn',
  stack: "Error: Duplicate entry 'Israel' for key 'countries.name'\n" +
    '    at PromisePool.execute (/Users/teajhaney/Desktop/Acode/2025/Project/backend/HNG/country-currency-exchange/node_modules/mysql2/lib/promise/pool.js:54:22)\n' +
    '    at DatabaseService.execute (/Users/teajhaney/Desktop/Acode/2025/Project/backend/HNG/country-currency-exchange/src/common/config/database.ts:29:40)\n' +
    '    at CountryModel.create (/Users/teajhaney/Desktop/Acode/2025/Project/backend/HNG/country-currency-exchange/src/models/country.model.ts:26:37)\n' +
    '    at CountryService.refreshCountries (/Users/teajhaney/Desktop/Acode/2025/Project/backend/HNG/country-currency-exchange/src/services/country.service.ts:29:30)\n' +
    '    at processTicksAndRejections (node:internal/process/task_queues:105:5)\n' +
    '    at async refreshCountries (/Users/teajhaney/Desktop/Acode/2025/Project/backend/HNG/country-currency-exchange/src/controllers/country.controller.ts:13:22)',
  timestamp: '2025-10-24T20:42:43.421Z'
}
{
  service: 'country-currency-exchange',
  message: "Duplicate entry 'Italy' for key 'countries.name'",
  code: 'ER_DUP_ENTRY',
  errno: 1062,
  sql: '\n' +
    '        INSERT INTO countries (\n' +
    '          name, capital, region, population, currency_code, \n' +
    '          exchange_rate, estimated_gdp, flag_url\n' +
    '        ) VALUES (?, ?, ?, ?, ?, ?, ?, ?)\n' +
    '      ',
  sqlState: '23000',
  sqlMessage: "Duplicate entry 'Italy' for key 'countries.name'",
  level: 'error',
  stack: "Error: Duplicate entry 'Italy' for key 'countries.name'\n" +
    '    at PromisePool.execute (/Users/teajhaney/Desktop/Acode/2025/Project/backend/HNG/country-currency-exchange/node_modules/mysql2/lib/promise/pool.js:54:22)\n' +
    '    at DatabaseService.execute (/Users/teajhaney/Desktop/Acode/2025/Project/backend/HNG/country-currency-exchange/src/common/config/database.ts:29:40)\n' +
    '    at CountryModel.create (/Users/teajhaney/Desktop/Acode/2025/Project/backend/HNG/country-currency-exchange/src/models/country.model.ts:26:37)\n' +
    '    at CountryService.refreshCountries (/Users/teajhaney/Desktop/Acode/2025/Project/backend/HNG/country-currency-exchange/src/services/country.service.ts:29:30)\n' +
    '    at processTicksAndRejections (node:internal/process/task_queues:105:5)\n' +
    '    at async refreshCountries (/Users/teajhaney/Desktop/Acode/2025/Project/backend/HNG/country-currency-exchange/src/controllers/country.controller.ts:13:22)',
  timestamp: '2025-10-24T20:42:43.963Z'
}
{
  service: 'country-currency-exchange',
  message: "Duplicate entry 'Italy' for key 'countries.name'",
  code: 'ER_DUP_ENTRY',
  errno: 1062,
  sql: '\n' +
    '        INSERT INTO countries (\n' +
    '          name, capital, region, population, currency_code, \n' +
    '          exchange_rate, estimated_gdp, flag_url\n' +
    '        ) VALUES (?, ?, ?, ?, ?, ?, ?, ?)\n' +
    '      ',
  sqlState: '23000',
  sqlMessage: "Duplicate entry 'Italy' for key 'countries.name'",
  level: 'error',
  stack: "Error: Duplicate entry 'Italy' for key 'countries.name'\n" +
    '    at PromisePool.execute (/Users/teajhaney/Desktop/Acode/2025/Project/backend/HNG/country-currency-exchange/node_modules/mysql2/lib/promise/pool.js:54:22)\n' +
    '    at DatabaseService.execute (/Users/teajhaney/Desktop/Acode/2025/Project/backend/HNG/country-currency-exchange/src/common/config/database.ts:29:40)\n' +
    '    at CountryModel.create (/Users/teajhaney/Desktop/Acode/2025/Project/backend/HNG/country-currency-exchange/src/models/country.model.ts:26:37)\n' +
    '    at CountryService.refreshCountries (/Users/teajhaney/Desktop/Acode/2025/Project/backend/HNG/country-currency-exchange/src/services/country.service.ts:29:30)\n' +
    '    at processTicksAndRejections (node:internal/process/task_queues:105:5)\n' +
    '    at async refreshCountries (/Users/teajhaney/Desktop/Acode/2025/Project/backend/HNG/country-currency-exchange/src/controllers/country.controller.ts:13:22)',
  timestamp: '2025-10-24T20:42:43.964Z'
}
{
  service: 'country-currency-exchange',
  message: "Duplicate entry 'Italy' for key 'countries.name'",
  code: 'ER_DUP_ENTRY',
  errno: 1062,
  sql: '\n' +
    '        INSERT INTO countries (\n' +
    '          name, capital, region, population, currency_code, \n' +
    '          exchange_rate, estimated_gdp, flag_url\n' +
    '        ) VALUES (?, ?, ?, ?, ?, ?, ?, ?)\n' +
    '      ',
  sqlState: '23000',
  sqlMessage: "Duplicate entry 'Italy' for key 'countries.name'",
  level: 'warn',
  stack: "Error: Duplicate entry 'Italy' for key 'countries.name'\n" +
    '    at PromisePool.execute (/Users/teajhaney/Desktop/Acode/2025/Project/backend/HNG/country-currency-exchange/node_modules/mysql2/lib/promise/pool.js:54:22)\n' +
    '    at DatabaseService.execute (/Users/teajhaney/Desktop/Acode/2025/Project/backend/HNG/country-currency-exchange/src/common/config/database.ts:29:40)\n' +
    '    at CountryModel.create (/Users/teajhaney/Desktop/Acode/2025/Project/backend/HNG/country-currency-exchange/src/models/country.model.ts:26:37)\n' +
    '    at CountryService.refreshCountries (/Users/teajhaney/Desktop/Acode/2025/Project/backend/HNG/country-currency-exchange/src/services/country.service.ts:29:30)\n' +
    '    at processTicksAndRejections (node:internal/process/task_queues:105:5)\n' +
    '    at async refreshCountries (/Users/teajhaney/Desktop/Acode/2025/Project/backend/HNG/country-currency-exchange/src/controllers/country.controller.ts:13:22)',
  timestamp: '2025-10-24T20:42:43.965Z'
}
{
  service: 'country-currency-exchange',
  message: "Duplicate entry 'Jamaica' for key 'countries.name'",
  code: 'ER_DUP_ENTRY',
  errno: 1062,
  sql: '\n' +
    '        INSERT INTO countries (\n' +
    '          name, capital, region, population, currency_code, \n' +
    '          exchange_rate, estimated_gdp, flag_url\n' +
    '        ) VALUES (?, ?, ?, ?, ?, ?, ?, ?)\n' +
    '      ',
  sqlState: '23000',
  sqlMessage: "Duplicate entry 'Jamaica' for key 'countries.name'",
  level: 'error',
  stack: "Error: Duplicate entry 'Jamaica' for key 'countries.name'\n" +
    '    at PromisePool.execute (/Users/teajhaney/Desktop/Acode/2025/Project/backend/HNG/country-currency-exchange/node_modules/mysql2/lib/promise/pool.js:54:22)\n' +
    '    at DatabaseService.execute (/Users/teajhaney/Desktop/Acode/2025/Project/backend/HNG/country-currency-exchange/src/common/config/database.ts:29:40)\n' +
    '    at CountryModel.create (/Users/teajhaney/Desktop/Acode/2025/Project/backend/HNG/country-currency-exchange/src/models/country.model.ts:26:37)\n' +
    '    at CountryService.refreshCountries (/Users/teajhaney/Desktop/Acode/2025/Project/backend/HNG/country-currency-exchange/src/services/country.service.ts:29:30)\n' +
    '    at processTicksAndRejections (node:internal/process/task_queues:105:5)\n' +
    '    at async refreshCountries (/Users/teajhaney/Desktop/Acode/2025/Project/backend/HNG/country-currency-exchange/src/controllers/country.controller.ts:13:22)',
  timestamp: '2025-10-24T20:42:44.427Z'
}
{
  service: 'country-currency-exchange',
  message: "Duplicate entry 'Jamaica' for key 'countries.name'",
  code: 'ER_DUP_ENTRY',
  errno: 1062,
  sql: '\n' +
    '        INSERT INTO countries (\n' +
    '          name, capital, region, population, currency_code, \n' +
    '          exchange_rate, estimated_gdp, flag_url\n' +
    '        ) VALUES (?, ?, ?, ?, ?, ?, ?, ?)\n' +
    '      ',
  sqlState: '23000',
  sqlMessage: "Duplicate entry 'Jamaica' for key 'countries.name'",
  level: 'error',
  stack: "Error: Duplicate entry 'Jamaica' for key 'countries.name'\n" +
    '    at PromisePool.execute (/Users/teajhaney/Desktop/Acode/2025/Project/backend/HNG/country-currency-exchange/node_modules/mysql2/lib/promise/pool.js:54:22)\n' +
    '    at DatabaseService.execute (/Users/teajhaney/Desktop/Acode/2025/Project/backend/HNG/country-currency-exchange/src/common/config/database.ts:29:40)\n' +
    '    at CountryModel.create (/Users/teajhaney/Desktop/Acode/2025/Project/backend/HNG/country-currency-exchange/src/models/country.model.ts:26:37)\n' +
    '    at CountryService.refreshCountries (/Users/teajhaney/Desktop/Acode/2025/Project/backend/HNG/country-currency-exchange/src/services/country.service.ts:29:30)\n' +
    '    at processTicksAndRejections (node:internal/process/task_queues:105:5)\n' +
    '    at async refreshCountries (/Users/teajhaney/Desktop/Acode/2025/Project/backend/HNG/country-currency-exchange/src/controllers/country.controller.ts:13:22)',
  timestamp: '2025-10-24T20:42:44.428Z'
}
{
  service: 'country-currency-exchange',
  message: "Duplicate entry 'Jamaica' for key 'countries.name'",
  code: 'ER_DUP_ENTRY',
  errno: 1062,
  sql: '\n' +
    '        INSERT INTO countries (\n' +
    '          name, capital, region, population, currency_code, \n' +
    '          exchange_rate, estimated_gdp, flag_url\n' +
    '        ) VALUES (?, ?, ?, ?, ?, ?, ?, ?)\n' +
    '      ',
  sqlState: '23000',
  sqlMessage: "Duplicate entry 'Jamaica' for key 'countries.name'",
  level: 'warn',
  stack: "Error: Duplicate entry 'Jamaica' for key 'countries.name'\n" +
    '    at PromisePool.execute (/Users/teajhaney/Desktop/Acode/2025/Project/backend/HNG/country-currency-exchange/node_modules/mysql2/lib/promise/pool.js:54:22)\n' +
    '    at DatabaseService.execute (/Users/teajhaney/Desktop/Acode/2025/Project/backend/HNG/country-currency-exchange/src/common/config/database.ts:29:40)\n' +
    '    at CountryModel.create (/Users/teajhaney/Desktop/Acode/2025/Project/backend/HNG/country-currency-exchange/src/models/country.model.ts:26:37)\n' +
    '    at CountryService.refreshCountries (/Users/teajhaney/Desktop/Acode/2025/Project/backend/HNG/country-currency-exchange/src/services/country.service.ts:29:30)\n' +
    '    at processTicksAndRejections (node:internal/process/task_queues:105:5)\n' +
    '    at async refreshCountries (/Users/teajhaney/Desktop/Acode/2025/Project/backend/HNG/country-currency-exchange/src/controllers/country.controller.ts:13:22)',
  timestamp: '2025-10-24T20:42:44.428Z'
}
{
  service: 'country-currency-exchange',
  message: "Duplicate entry 'Japan' for key 'countries.name'",
  code: 'ER_DUP_ENTRY',
  errno: 1062,
  sql: '\n' +
    '        INSERT INTO countries (\n' +
    '          name, capital, region, population, currency_code, \n' +
    '          exchange_rate, estimated_gdp, flag_url\n' +
    '        ) VALUES (?, ?, ?, ?, ?, ?, ?, ?)\n' +
    '      ',
  sqlState: '23000',
  sqlMessage: "Duplicate entry 'Japan' for key 'countries.name'",
  level: 'error',
  stack: "Error: Duplicate entry 'Japan' for key 'countries.name'\n" +
    '    at PromisePool.execute (/Users/teajhaney/Desktop/Acode/2025/Project/backend/HNG/country-currency-exchange/node_modules/mysql2/lib/promise/pool.js:54:22)\n' +
    '    at DatabaseService.execute (/Users/teajhaney/Desktop/Acode/2025/Project/backend/HNG/country-currency-exchange/src/common/config/database.ts:29:40)\n' +
    '    at CountryModel.create (/Users/teajhaney/Desktop/Acode/2025/Project/backend/HNG/country-currency-exchange/src/models/country.model.ts:26:37)\n' +
    '    at CountryService.refreshCountries (/Users/teajhaney/Desktop/Acode/2025/Project/backend/HNG/country-currency-exchange/src/services/country.service.ts:29:30)\n' +
    '    at processTicksAndRejections (node:internal/process/task_queues:105:5)\n' +
    '    at async refreshCountries (/Users/teajhaney/Desktop/Acode/2025/Project/backend/HNG/country-currency-exchange/src/controllers/country.controller.ts:13:22)',
  timestamp: '2025-10-24T20:42:44.924Z'
}
{
  service: 'country-currency-exchange',
  message: "Duplicate entry 'Japan' for key 'countries.name'",
  code: 'ER_DUP_ENTRY',
  errno: 1062,
  sql: '\n' +
    '        INSERT INTO countries (\n' +
    '          name, capital, region, population, currency_code, \n' +
    '          exchange_rate, estimated_gdp, flag_url\n' +
    '        ) VALUES (?, ?, ?, ?, ?, ?, ?, ?)\n' +
    '      ',
  sqlState: '23000',
  sqlMessage: "Duplicate entry 'Japan' for key 'countries.name'",
  level: 'error',
  stack: "Error: Duplicate entry 'Japan' for key 'countries.name'\n" +
    '    at PromisePool.execute (/Users/teajhaney/Desktop/Acode/2025/Project/backend/HNG/country-currency-exchange/node_modules/mysql2/lib/promise/pool.js:54:22)\n' +
    '    at DatabaseService.execute (/Users/teajhaney/Desktop/Acode/2025/Project/backend/HNG/country-currency-exchange/src/common/config/database.ts:29:40)\n' +
    '    at CountryModel.create (/Users/teajhaney/Desktop/Acode/2025/Project/backend/HNG/country-currency-exchange/src/models/country.model.ts:26:37)\n' +
    '    at CountryService.refreshCountries (/Users/teajhaney/Desktop/Acode/2025/Project/backend/HNG/country-currency-exchange/src/services/country.service.ts:29:30)\n' +
    '    at processTicksAndRejections (node:internal/process/task_queues:105:5)\n' +
    '    at async refreshCountries (/Users/teajhaney/Desktop/Acode/2025/Project/backend/HNG/country-currency-exchange/src/controllers/country.controller.ts:13:22)',
  timestamp: '2025-10-24T20:42:44.924Z'
}
{
  service: 'country-currency-exchange',
  message: "Duplicate entry 'Japan' for key 'countries.name'",
  code: 'ER_DUP_ENTRY',
  errno: 1062,
  sql: '\n' +
    '        INSERT INTO countries (\n' +
    '          name, capital, region, population, currency_code, \n' +
    '          exchange_rate, estimated_gdp, flag_url\n' +
    '        ) VALUES (?, ?, ?, ?, ?, ?, ?, ?)\n' +
    '      ',
  sqlState: '23000',
  sqlMessage: "Duplicate entry 'Japan' for key 'countries.name'",
  level: 'warn',
  stack: "Error: Duplicate entry 'Japan' for key 'countries.name'\n" +
    '    at PromisePool.execute (/Users/teajhaney/Desktop/Acode/2025/Project/backend/HNG/country-currency-exchange/node_modules/mysql2/lib/promise/pool.js:54:22)\n' +
    '    at DatabaseService.execute (/Users/teajhaney/Desktop/Acode/2025/Project/backend/HNG/country-currency-exchange/src/common/config/database.ts:29:40)\n' +
    '    at CountryModel.create (/Users/teajhaney/Desktop/Acode/2025/Project/backend/HNG/country-currency-exchange/src/models/country.model.ts:26:37)\n' +
    '    at CountryService.refreshCountries (/Users/teajhaney/Desktop/Acode/2025/Project/backend/HNG/country-currency-exchange/src/services/country.service.ts:29:30)\n' +
    '    at processTicksAndRejections (node:internal/process/task_queues:105:5)\n' +
    '    at async refreshCountries (/Users/teajhaney/Desktop/Acode/2025/Project/backend/HNG/country-currency-exchange/src/controllers/country.controller.ts:13:22)',
  timestamp: '2025-10-24T20:42:44.924Z'
}
{
  service: 'country-currency-exchange',
  message: "Duplicate entry 'Jersey' for key 'countries.name'",
  code: 'ER_DUP_ENTRY',
  errno: 1062,
  sql: '\n' +
    '        INSERT INTO countries (\n' +
    '          name, capital, region, population, currency_code, \n' +
    '          exchange_rate, estimated_gdp, flag_url\n' +
    '        ) VALUES (?, ?, ?, ?, ?, ?, ?, ?)\n' +
    '      ',
  sqlState: '23000',
  sqlMessage: "Duplicate entry 'Jersey' for key 'countries.name'",
  level: 'error',
  stack: "Error: Duplicate entry 'Jersey' for key 'countries.name'\n" +
    '    at PromisePool.execute (/Users/teajhaney/Desktop/Acode/2025/Project/backend/HNG/country-currency-exchange/node_modules/mysql2/lib/promise/pool.js:54:22)\n' +
    '    at DatabaseService.execute (/Users/teajhaney/Desktop/Acode/2025/Project/backend/HNG/country-currency-exchange/src/common/config/database.ts:29:40)\n' +
    '    at CountryModel.create (/Users/teajhaney/Desktop/Acode/2025/Project/backend/HNG/country-currency-exchange/src/models/country.model.ts:26:37)\n' +
    '    at CountryService.refreshCountries (/Users/teajhaney/Desktop/Acode/2025/Project/backend/HNG/country-currency-exchange/src/services/country.service.ts:29:30)\n' +
    '    at processTicksAndRejections (node:internal/process/task_queues:105:5)\n' +
    '    at async refreshCountries (/Users/teajhaney/Desktop/Acode/2025/Project/backend/HNG/country-currency-exchange/src/controllers/country.controller.ts:13:22)',
  timestamp: '2025-10-24T20:42:45.420Z'
}
{
  service: 'country-currency-exchange',
  message: "Duplicate entry 'Jersey' for key 'countries.name'",
  code: 'ER_DUP_ENTRY',
  errno: 1062,
  sql: '\n' +
    '        INSERT INTO countries (\n' +
    '          name, capital, region, population, currency_code, \n' +
    '          exchange_rate, estimated_gdp, flag_url\n' +
    '        ) VALUES (?, ?, ?, ?, ?, ?, ?, ?)\n' +
    '      ',
  sqlState: '23000',
  sqlMessage: "Duplicate entry 'Jersey' for key 'countries.name'",
  level: 'error',
  stack: "Error: Duplicate entry 'Jersey' for key 'countries.name'\n" +
    '    at PromisePool.execute (/Users/teajhaney/Desktop/Acode/2025/Project/backend/HNG/country-currency-exchange/node_modules/mysql2/lib/promise/pool.js:54:22)\n' +
    '    at DatabaseService.execute (/Users/teajhaney/Desktop/Acode/2025/Project/backend/HNG/country-currency-exchange/src/common/config/database.ts:29:40)\n' +
    '    at CountryModel.create (/Users/teajhaney/Desktop/Acode/2025/Project/backend/HNG/country-currency-exchange/src/models/country.model.ts:26:37)\n' +
    '    at CountryService.refreshCountries (/Users/teajhaney/Desktop/Acode/2025/Project/backend/HNG/country-currency-exchange/src/services/country.service.ts:29:30)\n' +
    '    at processTicksAndRejections (node:internal/process/task_queues:105:5)\n' +
    '    at async refreshCountries (/Users/teajhaney/Desktop/Acode/2025/Project/backend/HNG/country-currency-exchange/src/controllers/country.controller.ts:13:22)',
  timestamp: '2025-10-24T20:42:45.420Z'
}
{
  service: 'country-currency-exchange',
  message: "Duplicate entry 'Jersey' for key 'countries.name'",
  code: 'ER_DUP_ENTRY',
  errno: 1062,
  sql: '\n' +
    '        INSERT INTO countries (\n' +
    '          name, capital, region, population, currency_code, \n' +
    '          exchange_rate, estimated_gdp, flag_url\n' +
    '        ) VALUES (?, ?, ?, ?, ?, ?, ?, ?)\n' +
    '      ',
  sqlState: '23000',
  sqlMessage: "Duplicate entry 'Jersey' for key 'countries.name'",
  level: 'warn',
  stack: "Error: Duplicate entry 'Jersey' for key 'countries.name'\n" +
    '    at PromisePool.execute (/Users/teajhaney/Desktop/Acode/2025/Project/backend/HNG/country-currency-exchange/node_modules/mysql2/lib/promise/pool.js:54:22)\n' +
    '    at DatabaseService.execute (/Users/teajhaney/Desktop/Acode/2025/Project/backend/HNG/country-currency-exchange/src/common/config/database.ts:29:40)\n' +
    '    at CountryModel.create (/Users/teajhaney/Desktop/Acode/2025/Project/backend/HNG/country-currency-exchange/src/models/country.model.ts:26:37)\n' +
    '    at CountryService.refreshCountries (/Users/teajhaney/Desktop/Acode/2025/Project/backend/HNG/country-currency-exchange/src/services/country.service.ts:29:30)\n' +
    '    at processTicksAndRejections (node:internal/process/task_queues:105:5)\n' +
    '    at async refreshCountries (/Users/teajhaney/Desktop/Acode/2025/Project/backend/HNG/country-currency-exchange/src/controllers/country.controller.ts:13:22)',
  timestamp: '2025-10-24T20:42:45.420Z'
}
{
  service: 'country-currency-exchange',
  message: "Duplicate entry 'Jordan' for key 'countries.name'",
  code: 'ER_DUP_ENTRY',
  errno: 1062,
  sql: '\n' +
    '        INSERT INTO countries (\n' +
    '          name, capital, region, population, currency_code, \n' +
    '          exchange_rate, estimated_gdp, flag_url\n' +
    '        ) VALUES (?, ?, ?, ?, ?, ?, ?, ?)\n' +
    '      ',
  sqlState: '23000',
  sqlMessage: "Duplicate entry 'Jordan' for key 'countries.name'",
  level: 'error',
  stack: "Error: Duplicate entry 'Jordan' for key 'countries.name'\n" +
    '    at PromisePool.execute (/Users/teajhaney/Desktop/Acode/2025/Project/backend/HNG/country-currency-exchange/node_modules/mysql2/lib/promise/pool.js:54:22)\n' +
    '    at DatabaseService.execute (/Users/teajhaney/Desktop/Acode/2025/Project/backend/HNG/country-currency-exchange/src/common/config/database.ts:29:40)\n' +
    '    at CountryModel.create (/Users/teajhaney/Desktop/Acode/2025/Project/backend/HNG/country-currency-exchange/src/models/country.model.ts:26:37)\n' +
    '    at CountryService.refreshCountries (/Users/teajhaney/Desktop/Acode/2025/Project/backend/HNG/country-currency-exchange/src/services/country.service.ts:29:30)\n' +
    '    at processTicksAndRejections (node:internal/process/task_queues:105:5)\n' +
    '    at async refreshCountries (/Users/teajhaney/Desktop/Acode/2025/Project/backend/HNG/country-currency-exchange/src/controllers/country.controller.ts:13:22)',
  timestamp: '2025-10-24T20:42:45.931Z'
}
{
  service: 'country-currency-exchange',
  message: "Duplicate entry 'Jordan' for key 'countries.name'",
  code: 'ER_DUP_ENTRY',
  errno: 1062,
  sql: '\n' +
    '        INSERT INTO countries (\n' +
    '          name, capital, region, population, currency_code, \n' +
    '          exchange_rate, estimated_gdp, flag_url\n' +
    '        ) VALUES (?, ?, ?, ?, ?, ?, ?, ?)\n' +
    '      ',
  sqlState: '23000',
  sqlMessage: "Duplicate entry 'Jordan' for key 'countries.name'",
  level: 'error',
  stack: "Error: Duplicate entry 'Jordan' for key 'countries.name'\n" +
    '    at PromisePool.execute (/Users/teajhaney/Desktop/Acode/2025/Project/backend/HNG/country-currency-exchange/node_modules/mysql2/lib/promise/pool.js:54:22)\n' +
    '    at DatabaseService.execute (/Users/teajhaney/Desktop/Acode/2025/Project/backend/HNG/country-currency-exchange/src/common/config/database.ts:29:40)\n' +
    '    at CountryModel.create (/Users/teajhaney/Desktop/Acode/2025/Project/backend/HNG/country-currency-exchange/src/models/country.model.ts:26:37)\n' +
    '    at CountryService.refreshCountries (/Users/teajhaney/Desktop/Acode/2025/Project/backend/HNG/country-currency-exchange/src/services/country.service.ts:29:30)\n' +
    '    at processTicksAndRejections (node:internal/process/task_queues:105:5)\n' +
    '    at async refreshCountries (/Users/teajhaney/Desktop/Acode/2025/Project/backend/HNG/country-currency-exchange/src/controllers/country.controller.ts:13:22)',
  timestamp: '2025-10-24T20:42:45.932Z'
}
{
  service: 'country-currency-exchange',
  message: "Duplicate entry 'Jordan' for key 'countries.name'",
  code: 'ER_DUP_ENTRY',
  errno: 1062,
  sql: '\n' +
    '        INSERT INTO countries (\n' +
    '          name, capital, region, population, currency_code, \n' +
    '          exchange_rate, estimated_gdp, flag_url\n' +
    '        ) VALUES (?, ?, ?, ?, ?, ?, ?, ?)\n' +
    '      ',
  sqlState: '23000',
  sqlMessage: "Duplicate entry 'Jordan' for key 'countries.name'",
  level: 'warn',
  stack: "Error: Duplicate entry 'Jordan' for key 'countries.name'\n" +
    '    at PromisePool.execute (/Users/teajhaney/Desktop/Acode/2025/Project/backend/HNG/country-currency-exchange/node_modules/mysql2/lib/promise/pool.js:54:22)\n' +
    '    at DatabaseService.execute (/Users/teajhaney/Desktop/Acode/2025/Project/backend/HNG/country-currency-exchange/src/common/config/database.ts:29:40)\n' +
    '    at CountryModel.create (/Users/teajhaney/Desktop/Acode/2025/Project/backend/HNG/country-currency-exchange/src/models/country.model.ts:26:37)\n' +
    '    at CountryService.refreshCountries (/Users/teajhaney/Desktop/Acode/2025/Project/backend/HNG/country-currency-exchange/src/services/country.service.ts:29:30)\n' +
    '    at processTicksAndRejections (node:internal/process/task_queues:105:5)\n' +
    '    at async refreshCountries (/Users/teajhaney/Desktop/Acode/2025/Project/backend/HNG/country-currency-exchange/src/controllers/country.controller.ts:13:22)',
  timestamp: '2025-10-24T20:42:45.932Z'
}
{
  service: 'country-currency-exchange',
  message: "Duplicate entry 'Kazakhstan' for key 'countries.name'",
  code: 'ER_DUP_ENTRY',
  errno: 1062,
  sql: '\n' +
    '        INSERT INTO countries (\n' +
    '          name, capital, region, population, currency_code, \n' +
    '          exchange_rate, estimated_gdp, flag_url\n' +
    '        ) VALUES (?, ?, ?, ?, ?, ?, ?, ?)\n' +
    '      ',
  sqlState: '23000',
  sqlMessage: "Duplicate entry 'Kazakhstan' for key 'countries.name'",
  level: 'error',
  stack: "Error: Duplicate entry 'Kazakhstan' for key 'countries.name'\n" +
    '    at PromisePool.execute (/Users/teajhaney/Desktop/Acode/2025/Project/backend/HNG/country-currency-exchange/node_modules/mysql2/lib/promise/pool.js:54:22)\n' +
    '    at DatabaseService.execute (/Users/teajhaney/Desktop/Acode/2025/Project/backend/HNG/country-currency-exchange/src/common/config/database.ts:29:40)\n' +
    '    at CountryModel.create (/Users/teajhaney/Desktop/Acode/2025/Project/backend/HNG/country-currency-exchange/src/models/country.model.ts:26:37)\n' +
    '    at CountryService.refreshCountries (/Users/teajhaney/Desktop/Acode/2025/Project/backend/HNG/country-currency-exchange/src/services/country.service.ts:29:30)\n' +
    '    at processTicksAndRejections (node:internal/process/task_queues:105:5)\n' +
    '    at async refreshCountries (/Users/teajhaney/Desktop/Acode/2025/Project/backend/HNG/country-currency-exchange/src/controllers/country.controller.ts:13:22)',
  timestamp: '2025-10-24T20:42:46.448Z'
}
{
  service: 'country-currency-exchange',
  message: "Duplicate entry 'Kazakhstan' for key 'countries.name'",
  code: 'ER_DUP_ENTRY',
  errno: 1062,
  sql: '\n' +
    '        INSERT INTO countries (\n' +
    '          name, capital, region, population, currency_code, \n' +
    '          exchange_rate, estimated_gdp, flag_url\n' +
    '        ) VALUES (?, ?, ?, ?, ?, ?, ?, ?)\n' +
    '      ',
  sqlState: '23000',
  sqlMessage: "Duplicate entry 'Kazakhstan' for key 'countries.name'",
  level: 'error',
  stack: "Error: Duplicate entry 'Kazakhstan' for key 'countries.name'\n" +
    '    at PromisePool.execute (/Users/teajhaney/Desktop/Acode/2025/Project/backend/HNG/country-currency-exchange/node_modules/mysql2/lib/promise/pool.js:54:22)\n' +
    '    at DatabaseService.execute (/Users/teajhaney/Desktop/Acode/2025/Project/backend/HNG/country-currency-exchange/src/common/config/database.ts:29:40)\n' +
    '    at CountryModel.create (/Users/teajhaney/Desktop/Acode/2025/Project/backend/HNG/country-currency-exchange/src/models/country.model.ts:26:37)\n' +
    '    at CountryService.refreshCountries (/Users/teajhaney/Desktop/Acode/2025/Project/backend/HNG/country-currency-exchange/src/services/country.service.ts:29:30)\n' +
    '    at processTicksAndRejections (node:internal/process/task_queues:105:5)\n' +
    '    at async refreshCountries (/Users/teajhaney/Desktop/Acode/2025/Project/backend/HNG/country-currency-exchange/src/controllers/country.controller.ts:13:22)',
  timestamp: '2025-10-24T20:42:46.449Z'
}
{
  service: 'country-currency-exchange',
  message: "Duplicate entry 'Kazakhstan' for key 'countries.name'",
  code: 'ER_DUP_ENTRY',
  errno: 1062,
  sql: '\n' +
    '        INSERT INTO countries (\n' +
    '          name, capital, region, population, currency_code, \n' +
    '          exchange_rate, estimated_gdp, flag_url\n' +
    '        ) VALUES (?, ?, ?, ?, ?, ?, ?, ?)\n' +
    '      ',
  sqlState: '23000',
  sqlMessage: "Duplicate entry 'Kazakhstan' for key 'countries.name'",
  level: 'warn',
  stack: "Error: Duplicate entry 'Kazakhstan' for key 'countries.name'\n" +
    '    at PromisePool.execute (/Users/teajhaney/Desktop/Acode/2025/Project/backend/HNG/country-currency-exchange/node_modules/mysql2/lib/promise/pool.js:54:22)\n' +
    '    at DatabaseService.execute (/Users/teajhaney/Desktop/Acode/2025/Project/backend/HNG/country-currency-exchange/src/common/config/database.ts:29:40)\n' +
    '    at CountryModel.create (/Users/teajhaney/Desktop/Acode/2025/Project/backend/HNG/country-currency-exchange/src/models/country.model.ts:26:37)\n' +
    '    at CountryService.refreshCountries (/Users/teajhaney/Desktop/Acode/2025/Project/backend/HNG/country-currency-exchange/src/services/country.service.ts:29:30)\n' +
    '    at processTicksAndRejections (node:internal/process/task_queues:105:5)\n' +
    '    at async refreshCountries (/Users/teajhaney/Desktop/Acode/2025/Project/backend/HNG/country-currency-exchange/src/controllers/country.controller.ts:13:22)',
  timestamp: '2025-10-24T20:42:46.451Z'
}
{
  service: 'country-currency-exchange',
  message: "Duplicate entry 'Kenya' for key 'countries.name'",
  code: 'ER_DUP_ENTRY',
  errno: 1062,
  sql: '\n' +
    '        INSERT INTO countries (\n' +
    '          name, capital, region, population, currency_code, \n' +
    '          exchange_rate, estimated_gdp, flag_url\n' +
    '        ) VALUES (?, ?, ?, ?, ?, ?, ?, ?)\n' +
    '      ',
  sqlState: '23000',
  sqlMessage: "Duplicate entry 'Kenya' for key 'countries.name'",
  level: 'error',
  stack: "Error: Duplicate entry 'Kenya' for key 'countries.name'\n" +
    '    at PromisePool.execute (/Users/teajhaney/Desktop/Acode/2025/Project/backend/HNG/country-currency-exchange/node_modules/mysql2/lib/promise/pool.js:54:22)\n' +
    '    at DatabaseService.execute (/Users/teajhaney/Desktop/Acode/2025/Project/backend/HNG/country-currency-exchange/src/common/config/database.ts:29:40)\n' +
    '    at CountryModel.create (/Users/teajhaney/Desktop/Acode/2025/Project/backend/HNG/country-currency-exchange/src/models/country.model.ts:26:37)\n' +
    '    at CountryService.refreshCountries (/Users/teajhaney/Desktop/Acode/2025/Project/backend/HNG/country-currency-exchange/src/services/country.service.ts:29:30)\n' +
    '    at processTicksAndRejections (node:internal/process/task_queues:105:5)\n' +
    '    at async refreshCountries (/Users/teajhaney/Desktop/Acode/2025/Project/backend/HNG/country-currency-exchange/src/controllers/country.controller.ts:13:22)',
  timestamp: '2025-10-24T20:42:46.939Z'
}
{
  service: 'country-currency-exchange',
  message: "Duplicate entry 'Kenya' for key 'countries.name'",
  code: 'ER_DUP_ENTRY',
  errno: 1062,
  sql: '\n' +
    '        INSERT INTO countries (\n' +
    '          name, capital, region, population, currency_code, \n' +
    '          exchange_rate, estimated_gdp, flag_url\n' +
    '        ) VALUES (?, ?, ?, ?, ?, ?, ?, ?)\n' +
    '      ',
  sqlState: '23000',
  sqlMessage: "Duplicate entry 'Kenya' for key 'countries.name'",
  level: 'error',
  stack: "Error: Duplicate entry 'Kenya' for key 'countries.name'\n" +
    '    at PromisePool.execute (/Users/teajhaney/Desktop/Acode/2025/Project/backend/HNG/country-currency-exchange/node_modules/mysql2/lib/promise/pool.js:54:22)\n' +
    '    at DatabaseService.execute (/Users/teajhaney/Desktop/Acode/2025/Project/backend/HNG/country-currency-exchange/src/common/config/database.ts:29:40)\n' +
    '    at CountryModel.create (/Users/teajhaney/Desktop/Acode/2025/Project/backend/HNG/country-currency-exchange/src/models/country.model.ts:26:37)\n' +
    '    at CountryService.refreshCountries (/Users/teajhaney/Desktop/Acode/2025/Project/backend/HNG/country-currency-exchange/src/services/country.service.ts:29:30)\n' +
    '    at processTicksAndRejections (node:internal/process/task_queues:105:5)\n' +
    '    at async refreshCountries (/Users/teajhaney/Desktop/Acode/2025/Project/backend/HNG/country-currency-exchange/src/controllers/country.controller.ts:13:22)',
  timestamp: '2025-10-24T20:42:46.940Z'
}
{
  service: 'country-currency-exchange',
  message: "Duplicate entry 'Kenya' for key 'countries.name'",
  code: 'ER_DUP_ENTRY',
  errno: 1062,
  sql: '\n' +
    '        INSERT INTO countries (\n' +
    '          name, capital, region, population, currency_code, \n' +
    '          exchange_rate, estimated_gdp, flag_url\n' +
    '        ) VALUES (?, ?, ?, ?, ?, ?, ?, ?)\n' +
    '      ',
  sqlState: '23000',
  sqlMessage: "Duplicate entry 'Kenya' for key 'countries.name'",
  level: 'warn',
  stack: "Error: Duplicate entry 'Kenya' for key 'countries.name'\n" +
    '    at PromisePool.execute (/Users/teajhaney/Desktop/Acode/2025/Project/backend/HNG/country-currency-exchange/node_modules/mysql2/lib/promise/pool.js:54:22)\n' +
    '    at DatabaseService.execute (/Users/teajhaney/Desktop/Acode/2025/Project/backend/HNG/country-currency-exchange/src/common/config/database.ts:29:40)\n' +
    '    at CountryModel.create (/Users/teajhaney/Desktop/Acode/2025/Project/backend/HNG/country-currency-exchange/src/models/country.model.ts:26:37)\n' +
    '    at CountryService.refreshCountries (/Users/teajhaney/Desktop/Acode/2025/Project/backend/HNG/country-currency-exchange/src/services/country.service.ts:29:30)\n' +
    '    at processTicksAndRejections (node:internal/process/task_queues:105:5)\n' +
    '    at async refreshCountries (/Users/teajhaney/Desktop/Acode/2025/Project/backend/HNG/country-currency-exchange/src/controllers/country.controller.ts:13:22)',
  timestamp: '2025-10-24T20:42:46.941Z'
}
{
  service: 'country-currency-exchange',
  message: "Duplicate entry 'Kiribati' for key 'countries.name'",
  code: 'ER_DUP_ENTRY',
  errno: 1062,
  sql: '\n' +
    '        INSERT INTO countries (\n' +
    '          name, capital, region, population, currency_code, \n' +
    '          exchange_rate, estimated_gdp, flag_url\n' +
    '        ) VALUES (?, ?, ?, ?, ?, ?, ?, ?)\n' +
    '      ',
  sqlState: '23000',
  sqlMessage: "Duplicate entry 'Kiribati' for key 'countries.name'",
  level: 'error',
  stack: "Error: Duplicate entry 'Kiribati' for key 'countries.name'\n" +
    '    at PromisePool.execute (/Users/teajhaney/Desktop/Acode/2025/Project/backend/HNG/country-currency-exchange/node_modules/mysql2/lib/promise/pool.js:54:22)\n' +
    '    at DatabaseService.execute (/Users/teajhaney/Desktop/Acode/2025/Project/backend/HNG/country-currency-exchange/src/common/config/database.ts:29:40)\n' +
    '    at CountryModel.create (/Users/teajhaney/Desktop/Acode/2025/Project/backend/HNG/country-currency-exchange/src/models/country.model.ts:26:37)\n' +
    '    at CountryService.refreshCountries (/Users/teajhaney/Desktop/Acode/2025/Project/backend/HNG/country-currency-exchange/src/services/country.service.ts:29:30)\n' +
    '    at processTicksAndRejections (node:internal/process/task_queues:105:5)\n' +
    '    at async refreshCountries (/Users/teajhaney/Desktop/Acode/2025/Project/backend/HNG/country-currency-exchange/src/controllers/country.controller.ts:13:22)',
  timestamp: '2025-10-24T20:42:47.453Z'
}
{
  service: 'country-currency-exchange',
  message: "Duplicate entry 'Kiribati' for key 'countries.name'",
  code: 'ER_DUP_ENTRY',
  errno: 1062,
  sql: '\n' +
    '        INSERT INTO countries (\n' +
    '          name, capital, region, population, currency_code, \n' +
    '          exchange_rate, estimated_gdp, flag_url\n' +
    '        ) VALUES (?, ?, ?, ?, ?, ?, ?, ?)\n' +
    '      ',
  sqlState: '23000',
  sqlMessage: "Duplicate entry 'Kiribati' for key 'countries.name'",
  level: 'error',
  stack: "Error: Duplicate entry 'Kiribati' for key 'countries.name'\n" +
    '    at PromisePool.execute (/Users/teajhaney/Desktop/Acode/2025/Project/backend/HNG/country-currency-exchange/node_modules/mysql2/lib/promise/pool.js:54:22)\n' +
    '    at DatabaseService.execute (/Users/teajhaney/Desktop/Acode/2025/Project/backend/HNG/country-currency-exchange/src/common/config/database.ts:29:40)\n' +
    '    at CountryModel.create (/Users/teajhaney/Desktop/Acode/2025/Project/backend/HNG/country-currency-exchange/src/models/country.model.ts:26:37)\n' +
    '    at CountryService.refreshCountries (/Users/teajhaney/Desktop/Acode/2025/Project/backend/HNG/country-currency-exchange/src/services/country.service.ts:29:30)\n' +
    '    at processTicksAndRejections (node:internal/process/task_queues:105:5)\n' +
    '    at async refreshCountries (/Users/teajhaney/Desktop/Acode/2025/Project/backend/HNG/country-currency-exchange/src/controllers/country.controller.ts:13:22)',
  timestamp: '2025-10-24T20:42:47.453Z'
}
{
  service: 'country-currency-exchange',
  message: "Duplicate entry 'Kiribati' for key 'countries.name'",
  code: 'ER_DUP_ENTRY',
  errno: 1062,
  sql: '\n' +
    '        INSERT INTO countries (\n' +
    '          name, capital, region, population, currency_code, \n' +
    '          exchange_rate, estimated_gdp, flag_url\n' +
    '        ) VALUES (?, ?, ?, ?, ?, ?, ?, ?)\n' +
    '      ',
  sqlState: '23000',
  sqlMessage: "Duplicate entry 'Kiribati' for key 'countries.name'",
  level: 'warn',
  stack: "Error: Duplicate entry 'Kiribati' for key 'countries.name'\n" +
    '    at PromisePool.execute (/Users/teajhaney/Desktop/Acode/2025/Project/backend/HNG/country-currency-exchange/node_modules/mysql2/lib/promise/pool.js:54:22)\n' +
    '    at DatabaseService.execute (/Users/teajhaney/Desktop/Acode/2025/Project/backend/HNG/country-currency-exchange/src/common/config/database.ts:29:40)\n' +
    '    at CountryModel.create (/Users/teajhaney/Desktop/Acode/2025/Project/backend/HNG/country-currency-exchange/src/models/country.model.ts:26:37)\n' +
    '    at CountryService.refreshCountries (/Users/teajhaney/Desktop/Acode/2025/Project/backend/HNG/country-currency-exchange/src/services/country.service.ts:29:30)\n' +
    '    at processTicksAndRejections (node:internal/process/task_queues:105:5)\n' +
    '    at async refreshCountries (/Users/teajhaney/Desktop/Acode/2025/Project/backend/HNG/country-currency-exchange/src/controllers/country.controller.ts:13:22)',
  timestamp: '2025-10-24T20:42:47.453Z'
}
{
  service: 'country-currency-exchange',
  message: "Duplicate entry 'Kuwait' for key 'countries.name'",
  code: 'ER_DUP_ENTRY',
  errno: 1062,
  sql: '\n' +
    '        INSERT INTO countries (\n' +
    '          name, capital, region, population, currency_code, \n' +
    '          exchange_rate, estimated_gdp, flag_url\n' +
    '        ) VALUES (?, ?, ?, ?, ?, ?, ?, ?)\n' +
    '      ',
  sqlState: '23000',
  sqlMessage: "Duplicate entry 'Kuwait' for key 'countries.name'",
  level: 'error',
  stack: "Error: Duplicate entry 'Kuwait' for key 'countries.name'\n" +
    '    at PromisePool.execute (/Users/teajhaney/Desktop/Acode/2025/Project/backend/HNG/country-currency-exchange/node_modules/mysql2/lib/promise/pool.js:54:22)\n' +
    '    at DatabaseService.execute (/Users/teajhaney/Desktop/Acode/2025/Project/backend/HNG/country-currency-exchange/src/common/config/database.ts:29:40)\n' +
    '    at CountryModel.create (/Users/teajhaney/Desktop/Acode/2025/Project/backend/HNG/country-currency-exchange/src/models/country.model.ts:26:37)\n' +
    '    at CountryService.refreshCountries (/Users/teajhaney/Desktop/Acode/2025/Project/backend/HNG/country-currency-exchange/src/services/country.service.ts:29:30)\n' +
    '    at processTicksAndRejections (node:internal/process/task_queues:105:5)\n' +
    '    at async refreshCountries (/Users/teajhaney/Desktop/Acode/2025/Project/backend/HNG/country-currency-exchange/src/controllers/country.controller.ts:13:22)',
  timestamp: '2025-10-24T20:42:47.963Z'
}
{
  service: 'country-currency-exchange',
  message: "Duplicate entry 'Kuwait' for key 'countries.name'",
  code: 'ER_DUP_ENTRY',
  errno: 1062,
  sql: '\n' +
    '        INSERT INTO countries (\n' +
    '          name, capital, region, population, currency_code, \n' +
    '          exchange_rate, estimated_gdp, flag_url\n' +
    '        ) VALUES (?, ?, ?, ?, ?, ?, ?, ?)\n' +
    '      ',
  sqlState: '23000',
  sqlMessage: "Duplicate entry 'Kuwait' for key 'countries.name'",
  level: 'error',
  stack: "Error: Duplicate entry 'Kuwait' for key 'countries.name'\n" +
    '    at PromisePool.execute (/Users/teajhaney/Desktop/Acode/2025/Project/backend/HNG/country-currency-exchange/node_modules/mysql2/lib/promise/pool.js:54:22)\n' +
    '    at DatabaseService.execute (/Users/teajhaney/Desktop/Acode/2025/Project/backend/HNG/country-currency-exchange/src/common/config/database.ts:29:40)\n' +
    '    at CountryModel.create (/Users/teajhaney/Desktop/Acode/2025/Project/backend/HNG/country-currency-exchange/src/models/country.model.ts:26:37)\n' +
    '    at CountryService.refreshCountries (/Users/teajhaney/Desktop/Acode/2025/Project/backend/HNG/country-currency-exchange/src/services/country.service.ts:29:30)\n' +
    '    at processTicksAndRejections (node:internal/process/task_queues:105:5)\n' +
    '    at async refreshCountries (/Users/teajhaney/Desktop/Acode/2025/Project/backend/HNG/country-currency-exchange/src/controllers/country.controller.ts:13:22)',
  timestamp: '2025-10-24T20:42:47.963Z'
}
{
  service: 'country-currency-exchange',
  message: "Duplicate entry 'Kuwait' for key 'countries.name'",
  code: 'ER_DUP_ENTRY',
  errno: 1062,
  sql: '\n' +
    '        INSERT INTO countries (\n' +
    '          name, capital, region, population, currency_code, \n' +
    '          exchange_rate, estimated_gdp, flag_url\n' +
    '        ) VALUES (?, ?, ?, ?, ?, ?, ?, ?)\n' +
    '      ',
  sqlState: '23000',
  sqlMessage: "Duplicate entry 'Kuwait' for key 'countries.name'",
  level: 'warn',
  stack: "Error: Duplicate entry 'Kuwait' for key 'countries.name'\n" +
    '    at PromisePool.execute (/Users/teajhaney/Desktop/Acode/2025/Project/backend/HNG/country-currency-exchange/node_modules/mysql2/lib/promise/pool.js:54:22)\n' +
    '    at DatabaseService.execute (/Users/teajhaney/Desktop/Acode/2025/Project/backend/HNG/country-currency-exchange/src/common/config/database.ts:29:40)\n' +
    '    at CountryModel.create (/Users/teajhaney/Desktop/Acode/2025/Project/backend/HNG/country-currency-exchange/src/models/country.model.ts:26:37)\n' +
    '    at CountryService.refreshCountries (/Users/teajhaney/Desktop/Acode/2025/Project/backend/HNG/country-currency-exchange/src/services/country.service.ts:29:30)\n' +
    '    at processTicksAndRejections (node:internal/process/task_queues:105:5)\n' +
    '    at async refreshCountries (/Users/teajhaney/Desktop/Acode/2025/Project/backend/HNG/country-currency-exchange/src/controllers/country.controller.ts:13:22)',
  timestamp: '2025-10-24T20:42:47.964Z'
}
{
  service: 'country-currency-exchange',
  message: "Duplicate entry 'Kyrgyzstan' for key 'countries.name'",
  code: 'ER_DUP_ENTRY',
  errno: 1062,
  sql: '\n' +
    '        INSERT INTO countries (\n' +
    '          name, capital, region, population, currency_code, \n' +
    '          exchange_rate, estimated_gdp, flag_url\n' +
    '        ) VALUES (?, ?, ?, ?, ?, ?, ?, ?)\n' +
    '      ',
  sqlState: '23000',
  sqlMessage: "Duplicate entry 'Kyrgyzstan' for key 'countries.name'",
  level: 'error',
  stack: "Error: Duplicate entry 'Kyrgyzstan' for key 'countries.name'\n" +
    '    at PromisePool.execute (/Users/teajhaney/Desktop/Acode/2025/Project/backend/HNG/country-currency-exchange/node_modules/mysql2/lib/promise/pool.js:54:22)\n' +
    '    at DatabaseService.execute (/Users/teajhaney/Desktop/Acode/2025/Project/backend/HNG/country-currency-exchange/src/common/config/database.ts:29:40)\n' +
    '    at CountryModel.create (/Users/teajhaney/Desktop/Acode/2025/Project/backend/HNG/country-currency-exchange/src/models/country.model.ts:26:37)\n' +
    '    at CountryService.refreshCountries (/Users/teajhaney/Desktop/Acode/2025/Project/backend/HNG/country-currency-exchange/src/services/country.service.ts:29:30)\n' +
    '    at processTicksAndRejections (node:internal/process/task_queues:105:5)\n' +
    '    at async refreshCountries (/Users/teajhaney/Desktop/Acode/2025/Project/backend/HNG/country-currency-exchange/src/controllers/country.controller.ts:13:22)',
  timestamp: '2025-10-24T20:42:49.255Z'
}
{
  service: 'country-currency-exchange',
  message: "Duplicate entry 'Kyrgyzstan' for key 'countries.name'",
  code: 'ER_DUP_ENTRY',
  errno: 1062,
  sql: '\n' +
    '        INSERT INTO countries (\n' +
    '          name, capital, region, population, currency_code, \n' +
    '          exchange_rate, estimated_gdp, flag_url\n' +
    '        ) VALUES (?, ?, ?, ?, ?, ?, ?, ?)\n' +
    '      ',
  sqlState: '23000',
  sqlMessage: "Duplicate entry 'Kyrgyzstan' for key 'countries.name'",
  level: 'error',
  stack: "Error: Duplicate entry 'Kyrgyzstan' for key 'countries.name'\n" +
    '    at PromisePool.execute (/Users/teajhaney/Desktop/Acode/2025/Project/backend/HNG/country-currency-exchange/node_modules/mysql2/lib/promise/pool.js:54:22)\n' +
    '    at DatabaseService.execute (/Users/teajhaney/Desktop/Acode/2025/Project/backend/HNG/country-currency-exchange/src/common/config/database.ts:29:40)\n' +
    '    at CountryModel.create (/Users/teajhaney/Desktop/Acode/2025/Project/backend/HNG/country-currency-exchange/src/models/country.model.ts:26:37)\n' +
    '    at CountryService.refreshCountries (/Users/teajhaney/Desktop/Acode/2025/Project/backend/HNG/country-currency-exchange/src/services/country.service.ts:29:30)\n' +
    '    at processTicksAndRejections (node:internal/process/task_queues:105:5)\n' +
    '    at async refreshCountries (/Users/teajhaney/Desktop/Acode/2025/Project/backend/HNG/country-currency-exchange/src/controllers/country.controller.ts:13:22)',
  timestamp: '2025-10-24T20:42:49.256Z'
}
{
  service: 'country-currency-exchange',
  message: "Duplicate entry 'Kyrgyzstan' for key 'countries.name'",
  code: 'ER_DUP_ENTRY',
  errno: 1062,
  sql: '\n' +
    '        INSERT INTO countries (\n' +
    '          name, capital, region, population, currency_code, \n' +
    '          exchange_rate, estimated_gdp, flag_url\n' +
    '        ) VALUES (?, ?, ?, ?, ?, ?, ?, ?)\n' +
    '      ',
  sqlState: '23000',
  sqlMessage: "Duplicate entry 'Kyrgyzstan' for key 'countries.name'",
  level: 'warn',
  stack: "Error: Duplicate entry 'Kyrgyzstan' for key 'countries.name'\n" +
    '    at PromisePool.execute (/Users/teajhaney/Desktop/Acode/2025/Project/backend/HNG/country-currency-exchange/node_modules/mysql2/lib/promise/pool.js:54:22)\n' +
    '    at DatabaseService.execute (/Users/teajhaney/Desktop/Acode/2025/Project/backend/HNG/country-currency-exchange/src/common/config/database.ts:29:40)\n' +
    '    at CountryModel.create (/Users/teajhaney/Desktop/Acode/2025/Project/backend/HNG/country-currency-exchange/src/models/country.model.ts:26:37)\n' +
    '    at CountryService.refreshCountries (/Users/teajhaney/Desktop/Acode/2025/Project/backend/HNG/country-currency-exchange/src/services/country.service.ts:29:30)\n' +
    '    at processTicksAndRejections (node:internal/process/task_queues:105:5)\n' +
    '    at async refreshCountries (/Users/teajhaney/Desktop/Acode/2025/Project/backend/HNG/country-currency-exchange/src/controllers/country.controller.ts:13:22)',
  timestamp: '2025-10-24T20:42:49.257Z'
}
{
  service: 'country-currency-exchange',
  message: "Duplicate entry 'Lao People's Democratic Republic' for key 'countries.name'",
  code: 'ER_DUP_ENTRY',
  errno: 1062,
  sql: '\n' +
    '        INSERT INTO countries (\n' +
    '          name, capital, region, population, currency_code, \n' +
    '          exchange_rate, estimated_gdp, flag_url\n' +
    '        ) VALUES (?, ?, ?, ?, ?, ?, ?, ?)\n' +
    '      ',
  sqlState: '23000',
  sqlMessage: "Duplicate entry 'Lao People's Democratic Republic' for key 'countries.name'",
  level: 'error',
  stack: "Error: Duplicate entry 'Lao People's Democratic Republic' for key 'countries.name'\n" +
    '    at PromisePool.execute (/Users/teajhaney/Desktop/Acode/2025/Project/backend/HNG/country-currency-exchange/node_modules/mysql2/lib/promise/pool.js:54:22)\n' +
    '    at DatabaseService.execute (/Users/teajhaney/Desktop/Acode/2025/Project/backend/HNG/country-currency-exchange/src/common/config/database.ts:29:40)\n' +
    '    at CountryModel.create (/Users/teajhaney/Desktop/Acode/2025/Project/backend/HNG/country-currency-exchange/src/models/country.model.ts:26:37)\n' +
    '    at CountryService.refreshCountries (/Users/teajhaney/Desktop/Acode/2025/Project/backend/HNG/country-currency-exchange/src/services/country.service.ts:29:30)\n' +
    '    at processTicksAndRejections (node:internal/process/task_queues:105:5)\n' +
    '    at async refreshCountries (/Users/teajhaney/Desktop/Acode/2025/Project/backend/HNG/country-currency-exchange/src/controllers/country.controller.ts:13:22)',
  timestamp: '2025-10-24T20:42:49.793Z'
}
{
  service: 'country-currency-exchange',
  message: "Duplicate entry 'Lao People's Democratic Republic' for key 'countries.name'",
  code: 'ER_DUP_ENTRY',
  errno: 1062,
  sql: '\n' +
    '        INSERT INTO countries (\n' +
    '          name, capital, region, population, currency_code, \n' +
    '          exchange_rate, estimated_gdp, flag_url\n' +
    '        ) VALUES (?, ?, ?, ?, ?, ?, ?, ?)\n' +
    '      ',
  sqlState: '23000',
  sqlMessage: "Duplicate entry 'Lao People's Democratic Republic' for key 'countries.name'",
  level: 'error',
  stack: "Error: Duplicate entry 'Lao People's Democratic Republic' for key 'countries.name'\n" +
    '    at PromisePool.execute (/Users/teajhaney/Desktop/Acode/2025/Project/backend/HNG/country-currency-exchange/node_modules/mysql2/lib/promise/pool.js:54:22)\n' +
    '    at DatabaseService.execute (/Users/teajhaney/Desktop/Acode/2025/Project/backend/HNG/country-currency-exchange/src/common/config/database.ts:29:40)\n' +
    '    at CountryModel.create (/Users/teajhaney/Desktop/Acode/2025/Project/backend/HNG/country-currency-exchange/src/models/country.model.ts:26:37)\n' +
    '    at CountryService.refreshCountries (/Users/teajhaney/Desktop/Acode/2025/Project/backend/HNG/country-currency-exchange/src/services/country.service.ts:29:30)\n' +
    '    at processTicksAndRejections (node:internal/process/task_queues:105:5)\n' +
    '    at async refreshCountries (/Users/teajhaney/Desktop/Acode/2025/Project/backend/HNG/country-currency-exchange/src/controllers/country.controller.ts:13:22)',
  timestamp: '2025-10-24T20:42:49.793Z'
}
{
  service: 'country-currency-exchange',
  message: "Duplicate entry 'Lao People's Democratic Republic' for key 'countries.name'",
  code: 'ER_DUP_ENTRY',
  errno: 1062,
  sql: '\n' +
    '        INSERT INTO countries (\n' +
    '          name, capital, region, population, currency_code, \n' +
    '          exchange_rate, estimated_gdp, flag_url\n' +
    '        ) VALUES (?, ?, ?, ?, ?, ?, ?, ?)\n' +
    '      ',
  sqlState: '23000',
  sqlMessage: "Duplicate entry 'Lao People's Democratic Republic' for key 'countries.name'",
  level: 'warn',
  stack: "Error: Duplicate entry 'Lao People's Democratic Republic' for key 'countries.name'\n" +
    '    at PromisePool.execute (/Users/teajhaney/Desktop/Acode/2025/Project/backend/HNG/country-currency-exchange/node_modules/mysql2/lib/promise/pool.js:54:22)\n' +
    '    at DatabaseService.execute (/Users/teajhaney/Desktop/Acode/2025/Project/backend/HNG/country-currency-exchange/src/common/config/database.ts:29:40)\n' +
    '    at CountryModel.create (/Users/teajhaney/Desktop/Acode/2025/Project/backend/HNG/country-currency-exchange/src/models/country.model.ts:26:37)\n' +
    '    at CountryService.refreshCountries (/Users/teajhaney/Desktop/Acode/2025/Project/backend/HNG/country-currency-exchange/src/services/country.service.ts:29:30)\n' +
    '    at processTicksAndRejections (node:internal/process/task_queues:105:5)\n' +
    '    at async refreshCountries (/Users/teajhaney/Desktop/Acode/2025/Project/backend/HNG/country-currency-exchange/src/controllers/country.controller.ts:13:22)',
  timestamp: '2025-10-24T20:42:49.794Z'
}
{
  service: 'country-currency-exchange',
  message: "Duplicate entry 'Latvia' for key 'countries.name'",
  code: 'ER_DUP_ENTRY',
  errno: 1062,
  sql: '\n' +
    '        INSERT INTO countries (\n' +
    '          name, capital, region, population, currency_code, \n' +
    '          exchange_rate, estimated_gdp, flag_url\n' +
    '        ) VALUES (?, ?, ?, ?, ?, ?, ?, ?)\n' +
    '      ',
  sqlState: '23000',
  sqlMessage: "Duplicate entry 'Latvia' for key 'countries.name'",
  level: 'error',
  stack: "Error: Duplicate entry 'Latvia' for key 'countries.name'\n" +
    '    at PromisePool.execute (/Users/teajhaney/Desktop/Acode/2025/Project/backend/HNG/country-currency-exchange/node_modules/mysql2/lib/promise/pool.js:54:22)\n' +
    '    at DatabaseService.execute (/Users/teajhaney/Desktop/Acode/2025/Project/backend/HNG/country-currency-exchange/src/common/config/database.ts:29:40)\n' +
    '    at CountryModel.create (/Users/teajhaney/Desktop/Acode/2025/Project/backend/HNG/country-currency-exchange/src/models/country.model.ts:26:37)\n' +
    '    at CountryService.refreshCountries (/Users/teajhaney/Desktop/Acode/2025/Project/backend/HNG/country-currency-exchange/src/services/country.service.ts:29:30)\n' +
    '    at processTicksAndRejections (node:internal/process/task_queues:105:5)\n' +
    '    at async refreshCountries (/Users/teajhaney/Desktop/Acode/2025/Project/backend/HNG/country-currency-exchange/src/controllers/country.controller.ts:13:22)',
  timestamp: '2025-10-24T20:42:50.414Z'
}
{
  service: 'country-currency-exchange',
  message: "Duplicate entry 'Latvia' for key 'countries.name'",
  code: 'ER_DUP_ENTRY',
  errno: 1062,
  sql: '\n' +
    '        INSERT INTO countries (\n' +
    '          name, capital, region, population, currency_code, \n' +
    '          exchange_rate, estimated_gdp, flag_url\n' +
    '        ) VALUES (?, ?, ?, ?, ?, ?, ?, ?)\n' +
    '      ',
  sqlState: '23000',
  sqlMessage: "Duplicate entry 'Latvia' for key 'countries.name'",
  level: 'error',
  stack: "Error: Duplicate entry 'Latvia' for key 'countries.name'\n" +
    '    at PromisePool.execute (/Users/teajhaney/Desktop/Acode/2025/Project/backend/HNG/country-currency-exchange/node_modules/mysql2/lib/promise/pool.js:54:22)\n' +
    '    at DatabaseService.execute (/Users/teajhaney/Desktop/Acode/2025/Project/backend/HNG/country-currency-exchange/src/common/config/database.ts:29:40)\n' +
    '    at CountryModel.create (/Users/teajhaney/Desktop/Acode/2025/Project/backend/HNG/country-currency-exchange/src/models/country.model.ts:26:37)\n' +
    '    at CountryService.refreshCountries (/Users/teajhaney/Desktop/Acode/2025/Project/backend/HNG/country-currency-exchange/src/services/country.service.ts:29:30)\n' +
    '    at processTicksAndRejections (node:internal/process/task_queues:105:5)\n' +
    '    at async refreshCountries (/Users/teajhaney/Desktop/Acode/2025/Project/backend/HNG/country-currency-exchange/src/controllers/country.controller.ts:13:22)',
  timestamp: '2025-10-24T20:42:50.416Z'
}
{
  service: 'country-currency-exchange',
  message: "Duplicate entry 'Latvia' for key 'countries.name'",
  code: 'ER_DUP_ENTRY',
  errno: 1062,
  sql: '\n' +
    '        INSERT INTO countries (\n' +
    '          name, capital, region, population, currency_code, \n' +
    '          exchange_rate, estimated_gdp, flag_url\n' +
    '        ) VALUES (?, ?, ?, ?, ?, ?, ?, ?)\n' +
    '      ',
  sqlState: '23000',
  sqlMessage: "Duplicate entry 'Latvia' for key 'countries.name'",
  level: 'warn',
  stack: "Error: Duplicate entry 'Latvia' for key 'countries.name'\n" +
    '    at PromisePool.execute (/Users/teajhaney/Desktop/Acode/2025/Project/backend/HNG/country-currency-exchange/node_modules/mysql2/lib/promise/pool.js:54:22)\n' +
    '    at DatabaseService.execute (/Users/teajhaney/Desktop/Acode/2025/Project/backend/HNG/country-currency-exchange/src/common/config/database.ts:29:40)\n' +
    '    at CountryModel.create (/Users/teajhaney/Desktop/Acode/2025/Project/backend/HNG/country-currency-exchange/src/models/country.model.ts:26:37)\n' +
    '    at CountryService.refreshCountries (/Users/teajhaney/Desktop/Acode/2025/Project/backend/HNG/country-currency-exchange/src/services/country.service.ts:29:30)\n' +
    '    at processTicksAndRejections (node:internal/process/task_queues:105:5)\n' +
    '    at async refreshCountries (/Users/teajhaney/Desktop/Acode/2025/Project/backend/HNG/country-currency-exchange/src/controllers/country.controller.ts:13:22)',
  timestamp: '2025-10-24T20:42:50.416Z'
}
{
  service: 'country-currency-exchange',
  message: "Duplicate entry 'Lebanon' for key 'countries.name'",
  code: 'ER_DUP_ENTRY',
  errno: 1062,
  sql: '\n' +
    '        INSERT INTO countries (\n' +
    '          name, capital, region, population, currency_code, \n' +
    '          exchange_rate, estimated_gdp, flag_url\n' +
    '        ) VALUES (?, ?, ?, ?, ?, ?, ?, ?)\n' +
    '      ',
  sqlState: '23000',
  sqlMessage: "Duplicate entry 'Lebanon' for key 'countries.name'",
  level: 'error',
  stack: "Error: Duplicate entry 'Lebanon' for key 'countries.name'\n" +
    '    at PromisePool.execute (/Users/teajhaney/Desktop/Acode/2025/Project/backend/HNG/country-currency-exchange/node_modules/mysql2/lib/promise/pool.js:54:22)\n' +
    '    at DatabaseService.execute (/Users/teajhaney/Desktop/Acode/2025/Project/backend/HNG/country-currency-exchange/src/common/config/database.ts:29:40)\n' +
    '    at CountryModel.create (/Users/teajhaney/Desktop/Acode/2025/Project/backend/HNG/country-currency-exchange/src/models/country.model.ts:26:37)\n' +
    '    at CountryService.refreshCountries (/Users/teajhaney/Desktop/Acode/2025/Project/backend/HNG/country-currency-exchange/src/services/country.service.ts:29:30)\n' +
    '    at processTicksAndRejections (node:internal/process/task_queues:105:5)\n' +
    '    at async refreshCountries (/Users/teajhaney/Desktop/Acode/2025/Project/backend/HNG/country-currency-exchange/src/controllers/country.controller.ts:13:22)',
  timestamp: '2025-10-24T20:42:50.950Z'
}
{
  service: 'country-currency-exchange',
  message: "Duplicate entry 'Lebanon' for key 'countries.name'",
  code: 'ER_DUP_ENTRY',
  errno: 1062,
  sql: '\n' +
    '        INSERT INTO countries (\n' +
    '          name, capital, region, population, currency_code, \n' +
    '          exchange_rate, estimated_gdp, flag_url\n' +
    '        ) VALUES (?, ?, ?, ?, ?, ?, ?, ?)\n' +
    '      ',
  sqlState: '23000',
  sqlMessage: "Duplicate entry 'Lebanon' for key 'countries.name'",
  level: 'error',
  stack: "Error: Duplicate entry 'Lebanon' for key 'countries.name'\n" +
    '    at PromisePool.execute (/Users/teajhaney/Desktop/Acode/2025/Project/backend/HNG/country-currency-exchange/node_modules/mysql2/lib/promise/pool.js:54:22)\n' +
    '    at DatabaseService.execute (/Users/teajhaney/Desktop/Acode/2025/Project/backend/HNG/country-currency-exchange/src/common/config/database.ts:29:40)\n' +
    '    at CountryModel.create (/Users/teajhaney/Desktop/Acode/2025/Project/backend/HNG/country-currency-exchange/src/models/country.model.ts:26:37)\n' +
    '    at CountryService.refreshCountries (/Users/teajhaney/Desktop/Acode/2025/Project/backend/HNG/country-currency-exchange/src/services/country.service.ts:29:30)\n' +
    '    at processTicksAndRejections (node:internal/process/task_queues:105:5)\n' +
    '    at async refreshCountries (/Users/teajhaney/Desktop/Acode/2025/Project/backend/HNG/country-currency-exchange/src/controllers/country.controller.ts:13:22)',
  timestamp: '2025-10-24T20:42:50.951Z'
}
{
  service: 'country-currency-exchange',
  message: "Duplicate entry 'Lebanon' for key 'countries.name'",
  code: 'ER_DUP_ENTRY',
  errno: 1062,
  sql: '\n' +
    '        INSERT INTO countries (\n' +
    '          name, capital, region, population, currency_code, \n' +
    '          exchange_rate, estimated_gdp, flag_url\n' +
    '        ) VALUES (?, ?, ?, ?, ?, ?, ?, ?)\n' +
    '      ',
  sqlState: '23000',
  sqlMessage: "Duplicate entry 'Lebanon' for key 'countries.name'",
  level: 'warn',
  stack: "Error: Duplicate entry 'Lebanon' for key 'countries.name'\n" +
    '    at PromisePool.execute (/Users/teajhaney/Desktop/Acode/2025/Project/backend/HNG/country-currency-exchange/node_modules/mysql2/lib/promise/pool.js:54:22)\n' +
    '    at DatabaseService.execute (/Users/teajhaney/Desktop/Acode/2025/Project/backend/HNG/country-currency-exchange/src/common/config/database.ts:29:40)\n' +
    '    at CountryModel.create (/Users/teajhaney/Desktop/Acode/2025/Project/backend/HNG/country-currency-exchange/src/models/country.model.ts:26:37)\n' +
    '    at CountryService.refreshCountries (/Users/teajhaney/Desktop/Acode/2025/Project/backend/HNG/country-currency-exchange/src/services/country.service.ts:29:30)\n' +
    '    at processTicksAndRejections (node:internal/process/task_queues:105:5)\n' +
    '    at async refreshCountries (/Users/teajhaney/Desktop/Acode/2025/Project/backend/HNG/country-currency-exchange/src/controllers/country.controller.ts:13:22)',
  timestamp: '2025-10-24T20:42:50.951Z'
}
{
  service: 'country-currency-exchange',
  message: "Duplicate entry 'Lesotho' for key 'countries.name'",
  code: 'ER_DUP_ENTRY',
  errno: 1062,
  sql: '\n' +
    '        INSERT INTO countries (\n' +
    '          name, capital, region, population, currency_code, \n' +
    '          exchange_rate, estimated_gdp, flag_url\n' +
    '        ) VALUES (?, ?, ?, ?, ?, ?, ?, ?)\n' +
    '      ',
  sqlState: '23000',
  sqlMessage: "Duplicate entry 'Lesotho' for key 'countries.name'",
  level: 'error',
  stack: "Error: Duplicate entry 'Lesotho' for key 'countries.name'\n" +
    '    at PromisePool.execute (/Users/teajhaney/Desktop/Acode/2025/Project/backend/HNG/country-currency-exchange/node_modules/mysql2/lib/promise/pool.js:54:22)\n' +
    '    at DatabaseService.execute (/Users/teajhaney/Desktop/Acode/2025/Project/backend/HNG/country-currency-exchange/src/common/config/database.ts:29:40)\n' +
    '    at CountryModel.create (/Users/teajhaney/Desktop/Acode/2025/Project/backend/HNG/country-currency-exchange/src/models/country.model.ts:26:37)\n' +
    '    at CountryService.refreshCountries (/Users/teajhaney/Desktop/Acode/2025/Project/backend/HNG/country-currency-exchange/src/services/country.service.ts:29:30)\n' +
    '    at processTicksAndRejections (node:internal/process/task_queues:105:5)\n' +
    '    at async refreshCountries (/Users/teajhaney/Desktop/Acode/2025/Project/backend/HNG/country-currency-exchange/src/controllers/country.controller.ts:13:22)',
  timestamp: '2025-10-24T20:42:51.489Z'
}
{
  service: 'country-currency-exchange',
  message: "Duplicate entry 'Lesotho' for key 'countries.name'",
  code: 'ER_DUP_ENTRY',
  errno: 1062,
  sql: '\n' +
    '        INSERT INTO countries (\n' +
    '          name, capital, region, population, currency_code, \n' +
    '          exchange_rate, estimated_gdp, flag_url\n' +
    '        ) VALUES (?, ?, ?, ?, ?, ?, ?, ?)\n' +
    '      ',
  sqlState: '23000',
  sqlMessage: "Duplicate entry 'Lesotho' for key 'countries.name'",
  level: 'error',
  stack: "Error: Duplicate entry 'Lesotho' for key 'countries.name'\n" +
    '    at PromisePool.execute (/Users/teajhaney/Desktop/Acode/2025/Project/backend/HNG/country-currency-exchange/node_modules/mysql2/lib/promise/pool.js:54:22)\n' +
    '    at DatabaseService.execute (/Users/teajhaney/Desktop/Acode/2025/Project/backend/HNG/country-currency-exchange/src/common/config/database.ts:29:40)\n' +
    '    at CountryModel.create (/Users/teajhaney/Desktop/Acode/2025/Project/backend/HNG/country-currency-exchange/src/models/country.model.ts:26:37)\n' +
    '    at CountryService.refreshCountries (/Users/teajhaney/Desktop/Acode/2025/Project/backend/HNG/country-currency-exchange/src/services/country.service.ts:29:30)\n' +
    '    at processTicksAndRejections (node:internal/process/task_queues:105:5)\n' +
    '    at async refreshCountries (/Users/teajhaney/Desktop/Acode/2025/Project/backend/HNG/country-currency-exchange/src/controllers/country.controller.ts:13:22)',
  timestamp: '2025-10-24T20:42:51.489Z'
}
{
  service: 'country-currency-exchange',
  message: "Duplicate entry 'Lesotho' for key 'countries.name'",
  code: 'ER_DUP_ENTRY',
  errno: 1062,
  sql: '\n' +
    '        INSERT INTO countries (\n' +
    '          name, capital, region, population, currency_code, \n' +
    '          exchange_rate, estimated_gdp, flag_url\n' +
    '        ) VALUES (?, ?, ?, ?, ?, ?, ?, ?)\n' +
    '      ',
  sqlState: '23000',
  sqlMessage: "Duplicate entry 'Lesotho' for key 'countries.name'",
  level: 'warn',
  stack: "Error: Duplicate entry 'Lesotho' for key 'countries.name'\n" +
    '    at PromisePool.execute (/Users/teajhaney/Desktop/Acode/2025/Project/backend/HNG/country-currency-exchange/node_modules/mysql2/lib/promise/pool.js:54:22)\n' +
    '    at DatabaseService.execute (/Users/teajhaney/Desktop/Acode/2025/Project/backend/HNG/country-currency-exchange/src/common/config/database.ts:29:40)\n' +
    '    at CountryModel.create (/Users/teajhaney/Desktop/Acode/2025/Project/backend/HNG/country-currency-exchange/src/models/country.model.ts:26:37)\n' +
    '    at CountryService.refreshCountries (/Users/teajhaney/Desktop/Acode/2025/Project/backend/HNG/country-currency-exchange/src/services/country.service.ts:29:30)\n' +
    '    at processTicksAndRejections (node:internal/process/task_queues:105:5)\n' +
    '    at async refreshCountries (/Users/teajhaney/Desktop/Acode/2025/Project/backend/HNG/country-currency-exchange/src/controllers/country.controller.ts:13:22)',
  timestamp: '2025-10-24T20:42:51.489Z'
}
{
  service: 'country-currency-exchange',
  message: "Duplicate entry 'Liberia' for key 'countries.name'",
  code: 'ER_DUP_ENTRY',
  errno: 1062,
  sql: '\n' +
    '        INSERT INTO countries (\n' +
    '          name, capital, region, population, currency_code, \n' +
    '          exchange_rate, estimated_gdp, flag_url\n' +
    '        ) VALUES (?, ?, ?, ?, ?, ?, ?, ?)\n' +
    '      ',
  sqlState: '23000',
  sqlMessage: "Duplicate entry 'Liberia' for key 'countries.name'",
  level: 'error',
  stack: "Error: Duplicate entry 'Liberia' for key 'countries.name'\n" +
    '    at PromisePool.execute (/Users/teajhaney/Desktop/Acode/2025/Project/backend/HNG/country-currency-exchange/node_modules/mysql2/lib/promise/pool.js:54:22)\n' +
    '    at DatabaseService.execute (/Users/teajhaney/Desktop/Acode/2025/Project/backend/HNG/country-currency-exchange/src/common/config/database.ts:29:40)\n' +
    '    at CountryModel.create (/Users/teajhaney/Desktop/Acode/2025/Project/backend/HNG/country-currency-exchange/src/models/country.model.ts:26:37)\n' +
    '    at CountryService.refreshCountries (/Users/teajhaney/Desktop/Acode/2025/Project/backend/HNG/country-currency-exchange/src/services/country.service.ts:29:30)\n' +
    '    at processTicksAndRejections (node:internal/process/task_queues:105:5)\n' +
    '    at async refreshCountries (/Users/teajhaney/Desktop/Acode/2025/Project/backend/HNG/country-currency-exchange/src/controllers/country.controller.ts:13:22)',
  timestamp: '2025-10-24T20:42:51.978Z'
}
{
  service: 'country-currency-exchange',
  message: "Duplicate entry 'Liberia' for key 'countries.name'",
  code: 'ER_DUP_ENTRY',
  errno: 1062,
  sql: '\n' +
    '        INSERT INTO countries (\n' +
    '          name, capital, region, population, currency_code, \n' +
    '          exchange_rate, estimated_gdp, flag_url\n' +
    '        ) VALUES (?, ?, ?, ?, ?, ?, ?, ?)\n' +
    '      ',
  sqlState: '23000',
  sqlMessage: "Duplicate entry 'Liberia' for key 'countries.name'",
  level: 'error',
  stack: "Error: Duplicate entry 'Liberia' for key 'countries.name'\n" +
    '    at PromisePool.execute (/Users/teajhaney/Desktop/Acode/2025/Project/backend/HNG/country-currency-exchange/node_modules/mysql2/lib/promise/pool.js:54:22)\n' +
    '    at DatabaseService.execute (/Users/teajhaney/Desktop/Acode/2025/Project/backend/HNG/country-currency-exchange/src/common/config/database.ts:29:40)\n' +
    '    at CountryModel.create (/Users/teajhaney/Desktop/Acode/2025/Project/backend/HNG/country-currency-exchange/src/models/country.model.ts:26:37)\n' +
    '    at CountryService.refreshCountries (/Users/teajhaney/Desktop/Acode/2025/Project/backend/HNG/country-currency-exchange/src/services/country.service.ts:29:30)\n' +
    '    at processTicksAndRejections (node:internal/process/task_queues:105:5)\n' +
    '    at async refreshCountries (/Users/teajhaney/Desktop/Acode/2025/Project/backend/HNG/country-currency-exchange/src/controllers/country.controller.ts:13:22)',
  timestamp: '2025-10-24T20:42:51.979Z'
}
{
  service: 'country-currency-exchange',
  message: "Duplicate entry 'Liberia' for key 'countries.name'",
  code: 'ER_DUP_ENTRY',
  errno: 1062,
  sql: '\n' +
    '        INSERT INTO countries (\n' +
    '          name, capital, region, population, currency_code, \n' +
    '          exchange_rate, estimated_gdp, flag_url\n' +
    '        ) VALUES (?, ?, ?, ?, ?, ?, ?, ?)\n' +
    '      ',
  sqlState: '23000',
  sqlMessage: "Duplicate entry 'Liberia' for key 'countries.name'",
  level: 'warn',
  stack: "Error: Duplicate entry 'Liberia' for key 'countries.name'\n" +
    '    at PromisePool.execute (/Users/teajhaney/Desktop/Acode/2025/Project/backend/HNG/country-currency-exchange/node_modules/mysql2/lib/promise/pool.js:54:22)\n' +
    '    at DatabaseService.execute (/Users/teajhaney/Desktop/Acode/2025/Project/backend/HNG/country-currency-exchange/src/common/config/database.ts:29:40)\n' +
    '    at CountryModel.create (/Users/teajhaney/Desktop/Acode/2025/Project/backend/HNG/country-currency-exchange/src/models/country.model.ts:26:37)\n' +
    '    at CountryService.refreshCountries (/Users/teajhaney/Desktop/Acode/2025/Project/backend/HNG/country-currency-exchange/src/services/country.service.ts:29:30)\n' +
    '    at processTicksAndRejections (node:internal/process/task_queues:105:5)\n' +
    '    at async refreshCountries (/Users/teajhaney/Desktop/Acode/2025/Project/backend/HNG/country-currency-exchange/src/controllers/country.controller.ts:13:22)',
  timestamp: '2025-10-24T20:42:51.979Z'
}
{
  service: 'country-currency-exchange',
  message: "Duplicate entry 'Libya' for key 'countries.name'",
  code: 'ER_DUP_ENTRY',
  errno: 1062,
  sql: '\n' +
    '        INSERT INTO countries (\n' +
    '          name, capital, region, population, currency_code, \n' +
    '          exchange_rate, estimated_gdp, flag_url\n' +
    '        ) VALUES (?, ?, ?, ?, ?, ?, ?, ?)\n' +
    '      ',
  sqlState: '23000',
  sqlMessage: "Duplicate entry 'Libya' for key 'countries.name'",
  level: 'error',
  stack: "Error: Duplicate entry 'Libya' for key 'countries.name'\n" +
    '    at PromisePool.execute (/Users/teajhaney/Desktop/Acode/2025/Project/backend/HNG/country-currency-exchange/node_modules/mysql2/lib/promise/pool.js:54:22)\n' +
    '    at DatabaseService.execute (/Users/teajhaney/Desktop/Acode/2025/Project/backend/HNG/country-currency-exchange/src/common/config/database.ts:29:40)\n' +
    '    at CountryModel.create (/Users/teajhaney/Desktop/Acode/2025/Project/backend/HNG/country-currency-exchange/src/models/country.model.ts:26:37)\n' +
    '    at CountryService.refreshCountries (/Users/teajhaney/Desktop/Acode/2025/Project/backend/HNG/country-currency-exchange/src/services/country.service.ts:29:30)\n' +
    '    at processTicksAndRejections (node:internal/process/task_queues:105:5)\n' +
    '    at async refreshCountries (/Users/teajhaney/Desktop/Acode/2025/Project/backend/HNG/country-currency-exchange/src/controllers/country.controller.ts:13:22)',
  timestamp: '2025-10-24T20:42:52.458Z'
}
{
  service: 'country-currency-exchange',
  message: "Duplicate entry 'Libya' for key 'countries.name'",
  code: 'ER_DUP_ENTRY',
  errno: 1062,
  sql: '\n' +
    '        INSERT INTO countries (\n' +
    '          name, capital, region, population, currency_code, \n' +
    '          exchange_rate, estimated_gdp, flag_url\n' +
    '        ) VALUES (?, ?, ?, ?, ?, ?, ?, ?)\n' +
    '      ',
  sqlState: '23000',
  sqlMessage: "Duplicate entry 'Libya' for key 'countries.name'",
  level: 'error',
  stack: "Error: Duplicate entry 'Libya' for key 'countries.name'\n" +
    '    at PromisePool.execute (/Users/teajhaney/Desktop/Acode/2025/Project/backend/HNG/country-currency-exchange/node_modules/mysql2/lib/promise/pool.js:54:22)\n' +
    '    at DatabaseService.execute (/Users/teajhaney/Desktop/Acode/2025/Project/backend/HNG/country-currency-exchange/src/common/config/database.ts:29:40)\n' +
    '    at CountryModel.create (/Users/teajhaney/Desktop/Acode/2025/Project/backend/HNG/country-currency-exchange/src/models/country.model.ts:26:37)\n' +
    '    at CountryService.refreshCountries (/Users/teajhaney/Desktop/Acode/2025/Project/backend/HNG/country-currency-exchange/src/services/country.service.ts:29:30)\n' +
    '    at processTicksAndRejections (node:internal/process/task_queues:105:5)\n' +
    '    at async refreshCountries (/Users/teajhaney/Desktop/Acode/2025/Project/backend/HNG/country-currency-exchange/src/controllers/country.controller.ts:13:22)',
  timestamp: '2025-10-24T20:42:52.458Z'
}
{
  service: 'country-currency-exchange',
  message: "Duplicate entry 'Libya' for key 'countries.name'",
  code: 'ER_DUP_ENTRY',
  errno: 1062,
  sql: '\n' +
    '        INSERT INTO countries (\n' +
    '          name, capital, region, population, currency_code, \n' +
    '          exchange_rate, estimated_gdp, flag_url\n' +
    '        ) VALUES (?, ?, ?, ?, ?, ?, ?, ?)\n' +
    '      ',
  sqlState: '23000',
  sqlMessage: "Duplicate entry 'Libya' for key 'countries.name'",
  level: 'warn',
  stack: "Error: Duplicate entry 'Libya' for key 'countries.name'\n" +
    '    at PromisePool.execute (/Users/teajhaney/Desktop/Acode/2025/Project/backend/HNG/country-currency-exchange/node_modules/mysql2/lib/promise/pool.js:54:22)\n' +
    '    at DatabaseService.execute (/Users/teajhaney/Desktop/Acode/2025/Project/backend/HNG/country-currency-exchange/src/common/config/database.ts:29:40)\n' +
    '    at CountryModel.create (/Users/teajhaney/Desktop/Acode/2025/Project/backend/HNG/country-currency-exchange/src/models/country.model.ts:26:37)\n' +
    '    at CountryService.refreshCountries (/Users/teajhaney/Desktop/Acode/2025/Project/backend/HNG/country-currency-exchange/src/services/country.service.ts:29:30)\n' +
    '    at processTicksAndRejections (node:internal/process/task_queues:105:5)\n' +
    '    at async refreshCountries (/Users/teajhaney/Desktop/Acode/2025/Project/backend/HNG/country-currency-exchange/src/controllers/country.controller.ts:13:22)',
  timestamp: '2025-10-24T20:42:52.459Z'
}
{
  service: 'country-currency-exchange',
  message: "Duplicate entry 'Liechtenstein' for key 'countries.name'",
  code: 'ER_DUP_ENTRY',
  errno: 1062,
  sql: '\n' +
    '        INSERT INTO countries (\n' +
    '          name, capital, region, population, currency_code, \n' +
    '          exchange_rate, estimated_gdp, flag_url\n' +
    '        ) VALUES (?, ?, ?, ?, ?, ?, ?, ?)\n' +
    '      ',
  sqlState: '23000',
  sqlMessage: "Duplicate entry 'Liechtenstein' for key 'countries.name'",
  level: 'error',
  stack: "Error: Duplicate entry 'Liechtenstein' for key 'countries.name'\n" +
    '    at PromisePool.execute (/Users/teajhaney/Desktop/Acode/2025/Project/backend/HNG/country-currency-exchange/node_modules/mysql2/lib/promise/pool.js:54:22)\n' +
    '    at DatabaseService.execute (/Users/teajhaney/Desktop/Acode/2025/Project/backend/HNG/country-currency-exchange/src/common/config/database.ts:29:40)\n' +
    '    at CountryModel.create (/Users/teajhaney/Desktop/Acode/2025/Project/backend/HNG/country-currency-exchange/src/models/country.model.ts:26:37)\n' +
    '    at CountryService.refreshCountries (/Users/teajhaney/Desktop/Acode/2025/Project/backend/HNG/country-currency-exchange/src/services/country.service.ts:29:30)\n' +
    '    at processTicksAndRejections (node:internal/process/task_queues:105:5)\n' +
    '    at async refreshCountries (/Users/teajhaney/Desktop/Acode/2025/Project/backend/HNG/country-currency-exchange/src/controllers/country.controller.ts:13:22)',
  timestamp: '2025-10-24T20:42:52.955Z'
}
{
  service: 'country-currency-exchange',
  message: "Duplicate entry 'Liechtenstein' for key 'countries.name'",
  code: 'ER_DUP_ENTRY',
  errno: 1062,
  sql: '\n' +
    '        INSERT INTO countries (\n' +
    '          name, capital, region, population, currency_code, \n' +
    '          exchange_rate, estimated_gdp, flag_url\n' +
    '        ) VALUES (?, ?, ?, ?, ?, ?, ?, ?)\n' +
    '      ',
  sqlState: '23000',
  sqlMessage: "Duplicate entry 'Liechtenstein' for key 'countries.name'",
  level: 'error',
  stack: "Error: Duplicate entry 'Liechtenstein' for key 'countries.name'\n" +
    '    at PromisePool.execute (/Users/teajhaney/Desktop/Acode/2025/Project/backend/HNG/country-currency-exchange/node_modules/mysql2/lib/promise/pool.js:54:22)\n' +
    '    at DatabaseService.execute (/Users/teajhaney/Desktop/Acode/2025/Project/backend/HNG/country-currency-exchange/src/common/config/database.ts:29:40)\n' +
    '    at CountryModel.create (/Users/teajhaney/Desktop/Acode/2025/Project/backend/HNG/country-currency-exchange/src/models/country.model.ts:26:37)\n' +
    '    at CountryService.refreshCountries (/Users/teajhaney/Desktop/Acode/2025/Project/backend/HNG/country-currency-exchange/src/services/country.service.ts:29:30)\n' +
    '    at processTicksAndRejections (node:internal/process/task_queues:105:5)\n' +
    '    at async refreshCountries (/Users/teajhaney/Desktop/Acode/2025/Project/backend/HNG/country-currency-exchange/src/controllers/country.controller.ts:13:22)',
  timestamp: '2025-10-24T20:42:52.955Z'
}
{
  service: 'country-currency-exchange',
  message: "Duplicate entry 'Liechtenstein' for key 'countries.name'",
  code: 'ER_DUP_ENTRY',
  errno: 1062,
  sql: '\n' +
    '        INSERT INTO countries (\n' +
    '          name, capital, region, population, currency_code, \n' +
    '          exchange_rate, estimated_gdp, flag_url\n' +
    '        ) VALUES (?, ?, ?, ?, ?, ?, ?, ?)\n' +
    '      ',
  sqlState: '23000',
  sqlMessage: "Duplicate entry 'Liechtenstein' for key 'countries.name'",
  level: 'warn',
  stack: "Error: Duplicate entry 'Liechtenstein' for key 'countries.name'\n" +
    '    at PromisePool.execute (/Users/teajhaney/Desktop/Acode/2025/Project/backend/HNG/country-currency-exchange/node_modules/mysql2/lib/promise/pool.js:54:22)\n' +
    '    at DatabaseService.execute (/Users/teajhaney/Desktop/Acode/2025/Project/backend/HNG/country-currency-exchange/src/common/config/database.ts:29:40)\n' +
    '    at CountryModel.create (/Users/teajhaney/Desktop/Acode/2025/Project/backend/HNG/country-currency-exchange/src/models/country.model.ts:26:37)\n' +
    '    at CountryService.refreshCountries (/Users/teajhaney/Desktop/Acode/2025/Project/backend/HNG/country-currency-exchange/src/services/country.service.ts:29:30)\n' +
    '    at processTicksAndRejections (node:internal/process/task_queues:105:5)\n' +
    '    at async refreshCountries (/Users/teajhaney/Desktop/Acode/2025/Project/backend/HNG/country-currency-exchange/src/controllers/country.controller.ts:13:22)',
  timestamp: '2025-10-24T20:42:52.956Z'
}
{
  service: 'country-currency-exchange',
  message: "Duplicate entry 'Lithuania' for key 'countries.name'",
  code: 'ER_DUP_ENTRY',
  errno: 1062,
  sql: '\n' +
    '        INSERT INTO countries (\n' +
    '          name, capital, region, population, currency_code, \n' +
    '          exchange_rate, estimated_gdp, flag_url\n' +
    '        ) VALUES (?, ?, ?, ?, ?, ?, ?, ?)\n' +
    '      ',
  sqlState: '23000',
  sqlMessage: "Duplicate entry 'Lithuania' for key 'countries.name'",
  level: 'error',
  stack: "Error: Duplicate entry 'Lithuania' for key 'countries.name'\n" +
    '    at PromisePool.execute (/Users/teajhaney/Desktop/Acode/2025/Project/backend/HNG/country-currency-exchange/node_modules/mysql2/lib/promise/pool.js:54:22)\n' +
    '    at DatabaseService.execute (/Users/teajhaney/Desktop/Acode/2025/Project/backend/HNG/country-currency-exchange/src/common/config/database.ts:29:40)\n' +
    '    at CountryModel.create (/Users/teajhaney/Desktop/Acode/2025/Project/backend/HNG/country-currency-exchange/src/models/country.model.ts:26:37)\n' +
    '    at CountryService.refreshCountries (/Users/teajhaney/Desktop/Acode/2025/Project/backend/HNG/country-currency-exchange/src/services/country.service.ts:29:30)\n' +
    '    at processTicksAndRejections (node:internal/process/task_queues:105:5)\n' +
    '    at async refreshCountries (/Users/teajhaney/Desktop/Acode/2025/Project/backend/HNG/country-currency-exchange/src/controllers/country.controller.ts:13:22)',
  timestamp: '2025-10-24T20:42:53.455Z'
}
{
  service: 'country-currency-exchange',
  message: "Duplicate entry 'Lithuania' for key 'countries.name'",
  code: 'ER_DUP_ENTRY',
  errno: 1062,
  sql: '\n' +
    '        INSERT INTO countries (\n' +
    '          name, capital, region, population, currency_code, \n' +
    '          exchange_rate, estimated_gdp, flag_url\n' +
    '        ) VALUES (?, ?, ?, ?, ?, ?, ?, ?)\n' +
    '      ',
  sqlState: '23000',
  sqlMessage: "Duplicate entry 'Lithuania' for key 'countries.name'",
  level: 'error',
  stack: "Error: Duplicate entry 'Lithuania' for key 'countries.name'\n" +
    '    at PromisePool.execute (/Users/teajhaney/Desktop/Acode/2025/Project/backend/HNG/country-currency-exchange/node_modules/mysql2/lib/promise/pool.js:54:22)\n' +
    '    at DatabaseService.execute (/Users/teajhaney/Desktop/Acode/2025/Project/backend/HNG/country-currency-exchange/src/common/config/database.ts:29:40)\n' +
    '    at CountryModel.create (/Users/teajhaney/Desktop/Acode/2025/Project/backend/HNG/country-currency-exchange/src/models/country.model.ts:26:37)\n' +
    '    at CountryService.refreshCountries (/Users/teajhaney/Desktop/Acode/2025/Project/backend/HNG/country-currency-exchange/src/services/country.service.ts:29:30)\n' +
    '    at processTicksAndRejections (node:internal/process/task_queues:105:5)\n' +
    '    at async refreshCountries (/Users/teajhaney/Desktop/Acode/2025/Project/backend/HNG/country-currency-exchange/src/controllers/country.controller.ts:13:22)',
  timestamp: '2025-10-24T20:42:53.455Z'
}
{
  service: 'country-currency-exchange',
  message: "Duplicate entry 'Lithuania' for key 'countries.name'",
  code: 'ER_DUP_ENTRY',
  errno: 1062,
  sql: '\n' +
    '        INSERT INTO countries (\n' +
    '          name, capital, region, population, currency_code, \n' +
    '          exchange_rate, estimated_gdp, flag_url\n' +
    '        ) VALUES (?, ?, ?, ?, ?, ?, ?, ?)\n' +
    '      ',
  sqlState: '23000',
  sqlMessage: "Duplicate entry 'Lithuania' for key 'countries.name'",
  level: 'warn',
  stack: "Error: Duplicate entry 'Lithuania' for key 'countries.name'\n" +
    '    at PromisePool.execute (/Users/teajhaney/Desktop/Acode/2025/Project/backend/HNG/country-currency-exchange/node_modules/mysql2/lib/promise/pool.js:54:22)\n' +
    '    at DatabaseService.execute (/Users/teajhaney/Desktop/Acode/2025/Project/backend/HNG/country-currency-exchange/src/common/config/database.ts:29:40)\n' +
    '    at CountryModel.create (/Users/teajhaney/Desktop/Acode/2025/Project/backend/HNG/country-currency-exchange/src/models/country.model.ts:26:37)\n' +
    '    at CountryService.refreshCountries (/Users/teajhaney/Desktop/Acode/2025/Project/backend/HNG/country-currency-exchange/src/services/country.service.ts:29:30)\n' +
    '    at processTicksAndRejections (node:internal/process/task_queues:105:5)\n' +
    '    at async refreshCountries (/Users/teajhaney/Desktop/Acode/2025/Project/backend/HNG/country-currency-exchange/src/controllers/country.controller.ts:13:22)',
  timestamp: '2025-10-24T20:42:53.456Z'
}
{
  service: 'country-currency-exchange',
  message: "Duplicate entry 'Luxembourg' for key 'countries.name'",
  code: 'ER_DUP_ENTRY',
  errno: 1062,
  sql: '\n' +
    '        INSERT INTO countries (\n' +
    '          name, capital, region, population, currency_code, \n' +
    '          exchange_rate, estimated_gdp, flag_url\n' +
    '        ) VALUES (?, ?, ?, ?, ?, ?, ?, ?)\n' +
    '      ',
  sqlState: '23000',
  sqlMessage: "Duplicate entry 'Luxembourg' for key 'countries.name'",
  level: 'error',
  stack: "Error: Duplicate entry 'Luxembourg' for key 'countries.name'\n" +
    '    at PromisePool.execute (/Users/teajhaney/Desktop/Acode/2025/Project/backend/HNG/country-currency-exchange/node_modules/mysql2/lib/promise/pool.js:54:22)\n' +
    '    at DatabaseService.execute (/Users/teajhaney/Desktop/Acode/2025/Project/backend/HNG/country-currency-exchange/src/common/config/database.ts:29:40)\n' +
    '    at CountryModel.create (/Users/teajhaney/Desktop/Acode/2025/Project/backend/HNG/country-currency-exchange/src/models/country.model.ts:26:37)\n' +
    '    at CountryService.refreshCountries (/Users/teajhaney/Desktop/Acode/2025/Project/backend/HNG/country-currency-exchange/src/services/country.service.ts:29:30)\n' +
    '    at processTicksAndRejections (node:internal/process/task_queues:105:5)\n' +
    '    at async refreshCountries (/Users/teajhaney/Desktop/Acode/2025/Project/backend/HNG/country-currency-exchange/src/controllers/country.controller.ts:13:22)',
  timestamp: '2025-10-24T20:42:53.969Z'
}
{
  service: 'country-currency-exchange',
  message: "Duplicate entry 'Luxembourg' for key 'countries.name'",
  code: 'ER_DUP_ENTRY',
  errno: 1062,
  sql: '\n' +
    '        INSERT INTO countries (\n' +
    '          name, capital, region, population, currency_code, \n' +
    '          exchange_rate, estimated_gdp, flag_url\n' +
    '        ) VALUES (?, ?, ?, ?, ?, ?, ?, ?)\n' +
    '      ',
  sqlState: '23000',
  sqlMessage: "Duplicate entry 'Luxembourg' for key 'countries.name'",
  level: 'error',
  stack: "Error: Duplicate entry 'Luxembourg' for key 'countries.name'\n" +
    '    at PromisePool.execute (/Users/teajhaney/Desktop/Acode/2025/Project/backend/HNG/country-currency-exchange/node_modules/mysql2/lib/promise/pool.js:54:22)\n' +
    '    at DatabaseService.execute (/Users/teajhaney/Desktop/Acode/2025/Project/backend/HNG/country-currency-exchange/src/common/config/database.ts:29:40)\n' +
    '    at CountryModel.create (/Users/teajhaney/Desktop/Acode/2025/Project/backend/HNG/country-currency-exchange/src/models/country.model.ts:26:37)\n' +
    '    at CountryService.refreshCountries (/Users/teajhaney/Desktop/Acode/2025/Project/backend/HNG/country-currency-exchange/src/services/country.service.ts:29:30)\n' +
    '    at processTicksAndRejections (node:internal/process/task_queues:105:5)\n' +
    '    at async refreshCountries (/Users/teajhaney/Desktop/Acode/2025/Project/backend/HNG/country-currency-exchange/src/controllers/country.controller.ts:13:22)',
  timestamp: '2025-10-24T20:42:53.970Z'
}
{
  service: 'country-currency-exchange',
  message: "Duplicate entry 'Luxembourg' for key 'countries.name'",
  code: 'ER_DUP_ENTRY',
  errno: 1062,
  sql: '\n' +
    '        INSERT INTO countries (\n' +
    '          name, capital, region, population, currency_code, \n' +
    '          exchange_rate, estimated_gdp, flag_url\n' +
    '        ) VALUES (?, ?, ?, ?, ?, ?, ?, ?)\n' +
    '      ',
  sqlState: '23000',
  sqlMessage: "Duplicate entry 'Luxembourg' for key 'countries.name'",
  level: 'warn',
  stack: "Error: Duplicate entry 'Luxembourg' for key 'countries.name'\n" +
    '    at PromisePool.execute (/Users/teajhaney/Desktop/Acode/2025/Project/backend/HNG/country-currency-exchange/node_modules/mysql2/lib/promise/pool.js:54:22)\n' +
    '    at DatabaseService.execute (/Users/teajhaney/Desktop/Acode/2025/Project/backend/HNG/country-currency-exchange/src/common/config/database.ts:29:40)\n' +
    '    at CountryModel.create (/Users/teajhaney/Desktop/Acode/2025/Project/backend/HNG/country-currency-exchange/src/models/country.model.ts:26:37)\n' +
    '    at CountryService.refreshCountries (/Users/teajhaney/Desktop/Acode/2025/Project/backend/HNG/country-currency-exchange/src/services/country.service.ts:29:30)\n' +
    '    at processTicksAndRejections (node:internal/process/task_queues:105:5)\n' +
    '    at async refreshCountries (/Users/teajhaney/Desktop/Acode/2025/Project/backend/HNG/country-currency-exchange/src/controllers/country.controller.ts:13:22)',
  timestamp: '2025-10-24T20:42:53.970Z'
}
{
  service: 'country-currency-exchange',
  message: "Duplicate entry 'Macao' for key 'countries.name'",
  code: 'ER_DUP_ENTRY',
  errno: 1062,
  sql: '\n' +
    '        INSERT INTO countries (\n' +
    '          name, capital, region, population, currency_code, \n' +
    '          exchange_rate, estimated_gdp, flag_url\n' +
    '        ) VALUES (?, ?, ?, ?, ?, ?, ?, ?)\n' +
    '      ',
  sqlState: '23000',
  sqlMessage: "Duplicate entry 'Macao' for key 'countries.name'",
  level: 'error',
  stack: "Error: Duplicate entry 'Macao' for key 'countries.name'\n" +
    '    at PromisePool.execute (/Users/teajhaney/Desktop/Acode/2025/Project/backend/HNG/country-currency-exchange/node_modules/mysql2/lib/promise/pool.js:54:22)\n' +
    '    at DatabaseService.execute (/Users/teajhaney/Desktop/Acode/2025/Project/backend/HNG/country-currency-exchange/src/common/config/database.ts:29:40)\n' +
    '    at CountryModel.create (/Users/teajhaney/Desktop/Acode/2025/Project/backend/HNG/country-currency-exchange/src/models/country.model.ts:26:37)\n' +
    '    at CountryService.refreshCountries (/Users/teajhaney/Desktop/Acode/2025/Project/backend/HNG/country-currency-exchange/src/services/country.service.ts:29:30)\n' +
    '    at processTicksAndRejections (node:internal/process/task_queues:105:5)\n' +
    '    at async refreshCountries (/Users/teajhaney/Desktop/Acode/2025/Project/backend/HNG/country-currency-exchange/src/controllers/country.controller.ts:13:22)',
  timestamp: '2025-10-24T20:42:54.478Z'
}
{
  service: 'country-currency-exchange',
  message: "Duplicate entry 'Macao' for key 'countries.name'",
  code: 'ER_DUP_ENTRY',
  errno: 1062,
  sql: '\n' +
    '        INSERT INTO countries (\n' +
    '          name, capital, region, population, currency_code, \n' +
    '          exchange_rate, estimated_gdp, flag_url\n' +
    '        ) VALUES (?, ?, ?, ?, ?, ?, ?, ?)\n' +
    '      ',
  sqlState: '23000',
  sqlMessage: "Duplicate entry 'Macao' for key 'countries.name'",
  level: 'error',
  stack: "Error: Duplicate entry 'Macao' for key 'countries.name'\n" +
    '    at PromisePool.execute (/Users/teajhaney/Desktop/Acode/2025/Project/backend/HNG/country-currency-exchange/node_modules/mysql2/lib/promise/pool.js:54:22)\n' +
    '    at DatabaseService.execute (/Users/teajhaney/Desktop/Acode/2025/Project/backend/HNG/country-currency-exchange/src/common/config/database.ts:29:40)\n' +
    '    at CountryModel.create (/Users/teajhaney/Desktop/Acode/2025/Project/backend/HNG/country-currency-exchange/src/models/country.model.ts:26:37)\n' +
    '    at CountryService.refreshCountries (/Users/teajhaney/Desktop/Acode/2025/Project/backend/HNG/country-currency-exchange/src/services/country.service.ts:29:30)\n' +
    '    at processTicksAndRejections (node:internal/process/task_queues:105:5)\n' +
    '    at async refreshCountries (/Users/teajhaney/Desktop/Acode/2025/Project/backend/HNG/country-currency-exchange/src/controllers/country.controller.ts:13:22)',
  timestamp: '2025-10-24T20:42:54.478Z'
}
{
  service: 'country-currency-exchange',
  message: "Duplicate entry 'Macao' for key 'countries.name'",
  code: 'ER_DUP_ENTRY',
  errno: 1062,
  sql: '\n' +
    '        INSERT INTO countries (\n' +
    '          name, capital, region, population, currency_code, \n' +
    '          exchange_rate, estimated_gdp, flag_url\n' +
    '        ) VALUES (?, ?, ?, ?, ?, ?, ?, ?)\n' +
    '      ',
  sqlState: '23000',
  sqlMessage: "Duplicate entry 'Macao' for key 'countries.name'",
  level: 'warn',
  stack: "Error: Duplicate entry 'Macao' for key 'countries.name'\n" +
    '    at PromisePool.execute (/Users/teajhaney/Desktop/Acode/2025/Project/backend/HNG/country-currency-exchange/node_modules/mysql2/lib/promise/pool.js:54:22)\n' +
    '    at DatabaseService.execute (/Users/teajhaney/Desktop/Acode/2025/Project/backend/HNG/country-currency-exchange/src/common/config/database.ts:29:40)\n' +
    '    at CountryModel.create (/Users/teajhaney/Desktop/Acode/2025/Project/backend/HNG/country-currency-exchange/src/models/country.model.ts:26:37)\n' +
    '    at CountryService.refreshCountries (/Users/teajhaney/Desktop/Acode/2025/Project/backend/HNG/country-currency-exchange/src/services/country.service.ts:29:30)\n' +
    '    at processTicksAndRejections (node:internal/process/task_queues:105:5)\n' +
    '    at async refreshCountries (/Users/teajhaney/Desktop/Acode/2025/Project/backend/HNG/country-currency-exchange/src/controllers/country.controller.ts:13:22)',
  timestamp: '2025-10-24T20:42:54.478Z'
}
{
  service: 'country-currency-exchange',
  message: "Duplicate entry 'North Macedonia' for key 'countries.name'",
  code: 'ER_DUP_ENTRY',
  errno: 1062,
  sql: '\n' +
    '        INSERT INTO countries (\n' +
    '          name, capital, region, population, currency_code, \n' +
    '          exchange_rate, estimated_gdp, flag_url\n' +
    '        ) VALUES (?, ?, ?, ?, ?, ?, ?, ?)\n' +
    '      ',
  sqlState: '23000',
  sqlMessage: "Duplicate entry 'North Macedonia' for key 'countries.name'",
  level: 'error',
  stack: "Error: Duplicate entry 'North Macedonia' for key 'countries.name'\n" +
    '    at PromisePool.execute (/Users/teajhaney/Desktop/Acode/2025/Project/backend/HNG/country-currency-exchange/node_modules/mysql2/lib/promise/pool.js:54:22)\n' +
    '    at DatabaseService.execute (/Users/teajhaney/Desktop/Acode/2025/Project/backend/HNG/country-currency-exchange/src/common/config/database.ts:29:40)\n' +
    '    at CountryModel.create (/Users/teajhaney/Desktop/Acode/2025/Project/backend/HNG/country-currency-exchange/src/models/country.model.ts:26:37)\n' +
    '    at CountryService.refreshCountries (/Users/teajhaney/Desktop/Acode/2025/Project/backend/HNG/country-currency-exchange/src/services/country.service.ts:29:30)\n' +
    '    at processTicksAndRejections (node:internal/process/task_queues:105:5)\n' +
    '    at async refreshCountries (/Users/teajhaney/Desktop/Acode/2025/Project/backend/HNG/country-currency-exchange/src/controllers/country.controller.ts:13:22)',
  timestamp: '2025-10-24T20:42:54.958Z'
}
{
  service: 'country-currency-exchange',
  message: "Duplicate entry 'North Macedonia' for key 'countries.name'",
  code: 'ER_DUP_ENTRY',
  errno: 1062,
  sql: '\n' +
    '        INSERT INTO countries (\n' +
    '          name, capital, region, population, currency_code, \n' +
    '          exchange_rate, estimated_gdp, flag_url\n' +
    '        ) VALUES (?, ?, ?, ?, ?, ?, ?, ?)\n' +
    '      ',
  sqlState: '23000',
  sqlMessage: "Duplicate entry 'North Macedonia' for key 'countries.name'",
  level: 'error',
  stack: "Error: Duplicate entry 'North Macedonia' for key 'countries.name'\n" +
    '    at PromisePool.execute (/Users/teajhaney/Desktop/Acode/2025/Project/backend/HNG/country-currency-exchange/node_modules/mysql2/lib/promise/pool.js:54:22)\n' +
    '    at DatabaseService.execute (/Users/teajhaney/Desktop/Acode/2025/Project/backend/HNG/country-currency-exchange/src/common/config/database.ts:29:40)\n' +
    '    at CountryModel.create (/Users/teajhaney/Desktop/Acode/2025/Project/backend/HNG/country-currency-exchange/src/models/country.model.ts:26:37)\n' +
    '    at CountryService.refreshCountries (/Users/teajhaney/Desktop/Acode/2025/Project/backend/HNG/country-currency-exchange/src/services/country.service.ts:29:30)\n' +
    '    at processTicksAndRejections (node:internal/process/task_queues:105:5)\n' +
    '    at async refreshCountries (/Users/teajhaney/Desktop/Acode/2025/Project/backend/HNG/country-currency-exchange/src/controllers/country.controller.ts:13:22)',
  timestamp: '2025-10-24T20:42:54.959Z'
}
{
  service: 'country-currency-exchange',
  message: "Duplicate entry 'North Macedonia' for key 'countries.name'",
  code: 'ER_DUP_ENTRY',
  errno: 1062,
  sql: '\n' +
    '        INSERT INTO countries (\n' +
    '          name, capital, region, population, currency_code, \n' +
    '          exchange_rate, estimated_gdp, flag_url\n' +
    '        ) VALUES (?, ?, ?, ?, ?, ?, ?, ?)\n' +
    '      ',
  sqlState: '23000',
  sqlMessage: "Duplicate entry 'North Macedonia' for key 'countries.name'",
  level: 'warn',
  stack: "Error: Duplicate entry 'North Macedonia' for key 'countries.name'\n" +
    '    at PromisePool.execute (/Users/teajhaney/Desktop/Acode/2025/Project/backend/HNG/country-currency-exchange/node_modules/mysql2/lib/promise/pool.js:54:22)\n' +
    '    at DatabaseService.execute (/Users/teajhaney/Desktop/Acode/2025/Project/backend/HNG/country-currency-exchange/src/common/config/database.ts:29:40)\n' +
    '    at CountryModel.create (/Users/teajhaney/Desktop/Acode/2025/Project/backend/HNG/country-currency-exchange/src/models/country.model.ts:26:37)\n' +
    '    at CountryService.refreshCountries (/Users/teajhaney/Desktop/Acode/2025/Project/backend/HNG/country-currency-exchange/src/services/country.service.ts:29:30)\n' +
    '    at processTicksAndRejections (node:internal/process/task_queues:105:5)\n' +
    '    at async refreshCountries (/Users/teajhaney/Desktop/Acode/2025/Project/backend/HNG/country-currency-exchange/src/controllers/country.controller.ts:13:22)',
  timestamp: '2025-10-24T20:42:54.959Z'
}
{
  service: 'country-currency-exchange',
  message: "Duplicate entry 'Madagascar' for key 'countries.name'",
  code: 'ER_DUP_ENTRY',
  errno: 1062,
  sql: '\n' +
    '        INSERT INTO countries (\n' +
    '          name, capital, region, population, currency_code, \n' +
    '          exchange_rate, estimated_gdp, flag_url\n' +
    '        ) VALUES (?, ?, ?, ?, ?, ?, ?, ?)\n' +
    '      ',
  sqlState: '23000',
  sqlMessage: "Duplicate entry 'Madagascar' for key 'countries.name'",
  level: 'error',
  stack: "Error: Duplicate entry 'Madagascar' for key 'countries.name'\n" +
    '    at PromisePool.execute (/Users/teajhaney/Desktop/Acode/2025/Project/backend/HNG/country-currency-exchange/node_modules/mysql2/lib/promise/pool.js:54:22)\n' +
    '    at DatabaseService.execute (/Users/teajhaney/Desktop/Acode/2025/Project/backend/HNG/country-currency-exchange/src/common/config/database.ts:29:40)\n' +
    '    at CountryModel.create (/Users/teajhaney/Desktop/Acode/2025/Project/backend/HNG/country-currency-exchange/src/models/country.model.ts:26:37)\n' +
    '    at CountryService.refreshCountries (/Users/teajhaney/Desktop/Acode/2025/Project/backend/HNG/country-currency-exchange/src/services/country.service.ts:29:30)\n' +
    '    at processTicksAndRejections (node:internal/process/task_queues:105:5)\n' +
    '    at async refreshCountries (/Users/teajhaney/Desktop/Acode/2025/Project/backend/HNG/country-currency-exchange/src/controllers/country.controller.ts:13:22)',
  timestamp: '2025-10-24T20:42:55.442Z'
}
{
  service: 'country-currency-exchange',
  message: "Duplicate entry 'Madagascar' for key 'countries.name'",
  code: 'ER_DUP_ENTRY',
  errno: 1062,
  sql: '\n' +
    '        INSERT INTO countries (\n' +
    '          name, capital, region, population, currency_code, \n' +
    '          exchange_rate, estimated_gdp, flag_url\n' +
    '        ) VALUES (?, ?, ?, ?, ?, ?, ?, ?)\n' +
    '      ',
  sqlState: '23000',
  sqlMessage: "Duplicate entry 'Madagascar' for key 'countries.name'",
  level: 'error',
  stack: "Error: Duplicate entry 'Madagascar' for key 'countries.name'\n" +
    '    at PromisePool.execute (/Users/teajhaney/Desktop/Acode/2025/Project/backend/HNG/country-currency-exchange/node_modules/mysql2/lib/promise/pool.js:54:22)\n' +
    '    at DatabaseService.execute (/Users/teajhaney/Desktop/Acode/2025/Project/backend/HNG/country-currency-exchange/src/common/config/database.ts:29:40)\n' +
    '    at CountryModel.create (/Users/teajhaney/Desktop/Acode/2025/Project/backend/HNG/country-currency-exchange/src/models/country.model.ts:26:37)\n' +
    '    at CountryService.refreshCountries (/Users/teajhaney/Desktop/Acode/2025/Project/backend/HNG/country-currency-exchange/src/services/country.service.ts:29:30)\n' +
    '    at processTicksAndRejections (node:internal/process/task_queues:105:5)\n' +
    '    at async refreshCountries (/Users/teajhaney/Desktop/Acode/2025/Project/backend/HNG/country-currency-exchange/src/controllers/country.controller.ts:13:22)',
  timestamp: '2025-10-24T20:42:55.443Z'
}
{
  service: 'country-currency-exchange',
  message: "Duplicate entry 'Madagascar' for key 'countries.name'",
  code: 'ER_DUP_ENTRY',
  errno: 1062,
  sql: '\n' +
    '        INSERT INTO countries (\n' +
    '          name, capital, region, population, currency_code, \n' +
    '          exchange_rate, estimated_gdp, flag_url\n' +
    '        ) VALUES (?, ?, ?, ?, ?, ?, ?, ?)\n' +
    '      ',
  sqlState: '23000',
  sqlMessage: "Duplicate entry 'Madagascar' for key 'countries.name'",
  level: 'warn',
  stack: "Error: Duplicate entry 'Madagascar' for key 'countries.name'\n" +
    '    at PromisePool.execute (/Users/teajhaney/Desktop/Acode/2025/Project/backend/HNG/country-currency-exchange/node_modules/mysql2/lib/promise/pool.js:54:22)\n' +
    '    at DatabaseService.execute (/Users/teajhaney/Desktop/Acode/2025/Project/backend/HNG/country-currency-exchange/src/common/config/database.ts:29:40)\n' +
    '    at CountryModel.create (/Users/teajhaney/Desktop/Acode/2025/Project/backend/HNG/country-currency-exchange/src/models/country.model.ts:26:37)\n' +
    '    at CountryService.refreshCountries (/Users/teajhaney/Desktop/Acode/2025/Project/backend/HNG/country-currency-exchange/src/services/country.service.ts:29:30)\n' +
    '    at processTicksAndRejections (node:internal/process/task_queues:105:5)\n' +
    '    at async refreshCountries (/Users/teajhaney/Desktop/Acode/2025/Project/backend/HNG/country-currency-exchange/src/controllers/country.controller.ts:13:22)',
  timestamp: '2025-10-24T20:42:55.443Z'
}
{
  service: 'country-currency-exchange',
  message: "Duplicate entry 'Malawi' for key 'countries.name'",
  code: 'ER_DUP_ENTRY',
  errno: 1062,
  sql: '\n' +
    '        INSERT INTO countries (\n' +
    '          name, capital, region, population, currency_code, \n' +
    '          exchange_rate, estimated_gdp, flag_url\n' +
    '        ) VALUES (?, ?, ?, ?, ?, ?, ?, ?)\n' +
    '      ',
  sqlState: '23000',
  sqlMessage: "Duplicate entry 'Malawi' for key 'countries.name'",
  level: 'error',
  stack: "Error: Duplicate entry 'Malawi' for key 'countries.name'\n" +
    '    at PromisePool.execute (/Users/teajhaney/Desktop/Acode/2025/Project/backend/HNG/country-currency-exchange/node_modules/mysql2/lib/promise/pool.js:54:22)\n' +
    '    at DatabaseService.execute (/Users/teajhaney/Desktop/Acode/2025/Project/backend/HNG/country-currency-exchange/src/common/config/database.ts:29:40)\n' +
    '    at CountryModel.create (/Users/teajhaney/Desktop/Acode/2025/Project/backend/HNG/country-currency-exchange/src/models/country.model.ts:26:37)\n' +
    '    at CountryService.refreshCountries (/Users/teajhaney/Desktop/Acode/2025/Project/backend/HNG/country-currency-exchange/src/services/country.service.ts:29:30)\n' +
    '    at processTicksAndRejections (node:internal/process/task_queues:105:5)\n' +
    '    at async refreshCountries (/Users/teajhaney/Desktop/Acode/2025/Project/backend/HNG/country-currency-exchange/src/controllers/country.controller.ts:13:22)',
  timestamp: '2025-10-24T20:42:55.910Z'
}
{
  service: 'country-currency-exchange',
  message: "Duplicate entry 'Malawi' for key 'countries.name'",
  code: 'ER_DUP_ENTRY',
  errno: 1062,
  sql: '\n' +
    '        INSERT INTO countries (\n' +
    '          name, capital, region, population, currency_code, \n' +
    '          exchange_rate, estimated_gdp, flag_url\n' +
    '        ) VALUES (?, ?, ?, ?, ?, ?, ?, ?)\n' +
    '      ',
  sqlState: '23000',
  sqlMessage: "Duplicate entry 'Malawi' for key 'countries.name'",
  level: 'error',
  stack: "Error: Duplicate entry 'Malawi' for key 'countries.name'\n" +
    '    at PromisePool.execute (/Users/teajhaney/Desktop/Acode/2025/Project/backend/HNG/country-currency-exchange/node_modules/mysql2/lib/promise/pool.js:54:22)\n' +
    '    at DatabaseService.execute (/Users/teajhaney/Desktop/Acode/2025/Project/backend/HNG/country-currency-exchange/src/common/config/database.ts:29:40)\n' +
    '    at CountryModel.create (/Users/teajhaney/Desktop/Acode/2025/Project/backend/HNG/country-currency-exchange/src/models/country.model.ts:26:37)\n' +
    '    at CountryService.refreshCountries (/Users/teajhaney/Desktop/Acode/2025/Project/backend/HNG/country-currency-exchange/src/services/country.service.ts:29:30)\n' +
    '    at processTicksAndRejections (node:internal/process/task_queues:105:5)\n' +
    '    at async refreshCountries (/Users/teajhaney/Desktop/Acode/2025/Project/backend/HNG/country-currency-exchange/src/controllers/country.controller.ts:13:22)',
  timestamp: '2025-10-24T20:42:55.910Z'
}
{
  service: 'country-currency-exchange',
  message: "Duplicate entry 'Malawi' for key 'countries.name'",
  code: 'ER_DUP_ENTRY',
  errno: 1062,
  sql: '\n' +
    '        INSERT INTO countries (\n' +
    '          name, capital, region, population, currency_code, \n' +
    '          exchange_rate, estimated_gdp, flag_url\n' +
    '        ) VALUES (?, ?, ?, ?, ?, ?, ?, ?)\n' +
    '      ',
  sqlState: '23000',
  sqlMessage: "Duplicate entry 'Malawi' for key 'countries.name'",
  level: 'warn',
  stack: "Error: Duplicate entry 'Malawi' for key 'countries.name'\n" +
    '    at PromisePool.execute (/Users/teajhaney/Desktop/Acode/2025/Project/backend/HNG/country-currency-exchange/node_modules/mysql2/lib/promise/pool.js:54:22)\n' +
    '    at DatabaseService.execute (/Users/teajhaney/Desktop/Acode/2025/Project/backend/HNG/country-currency-exchange/src/common/config/database.ts:29:40)\n' +
    '    at CountryModel.create (/Users/teajhaney/Desktop/Acode/2025/Project/backend/HNG/country-currency-exchange/src/models/country.model.ts:26:37)\n' +
    '    at CountryService.refreshCountries (/Users/teajhaney/Desktop/Acode/2025/Project/backend/HNG/country-currency-exchange/src/services/country.service.ts:29:30)\n' +
    '    at processTicksAndRejections (node:internal/process/task_queues:105:5)\n' +
    '    at async refreshCountries (/Users/teajhaney/Desktop/Acode/2025/Project/backend/HNG/country-currency-exchange/src/controllers/country.controller.ts:13:22)',
  timestamp: '2025-10-24T20:42:55.911Z'
}
{
  service: 'country-currency-exchange',
  message: "Duplicate entry 'Malaysia' for key 'countries.name'",
  code: 'ER_DUP_ENTRY',
  errno: 1062,
  sql: '\n' +
    '        INSERT INTO countries (\n' +
    '          name, capital, region, population, currency_code, \n' +
    '          exchange_rate, estimated_gdp, flag_url\n' +
    '        ) VALUES (?, ?, ?, ?, ?, ?, ?, ?)\n' +
    '      ',
  sqlState: '23000',
  sqlMessage: "Duplicate entry 'Malaysia' for key 'countries.name'",
  level: 'error',
  stack: "Error: Duplicate entry 'Malaysia' for key 'countries.name'\n" +
    '    at PromisePool.execute (/Users/teajhaney/Desktop/Acode/2025/Project/backend/HNG/country-currency-exchange/node_modules/mysql2/lib/promise/pool.js:54:22)\n' +
    '    at DatabaseService.execute (/Users/teajhaney/Desktop/Acode/2025/Project/backend/HNG/country-currency-exchange/src/common/config/database.ts:29:40)\n' +
    '    at CountryModel.create (/Users/teajhaney/Desktop/Acode/2025/Project/backend/HNG/country-currency-exchange/src/models/country.model.ts:26:37)\n' +
    '    at CountryService.refreshCountries (/Users/teajhaney/Desktop/Acode/2025/Project/backend/HNG/country-currency-exchange/src/services/country.service.ts:29:30)\n' +
    '    at processTicksAndRejections (node:internal/process/task_queues:105:5)\n' +
    '    at async refreshCountries (/Users/teajhaney/Desktop/Acode/2025/Project/backend/HNG/country-currency-exchange/src/controllers/country.controller.ts:13:22)',
  timestamp: '2025-10-24T20:42:56.423Z'
}
{
  service: 'country-currency-exchange',
  message: "Duplicate entry 'Malaysia' for key 'countries.name'",
  code: 'ER_DUP_ENTRY',
  errno: 1062,
  sql: '\n' +
    '        INSERT INTO countries (\n' +
    '          name, capital, region, population, currency_code, \n' +
    '          exchange_rate, estimated_gdp, flag_url\n' +
    '        ) VALUES (?, ?, ?, ?, ?, ?, ?, ?)\n' +
    '      ',
  sqlState: '23000',
  sqlMessage: "Duplicate entry 'Malaysia' for key 'countries.name'",
  level: 'error',
  stack: "Error: Duplicate entry 'Malaysia' for key 'countries.name'\n" +
    '    at PromisePool.execute (/Users/teajhaney/Desktop/Acode/2025/Project/backend/HNG/country-currency-exchange/node_modules/mysql2/lib/promise/pool.js:54:22)\n' +
    '    at DatabaseService.execute (/Users/teajhaney/Desktop/Acode/2025/Project/backend/HNG/country-currency-exchange/src/common/config/database.ts:29:40)\n' +
    '    at CountryModel.create (/Users/teajhaney/Desktop/Acode/2025/Project/backend/HNG/country-currency-exchange/src/models/country.model.ts:26:37)\n' +
    '    at CountryService.refreshCountries (/Users/teajhaney/Desktop/Acode/2025/Project/backend/HNG/country-currency-exchange/src/services/country.service.ts:29:30)\n' +
    '    at processTicksAndRejections (node:internal/process/task_queues:105:5)\n' +
    '    at async refreshCountries (/Users/teajhaney/Desktop/Acode/2025/Project/backend/HNG/country-currency-exchange/src/controllers/country.controller.ts:13:22)',
  timestamp: '2025-10-24T20:42:56.423Z'
}
{
  service: 'country-currency-exchange',
  message: "Duplicate entry 'Malaysia' for key 'countries.name'",
  code: 'ER_DUP_ENTRY',
  errno: 1062,
  sql: '\n' +
    '        INSERT INTO countries (\n' +
    '          name, capital, region, population, currency_code, \n' +
    '          exchange_rate, estimated_gdp, flag_url\n' +
    '        ) VALUES (?, ?, ?, ?, ?, ?, ?, ?)\n' +
    '      ',
  sqlState: '23000',
  sqlMessage: "Duplicate entry 'Malaysia' for key 'countries.name'",
  level: 'warn',
  stack: "Error: Duplicate entry 'Malaysia' for key 'countries.name'\n" +
    '    at PromisePool.execute (/Users/teajhaney/Desktop/Acode/2025/Project/backend/HNG/country-currency-exchange/node_modules/mysql2/lib/promise/pool.js:54:22)\n' +
    '    at DatabaseService.execute (/Users/teajhaney/Desktop/Acode/2025/Project/backend/HNG/country-currency-exchange/src/common/config/database.ts:29:40)\n' +
    '    at CountryModel.create (/Users/teajhaney/Desktop/Acode/2025/Project/backend/HNG/country-currency-exchange/src/models/country.model.ts:26:37)\n' +
    '    at CountryService.refreshCountries (/Users/teajhaney/Desktop/Acode/2025/Project/backend/HNG/country-currency-exchange/src/services/country.service.ts:29:30)\n' +
    '    at processTicksAndRejections (node:internal/process/task_queues:105:5)\n' +
    '    at async refreshCountries (/Users/teajhaney/Desktop/Acode/2025/Project/backend/HNG/country-currency-exchange/src/controllers/country.controller.ts:13:22)',
  timestamp: '2025-10-24T20:42:56.424Z'
}
{
  service: 'country-currency-exchange',
  message: "Duplicate entry 'Maldives' for key 'countries.name'",
  code: 'ER_DUP_ENTRY',
  errno: 1062,
  sql: '\n' +
    '        INSERT INTO countries (\n' +
    '          name, capital, region, population, currency_code, \n' +
    '          exchange_rate, estimated_gdp, flag_url\n' +
    '        ) VALUES (?, ?, ?, ?, ?, ?, ?, ?)\n' +
    '      ',
  sqlState: '23000',
  sqlMessage: "Duplicate entry 'Maldives' for key 'countries.name'",
  level: 'error',
  stack: "Error: Duplicate entry 'Maldives' for key 'countries.name'\n" +
    '    at PromisePool.execute (/Users/teajhaney/Desktop/Acode/2025/Project/backend/HNG/country-currency-exchange/node_modules/mysql2/lib/promise/pool.js:54:22)\n' +
    '    at DatabaseService.execute (/Users/teajhaney/Desktop/Acode/2025/Project/backend/HNG/country-currency-exchange/src/common/config/database.ts:29:40)\n' +
    '    at CountryModel.create (/Users/teajhaney/Desktop/Acode/2025/Project/backend/HNG/country-currency-exchange/src/models/country.model.ts:26:37)\n' +
    '    at CountryService.refreshCountries (/Users/teajhaney/Desktop/Acode/2025/Project/backend/HNG/country-currency-exchange/src/services/country.service.ts:29:30)\n' +
    '    at processTicksAndRejections (node:internal/process/task_queues:105:5)\n' +
    '    at async refreshCountries (/Users/teajhaney/Desktop/Acode/2025/Project/backend/HNG/country-currency-exchange/src/controllers/country.controller.ts:13:22)',
  timestamp: '2025-10-24T20:42:56.948Z'
}
{
  service: 'country-currency-exchange',
  message: "Duplicate entry 'Maldives' for key 'countries.name'",
  code: 'ER_DUP_ENTRY',
  errno: 1062,
  sql: '\n' +
    '        INSERT INTO countries (\n' +
    '          name, capital, region, population, currency_code, \n' +
    '          exchange_rate, estimated_gdp, flag_url\n' +
    '        ) VALUES (?, ?, ?, ?, ?, ?, ?, ?)\n' +
    '      ',
  sqlState: '23000',
  sqlMessage: "Duplicate entry 'Maldives' for key 'countries.name'",
  level: 'error',
  stack: "Error: Duplicate entry 'Maldives' for key 'countries.name'\n" +
    '    at PromisePool.execute (/Users/teajhaney/Desktop/Acode/2025/Project/backend/HNG/country-currency-exchange/node_modules/mysql2/lib/promise/pool.js:54:22)\n' +
    '    at DatabaseService.execute (/Users/teajhaney/Desktop/Acode/2025/Project/backend/HNG/country-currency-exchange/src/common/config/database.ts:29:40)\n' +
    '    at CountryModel.create (/Users/teajhaney/Desktop/Acode/2025/Project/backend/HNG/country-currency-exchange/src/models/country.model.ts:26:37)\n' +
    '    at CountryService.refreshCountries (/Users/teajhaney/Desktop/Acode/2025/Project/backend/HNG/country-currency-exchange/src/services/country.service.ts:29:30)\n' +
    '    at processTicksAndRejections (node:internal/process/task_queues:105:5)\n' +
    '    at async refreshCountries (/Users/teajhaney/Desktop/Acode/2025/Project/backend/HNG/country-currency-exchange/src/controllers/country.controller.ts:13:22)',
  timestamp: '2025-10-24T20:42:56.949Z'
}
{
  service: 'country-currency-exchange',
  message: "Duplicate entry 'Maldives' for key 'countries.name'",
  code: 'ER_DUP_ENTRY',
  errno: 1062,
  sql: '\n' +
    '        INSERT INTO countries (\n' +
    '          name, capital, region, population, currency_code, \n' +
    '          exchange_rate, estimated_gdp, flag_url\n' +
    '        ) VALUES (?, ?, ?, ?, ?, ?, ?, ?)\n' +
    '      ',
  sqlState: '23000',
  sqlMessage: "Duplicate entry 'Maldives' for key 'countries.name'",
  level: 'warn',
  stack: "Error: Duplicate entry 'Maldives' for key 'countries.name'\n" +
    '    at PromisePool.execute (/Users/teajhaney/Desktop/Acode/2025/Project/backend/HNG/country-currency-exchange/node_modules/mysql2/lib/promise/pool.js:54:22)\n' +
    '    at DatabaseService.execute (/Users/teajhaney/Desktop/Acode/2025/Project/backend/HNG/country-currency-exchange/src/common/config/database.ts:29:40)\n' +
    '    at CountryModel.create (/Users/teajhaney/Desktop/Acode/2025/Project/backend/HNG/country-currency-exchange/src/models/country.model.ts:26:37)\n' +
    '    at CountryService.refreshCountries (/Users/teajhaney/Desktop/Acode/2025/Project/backend/HNG/country-currency-exchange/src/services/country.service.ts:29:30)\n' +
    '    at processTicksAndRejections (node:internal/process/task_queues:105:5)\n' +
    '    at async refreshCountries (/Users/teajhaney/Desktop/Acode/2025/Project/backend/HNG/country-currency-exchange/src/controllers/country.controller.ts:13:22)',
  timestamp: '2025-10-24T20:42:56.949Z'
}
{
  service: 'country-currency-exchange',
  message: "Duplicate entry 'Mali' for key 'countries.name'",
  code: 'ER_DUP_ENTRY',
  errno: 1062,
  sql: '\n' +
    '        INSERT INTO countries (\n' +
    '          name, capital, region, population, currency_code, \n' +
    '          exchange_rate, estimated_gdp, flag_url\n' +
    '        ) VALUES (?, ?, ?, ?, ?, ?, ?, ?)\n' +
    '      ',
  sqlState: '23000',
  sqlMessage: "Duplicate entry 'Mali' for key 'countries.name'",
  level: 'error',
  stack: "Error: Duplicate entry 'Mali' for key 'countries.name'\n" +
    '    at PromisePool.execute (/Users/teajhaney/Desktop/Acode/2025/Project/backend/HNG/country-currency-exchange/node_modules/mysql2/lib/promise/pool.js:54:22)\n' +
    '    at DatabaseService.execute (/Users/teajhaney/Desktop/Acode/2025/Project/backend/HNG/country-currency-exchange/src/common/config/database.ts:29:40)\n' +
    '    at CountryModel.create (/Users/teajhaney/Desktop/Acode/2025/Project/backend/HNG/country-currency-exchange/src/models/country.model.ts:26:37)\n' +
    '    at CountryService.refreshCountries (/Users/teajhaney/Desktop/Acode/2025/Project/backend/HNG/country-currency-exchange/src/services/country.service.ts:29:30)\n' +
    '    at processTicksAndRejections (node:internal/process/task_queues:105:5)\n' +
    '    at async refreshCountries (/Users/teajhaney/Desktop/Acode/2025/Project/backend/HNG/country-currency-exchange/src/controllers/country.controller.ts:13:22)',
  timestamp: '2025-10-24T20:42:57.414Z'
}
{
  service: 'country-currency-exchange',
  message: "Duplicate entry 'Mali' for key 'countries.name'",
  code: 'ER_DUP_ENTRY',
  errno: 1062,
  sql: '\n' +
    '        INSERT INTO countries (\n' +
    '          name, capital, region, population, currency_code, \n' +
    '          exchange_rate, estimated_gdp, flag_url\n' +
    '        ) VALUES (?, ?, ?, ?, ?, ?, ?, ?)\n' +
    '      ',
  sqlState: '23000',
  sqlMessage: "Duplicate entry 'Mali' for key 'countries.name'",
  level: 'error',
  stack: "Error: Duplicate entry 'Mali' for key 'countries.name'\n" +
    '    at PromisePool.execute (/Users/teajhaney/Desktop/Acode/2025/Project/backend/HNG/country-currency-exchange/node_modules/mysql2/lib/promise/pool.js:54:22)\n' +
    '    at DatabaseService.execute (/Users/teajhaney/Desktop/Acode/2025/Project/backend/HNG/country-currency-exchange/src/common/config/database.ts:29:40)\n' +
    '    at CountryModel.create (/Users/teajhaney/Desktop/Acode/2025/Project/backend/HNG/country-currency-exchange/src/models/country.model.ts:26:37)\n' +
    '    at CountryService.refreshCountries (/Users/teajhaney/Desktop/Acode/2025/Project/backend/HNG/country-currency-exchange/src/services/country.service.ts:29:30)\n' +
    '    at processTicksAndRejections (node:internal/process/task_queues:105:5)\n' +
    '    at async refreshCountries (/Users/teajhaney/Desktop/Acode/2025/Project/backend/HNG/country-currency-exchange/src/controllers/country.controller.ts:13:22)',
  timestamp: '2025-10-24T20:42:57.415Z'
}
{
  service: 'country-currency-exchange',
  message: "Duplicate entry 'Mali' for key 'countries.name'",
  code: 'ER_DUP_ENTRY',
  errno: 1062,
  sql: '\n' +
    '        INSERT INTO countries (\n' +
    '          name, capital, region, population, currency_code, \n' +
    '          exchange_rate, estimated_gdp, flag_url\n' +
    '        ) VALUES (?, ?, ?, ?, ?, ?, ?, ?)\n' +
    '      ',
  sqlState: '23000',
  sqlMessage: "Duplicate entry 'Mali' for key 'countries.name'",
  level: 'warn',
  stack: "Error: Duplicate entry 'Mali' for key 'countries.name'\n" +
    '    at PromisePool.execute (/Users/teajhaney/Desktop/Acode/2025/Project/backend/HNG/country-currency-exchange/node_modules/mysql2/lib/promise/pool.js:54:22)\n' +
    '    at DatabaseService.execute (/Users/teajhaney/Desktop/Acode/2025/Project/backend/HNG/country-currency-exchange/src/common/config/database.ts:29:40)\n' +
    '    at CountryModel.create (/Users/teajhaney/Desktop/Acode/2025/Project/backend/HNG/country-currency-exchange/src/models/country.model.ts:26:37)\n' +
    '    at CountryService.refreshCountries (/Users/teajhaney/Desktop/Acode/2025/Project/backend/HNG/country-currency-exchange/src/services/country.service.ts:29:30)\n' +
    '    at processTicksAndRejections (node:internal/process/task_queues:105:5)\n' +
    '    at async refreshCountries (/Users/teajhaney/Desktop/Acode/2025/Project/backend/HNG/country-currency-exchange/src/controllers/country.controller.ts:13:22)',
  timestamp: '2025-10-24T20:42:57.416Z'
}
{
  service: 'country-currency-exchange',
  message: "Duplicate entry 'Malta' for key 'countries.name'",
  code: 'ER_DUP_ENTRY',
  errno: 1062,
  sql: '\n' +
    '        INSERT INTO countries (\n' +
    '          name, capital, region, population, currency_code, \n' +
    '          exchange_rate, estimated_gdp, flag_url\n' +
    '        ) VALUES (?, ?, ?, ?, ?, ?, ?, ?)\n' +
    '      ',
  sqlState: '23000',
  sqlMessage: "Duplicate entry 'Malta' for key 'countries.name'",
  level: 'error',
  stack: "Error: Duplicate entry 'Malta' for key 'countries.name'\n" +
    '    at PromisePool.execute (/Users/teajhaney/Desktop/Acode/2025/Project/backend/HNG/country-currency-exchange/node_modules/mysql2/lib/promise/pool.js:54:22)\n' +
    '    at DatabaseService.execute (/Users/teajhaney/Desktop/Acode/2025/Project/backend/HNG/country-currency-exchange/src/common/config/database.ts:29:40)\n' +
    '    at CountryModel.create (/Users/teajhaney/Desktop/Acode/2025/Project/backend/HNG/country-currency-exchange/src/models/country.model.ts:26:37)\n' +
    '    at CountryService.refreshCountries (/Users/teajhaney/Desktop/Acode/2025/Project/backend/HNG/country-currency-exchange/src/services/country.service.ts:29:30)\n' +
    '    at processTicksAndRejections (node:internal/process/task_queues:105:5)\n' +
    '    at async refreshCountries (/Users/teajhaney/Desktop/Acode/2025/Project/backend/HNG/country-currency-exchange/src/controllers/country.controller.ts:13:22)',
  timestamp: '2025-10-24T20:42:57.972Z'
}
{
  service: 'country-currency-exchange',
  message: "Duplicate entry 'Malta' for key 'countries.name'",
  code: 'ER_DUP_ENTRY',
  errno: 1062,
  sql: '\n' +
    '        INSERT INTO countries (\n' +
    '          name, capital, region, population, currency_code, \n' +
    '          exchange_rate, estimated_gdp, flag_url\n' +
    '        ) VALUES (?, ?, ?, ?, ?, ?, ?, ?)\n' +
    '      ',
  sqlState: '23000',
  sqlMessage: "Duplicate entry 'Malta' for key 'countries.name'",
  level: 'error',
  stack: "Error: Duplicate entry 'Malta' for key 'countries.name'\n" +
    '    at PromisePool.execute (/Users/teajhaney/Desktop/Acode/2025/Project/backend/HNG/country-currency-exchange/node_modules/mysql2/lib/promise/pool.js:54:22)\n' +
    '    at DatabaseService.execute (/Users/teajhaney/Desktop/Acode/2025/Project/backend/HNG/country-currency-exchange/src/common/config/database.ts:29:40)\n' +
    '    at CountryModel.create (/Users/teajhaney/Desktop/Acode/2025/Project/backend/HNG/country-currency-exchange/src/models/country.model.ts:26:37)\n' +
    '    at CountryService.refreshCountries (/Users/teajhaney/Desktop/Acode/2025/Project/backend/HNG/country-currency-exchange/src/services/country.service.ts:29:30)\n' +
    '    at processTicksAndRejections (node:internal/process/task_queues:105:5)\n' +
    '    at async refreshCountries (/Users/teajhaney/Desktop/Acode/2025/Project/backend/HNG/country-currency-exchange/src/controllers/country.controller.ts:13:22)',
  timestamp: '2025-10-24T20:42:57.973Z'
}
{
  service: 'country-currency-exchange',
  message: "Duplicate entry 'Malta' for key 'countries.name'",
  code: 'ER_DUP_ENTRY',
  errno: 1062,
  sql: '\n' +
    '        INSERT INTO countries (\n' +
    '          name, capital, region, population, currency_code, \n' +
    '          exchange_rate, estimated_gdp, flag_url\n' +
    '        ) VALUES (?, ?, ?, ?, ?, ?, ?, ?)\n' +
    '      ',
  sqlState: '23000',
  sqlMessage: "Duplicate entry 'Malta' for key 'countries.name'",
  level: 'warn',
  stack: "Error: Duplicate entry 'Malta' for key 'countries.name'\n" +
    '    at PromisePool.execute (/Users/teajhaney/Desktop/Acode/2025/Project/backend/HNG/country-currency-exchange/node_modules/mysql2/lib/promise/pool.js:54:22)\n' +
    '    at DatabaseService.execute (/Users/teajhaney/Desktop/Acode/2025/Project/backend/HNG/country-currency-exchange/src/common/config/database.ts:29:40)\n' +
    '    at CountryModel.create (/Users/teajhaney/Desktop/Acode/2025/Project/backend/HNG/country-currency-exchange/src/models/country.model.ts:26:37)\n' +
    '    at CountryService.refreshCountries (/Users/teajhaney/Desktop/Acode/2025/Project/backend/HNG/country-currency-exchange/src/services/country.service.ts:29:30)\n' +
    '    at processTicksAndRejections (node:internal/process/task_queues:105:5)\n' +
    '    at async refreshCountries (/Users/teajhaney/Desktop/Acode/2025/Project/backend/HNG/country-currency-exchange/src/controllers/country.controller.ts:13:22)',
  timestamp: '2025-10-24T20:42:57.973Z'
}
{
  service: 'country-currency-exchange',
  message: "Duplicate entry 'Marshall Islands' for key 'countries.name'",
  code: 'ER_DUP_ENTRY',
  errno: 1062,
  sql: '\n' +
    '        INSERT INTO countries (\n' +
    '          name, capital, region, population, currency_code, \n' +
    '          exchange_rate, estimated_gdp, flag_url\n' +
    '        ) VALUES (?, ?, ?, ?, ?, ?, ?, ?)\n' +
    '      ',
  sqlState: '23000',
  sqlMessage: "Duplicate entry 'Marshall Islands' for key 'countries.name'",
  level: 'error',
  stack: "Error: Duplicate entry 'Marshall Islands' for key 'countries.name'\n" +
    '    at PromisePool.execute (/Users/teajhaney/Desktop/Acode/2025/Project/backend/HNG/country-currency-exchange/node_modules/mysql2/lib/promise/pool.js:54:22)\n' +
    '    at DatabaseService.execute (/Users/teajhaney/Desktop/Acode/2025/Project/backend/HNG/country-currency-exchange/src/common/config/database.ts:29:40)\n' +
    '    at CountryModel.create (/Users/teajhaney/Desktop/Acode/2025/Project/backend/HNG/country-currency-exchange/src/models/country.model.ts:26:37)\n' +
    '    at CountryService.refreshCountries (/Users/teajhaney/Desktop/Acode/2025/Project/backend/HNG/country-currency-exchange/src/services/country.service.ts:29:30)\n' +
    '    at processTicksAndRejections (node:internal/process/task_queues:105:5)\n' +
    '    at async refreshCountries (/Users/teajhaney/Desktop/Acode/2025/Project/backend/HNG/country-currency-exchange/src/controllers/country.controller.ts:13:22)',
  timestamp: '2025-10-24T20:42:58.478Z'
}
{
  service: 'country-currency-exchange',
  message: "Duplicate entry 'Marshall Islands' for key 'countries.name'",
  code: 'ER_DUP_ENTRY',
  errno: 1062,
  sql: '\n' +
    '        INSERT INTO countries (\n' +
    '          name, capital, region, population, currency_code, \n' +
    '          exchange_rate, estimated_gdp, flag_url\n' +
    '        ) VALUES (?, ?, ?, ?, ?, ?, ?, ?)\n' +
    '      ',
  sqlState: '23000',
  sqlMessage: "Duplicate entry 'Marshall Islands' for key 'countries.name'",
  level: 'error',
  stack: "Error: Duplicate entry 'Marshall Islands' for key 'countries.name'\n" +
    '    at PromisePool.execute (/Users/teajhaney/Desktop/Acode/2025/Project/backend/HNG/country-currency-exchange/node_modules/mysql2/lib/promise/pool.js:54:22)\n' +
    '    at DatabaseService.execute (/Users/teajhaney/Desktop/Acode/2025/Project/backend/HNG/country-currency-exchange/src/common/config/database.ts:29:40)\n' +
    '    at CountryModel.create (/Users/teajhaney/Desktop/Acode/2025/Project/backend/HNG/country-currency-exchange/src/models/country.model.ts:26:37)\n' +
    '    at CountryService.refreshCountries (/Users/teajhaney/Desktop/Acode/2025/Project/backend/HNG/country-currency-exchange/src/services/country.service.ts:29:30)\n' +
    '    at processTicksAndRejections (node:internal/process/task_queues:105:5)\n' +
    '    at async refreshCountries (/Users/teajhaney/Desktop/Acode/2025/Project/backend/HNG/country-currency-exchange/src/controllers/country.controller.ts:13:22)',
  timestamp: '2025-10-24T20:42:58.479Z'
}
{
  service: 'country-currency-exchange',
  message: "Duplicate entry 'Marshall Islands' for key 'countries.name'",
  code: 'ER_DUP_ENTRY',
  errno: 1062,
  sql: '\n' +
    '        INSERT INTO countries (\n' +
    '          name, capital, region, population, currency_code, \n' +
    '          exchange_rate, estimated_gdp, flag_url\n' +
    '        ) VALUES (?, ?, ?, ?, ?, ?, ?, ?)\n' +
    '      ',
  sqlState: '23000',
  sqlMessage: "Duplicate entry 'Marshall Islands' for key 'countries.name'",
  level: 'warn',
  stack: "Error: Duplicate entry 'Marshall Islands' for key 'countries.name'\n" +
    '    at PromisePool.execute (/Users/teajhaney/Desktop/Acode/2025/Project/backend/HNG/country-currency-exchange/node_modules/mysql2/lib/promise/pool.js:54:22)\n' +
    '    at DatabaseService.execute (/Users/teajhaney/Desktop/Acode/2025/Project/backend/HNG/country-currency-exchange/src/common/config/database.ts:29:40)\n' +
    '    at CountryModel.create (/Users/teajhaney/Desktop/Acode/2025/Project/backend/HNG/country-currency-exchange/src/models/country.model.ts:26:37)\n' +
    '    at CountryService.refreshCountries (/Users/teajhaney/Desktop/Acode/2025/Project/backend/HNG/country-currency-exchange/src/services/country.service.ts:29:30)\n' +
    '    at processTicksAndRejections (node:internal/process/task_queues:105:5)\n' +
    '    at async refreshCountries (/Users/teajhaney/Desktop/Acode/2025/Project/backend/HNG/country-currency-exchange/src/controllers/country.controller.ts:13:22)',
  timestamp: '2025-10-24T20:42:58.479Z'
}
{
  service: 'country-currency-exchange',
  message: "Duplicate entry 'Martinique' for key 'countries.name'",
  code: 'ER_DUP_ENTRY',
  errno: 1062,
  sql: '\n' +
    '        INSERT INTO countries (\n' +
    '          name, capital, region, population, currency_code, \n' +
    '          exchange_rate, estimated_gdp, flag_url\n' +
    '        ) VALUES (?, ?, ?, ?, ?, ?, ?, ?)\n' +
    '      ',
  sqlState: '23000',
  sqlMessage: "Duplicate entry 'Martinique' for key 'countries.name'",
  level: 'error',
  stack: "Error: Duplicate entry 'Martinique' for key 'countries.name'\n" +
    '    at PromisePool.execute (/Users/teajhaney/Desktop/Acode/2025/Project/backend/HNG/country-currency-exchange/node_modules/mysql2/lib/promise/pool.js:54:22)\n' +
    '    at DatabaseService.execute (/Users/teajhaney/Desktop/Acode/2025/Project/backend/HNG/country-currency-exchange/src/common/config/database.ts:29:40)\n' +
    '    at CountryModel.create (/Users/teajhaney/Desktop/Acode/2025/Project/backend/HNG/country-currency-exchange/src/models/country.model.ts:26:37)\n' +
    '    at CountryService.refreshCountries (/Users/teajhaney/Desktop/Acode/2025/Project/backend/HNG/country-currency-exchange/src/services/country.service.ts:29:30)\n' +
    '    at processTicksAndRejections (node:internal/process/task_queues:105:5)\n' +
    '    at async refreshCountries (/Users/teajhaney/Desktop/Acode/2025/Project/backend/HNG/country-currency-exchange/src/controllers/country.controller.ts:13:22)',
  timestamp: '2025-10-24T20:42:58.986Z'
}
{
  service: 'country-currency-exchange',
  message: "Duplicate entry 'Martinique' for key 'countries.name'",
  code: 'ER_DUP_ENTRY',
  errno: 1062,
  sql: '\n' +
    '        INSERT INTO countries (\n' +
    '          name, capital, region, population, currency_code, \n' +
    '          exchange_rate, estimated_gdp, flag_url\n' +
    '        ) VALUES (?, ?, ?, ?, ?, ?, ?, ?)\n' +
    '      ',
  sqlState: '23000',
  sqlMessage: "Duplicate entry 'Martinique' for key 'countries.name'",
  level: 'error',
  stack: "Error: Duplicate entry 'Martinique' for key 'countries.name'\n" +
    '    at PromisePool.execute (/Users/teajhaney/Desktop/Acode/2025/Project/backend/HNG/country-currency-exchange/node_modules/mysql2/lib/promise/pool.js:54:22)\n' +
    '    at DatabaseService.execute (/Users/teajhaney/Desktop/Acode/2025/Project/backend/HNG/country-currency-exchange/src/common/config/database.ts:29:40)\n' +
    '    at CountryModel.create (/Users/teajhaney/Desktop/Acode/2025/Project/backend/HNG/country-currency-exchange/src/models/country.model.ts:26:37)\n' +
    '    at CountryService.refreshCountries (/Users/teajhaney/Desktop/Acode/2025/Project/backend/HNG/country-currency-exchange/src/services/country.service.ts:29:30)\n' +
    '    at processTicksAndRejections (node:internal/process/task_queues:105:5)\n' +
    '    at async refreshCountries (/Users/teajhaney/Desktop/Acode/2025/Project/backend/HNG/country-currency-exchange/src/controllers/country.controller.ts:13:22)',
  timestamp: '2025-10-24T20:42:58.987Z'
}
{
  service: 'country-currency-exchange',
  message: "Duplicate entry 'Martinique' for key 'countries.name'",
  code: 'ER_DUP_ENTRY',
  errno: 1062,
  sql: '\n' +
    '        INSERT INTO countries (\n' +
    '          name, capital, region, population, currency_code, \n' +
    '          exchange_rate, estimated_gdp, flag_url\n' +
    '        ) VALUES (?, ?, ?, ?, ?, ?, ?, ?)\n' +
    '      ',
  sqlState: '23000',
  sqlMessage: "Duplicate entry 'Martinique' for key 'countries.name'",
  level: 'warn',
  stack: "Error: Duplicate entry 'Martinique' for key 'countries.name'\n" +
    '    at PromisePool.execute (/Users/teajhaney/Desktop/Acode/2025/Project/backend/HNG/country-currency-exchange/node_modules/mysql2/lib/promise/pool.js:54:22)\n' +
    '    at DatabaseService.execute (/Users/teajhaney/Desktop/Acode/2025/Project/backend/HNG/country-currency-exchange/src/common/config/database.ts:29:40)\n' +
    '    at CountryModel.create (/Users/teajhaney/Desktop/Acode/2025/Project/backend/HNG/country-currency-exchange/src/models/country.model.ts:26:37)\n' +
    '    at CountryService.refreshCountries (/Users/teajhaney/Desktop/Acode/2025/Project/backend/HNG/country-currency-exchange/src/services/country.service.ts:29:30)\n' +
    '    at processTicksAndRejections (node:internal/process/task_queues:105:5)\n' +
    '    at async refreshCountries (/Users/teajhaney/Desktop/Acode/2025/Project/backend/HNG/country-currency-exchange/src/controllers/country.controller.ts:13:22)',
  timestamp: '2025-10-24T20:42:58.987Z'
}
{
  service: 'country-currency-exchange',
  message: "Duplicate entry 'Mauritania' for key 'countries.name'",
  code: 'ER_DUP_ENTRY',
  errno: 1062,
  sql: '\n' +
    '        INSERT INTO countries (\n' +
    '          name, capital, region, population, currency_code, \n' +
    '          exchange_rate, estimated_gdp, flag_url\n' +
    '        ) VALUES (?, ?, ?, ?, ?, ?, ?, ?)\n' +
    '      ',
  sqlState: '23000',
  sqlMessage: "Duplicate entry 'Mauritania' for key 'countries.name'",
  level: 'error',
  stack: "Error: Duplicate entry 'Mauritania' for key 'countries.name'\n" +
    '    at PromisePool.execute (/Users/teajhaney/Desktop/Acode/2025/Project/backend/HNG/country-currency-exchange/node_modules/mysql2/lib/promise/pool.js:54:22)\n' +
    '    at DatabaseService.execute (/Users/teajhaney/Desktop/Acode/2025/Project/backend/HNG/country-currency-exchange/src/common/config/database.ts:29:40)\n' +
    '    at CountryModel.create (/Users/teajhaney/Desktop/Acode/2025/Project/backend/HNG/country-currency-exchange/src/models/country.model.ts:26:37)\n' +
    '    at CountryService.refreshCountries (/Users/teajhaney/Desktop/Acode/2025/Project/backend/HNG/country-currency-exchange/src/services/country.service.ts:29:30)\n' +
    '    at processTicksAndRejections (node:internal/process/task_queues:105:5)\n' +
    '    at async refreshCountries (/Users/teajhaney/Desktop/Acode/2025/Project/backend/HNG/country-currency-exchange/src/controllers/country.controller.ts:13:22)',
  timestamp: '2025-10-24T20:42:59.474Z'
}
{
  service: 'country-currency-exchange',
  message: "Duplicate entry 'Mauritania' for key 'countries.name'",
  code: 'ER_DUP_ENTRY',
  errno: 1062,
  sql: '\n' +
    '        INSERT INTO countries (\n' +
    '          name, capital, region, population, currency_code, \n' +
    '          exchange_rate, estimated_gdp, flag_url\n' +
    '        ) VALUES (?, ?, ?, ?, ?, ?, ?, ?)\n' +
    '      ',
  sqlState: '23000',
  sqlMessage: "Duplicate entry 'Mauritania' for key 'countries.name'",
  level: 'error',
  stack: "Error: Duplicate entry 'Mauritania' for key 'countries.name'\n" +
    '    at PromisePool.execute (/Users/teajhaney/Desktop/Acode/2025/Project/backend/HNG/country-currency-exchange/node_modules/mysql2/lib/promise/pool.js:54:22)\n' +
    '    at DatabaseService.execute (/Users/teajhaney/Desktop/Acode/2025/Project/backend/HNG/country-currency-exchange/src/common/config/database.ts:29:40)\n' +
    '    at CountryModel.create (/Users/teajhaney/Desktop/Acode/2025/Project/backend/HNG/country-currency-exchange/src/models/country.model.ts:26:37)\n' +
    '    at CountryService.refreshCountries (/Users/teajhaney/Desktop/Acode/2025/Project/backend/HNG/country-currency-exchange/src/services/country.service.ts:29:30)\n' +
    '    at processTicksAndRejections (node:internal/process/task_queues:105:5)\n' +
    '    at async refreshCountries (/Users/teajhaney/Desktop/Acode/2025/Project/backend/HNG/country-currency-exchange/src/controllers/country.controller.ts:13:22)',
  timestamp: '2025-10-24T20:42:59.474Z'
}
{
  service: 'country-currency-exchange',
  message: "Duplicate entry 'Mauritania' for key 'countries.name'",
  code: 'ER_DUP_ENTRY',
  errno: 1062,
  sql: '\n' +
    '        INSERT INTO countries (\n' +
    '          name, capital, region, population, currency_code, \n' +
    '          exchange_rate, estimated_gdp, flag_url\n' +
    '        ) VALUES (?, ?, ?, ?, ?, ?, ?, ?)\n' +
    '      ',
  sqlState: '23000',
  sqlMessage: "Duplicate entry 'Mauritania' for key 'countries.name'",
  level: 'warn',
  stack: "Error: Duplicate entry 'Mauritania' for key 'countries.name'\n" +
    '    at PromisePool.execute (/Users/teajhaney/Desktop/Acode/2025/Project/backend/HNG/country-currency-exchange/node_modules/mysql2/lib/promise/pool.js:54:22)\n' +
    '    at DatabaseService.execute (/Users/teajhaney/Desktop/Acode/2025/Project/backend/HNG/country-currency-exchange/src/common/config/database.ts:29:40)\n' +
    '    at CountryModel.create (/Users/teajhaney/Desktop/Acode/2025/Project/backend/HNG/country-currency-exchange/src/models/country.model.ts:26:37)\n' +
    '    at CountryService.refreshCountries (/Users/teajhaney/Desktop/Acode/2025/Project/backend/HNG/country-currency-exchange/src/services/country.service.ts:29:30)\n' +
    '    at processTicksAndRejections (node:internal/process/task_queues:105:5)\n' +
    '    at async refreshCountries (/Users/teajhaney/Desktop/Acode/2025/Project/backend/HNG/country-currency-exchange/src/controllers/country.controller.ts:13:22)',
  timestamp: '2025-10-24T20:42:59.474Z'
}
{
  service: 'country-currency-exchange',
  message: "Duplicate entry 'Mauritius' for key 'countries.name'",
  code: 'ER_DUP_ENTRY',
  errno: 1062,
  sql: '\n' +
    '        INSERT INTO countries (\n' +
    '          name, capital, region, population, currency_code, \n' +
    '          exchange_rate, estimated_gdp, flag_url\n' +
    '        ) VALUES (?, ?, ?, ?, ?, ?, ?, ?)\n' +
    '      ',
  sqlState: '23000',
  sqlMessage: "Duplicate entry 'Mauritius' for key 'countries.name'",
  level: 'error',
  stack: "Error: Duplicate entry 'Mauritius' for key 'countries.name'\n" +
    '    at PromisePool.execute (/Users/teajhaney/Desktop/Acode/2025/Project/backend/HNG/country-currency-exchange/node_modules/mysql2/lib/promise/pool.js:54:22)\n' +
    '    at DatabaseService.execute (/Users/teajhaney/Desktop/Acode/2025/Project/backend/HNG/country-currency-exchange/src/common/config/database.ts:29:40)\n' +
    '    at CountryModel.create (/Users/teajhaney/Desktop/Acode/2025/Project/backend/HNG/country-currency-exchange/src/models/country.model.ts:26:37)\n' +
    '    at CountryService.refreshCountries (/Users/teajhaney/Desktop/Acode/2025/Project/backend/HNG/country-currency-exchange/src/services/country.service.ts:29:30)\n' +
    '    at processTicksAndRejections (node:internal/process/task_queues:105:5)\n' +
    '    at async refreshCountries (/Users/teajhaney/Desktop/Acode/2025/Project/backend/HNG/country-currency-exchange/src/controllers/country.controller.ts:13:22)',
  timestamp: '2025-10-24T20:43:00.715Z'
}
{
  service: 'country-currency-exchange',
  message: "Duplicate entry 'Mauritius' for key 'countries.name'",
  code: 'ER_DUP_ENTRY',
  errno: 1062,
  sql: '\n' +
    '        INSERT INTO countries (\n' +
    '          name, capital, region, population, currency_code, \n' +
    '          exchange_rate, estimated_gdp, flag_url\n' +
    '        ) VALUES (?, ?, ?, ?, ?, ?, ?, ?)\n' +
    '      ',
  sqlState: '23000',
  sqlMessage: "Duplicate entry 'Mauritius' for key 'countries.name'",
  level: 'error',
  stack: "Error: Duplicate entry 'Mauritius' for key 'countries.name'\n" +
    '    at PromisePool.execute (/Users/teajhaney/Desktop/Acode/2025/Project/backend/HNG/country-currency-exchange/node_modules/mysql2/lib/promise/pool.js:54:22)\n' +
    '    at DatabaseService.execute (/Users/teajhaney/Desktop/Acode/2025/Project/backend/HNG/country-currency-exchange/src/common/config/database.ts:29:40)\n' +
    '    at CountryModel.create (/Users/teajhaney/Desktop/Acode/2025/Project/backend/HNG/country-currency-exchange/src/models/country.model.ts:26:37)\n' +
    '    at CountryService.refreshCountries (/Users/teajhaney/Desktop/Acode/2025/Project/backend/HNG/country-currency-exchange/src/services/country.service.ts:29:30)\n' +
    '    at processTicksAndRejections (node:internal/process/task_queues:105:5)\n' +
    '    at async refreshCountries (/Users/teajhaney/Desktop/Acode/2025/Project/backend/HNG/country-currency-exchange/src/controllers/country.controller.ts:13:22)',
  timestamp: '2025-10-24T20:43:00.715Z'
}
{
  service: 'country-currency-exchange',
  message: "Duplicate entry 'Mauritius' for key 'countries.name'",
  code: 'ER_DUP_ENTRY',
  errno: 1062,
  sql: '\n' +
    '        INSERT INTO countries (\n' +
    '          name, capital, region, population, currency_code, \n' +
    '          exchange_rate, estimated_gdp, flag_url\n' +
    '        ) VALUES (?, ?, ?, ?, ?, ?, ?, ?)\n' +
    '      ',
  sqlState: '23000',
  sqlMessage: "Duplicate entry 'Mauritius' for key 'countries.name'",
  level: 'warn',
  stack: "Error: Duplicate entry 'Mauritius' for key 'countries.name'\n" +
    '    at PromisePool.execute (/Users/teajhaney/Desktop/Acode/2025/Project/backend/HNG/country-currency-exchange/node_modules/mysql2/lib/promise/pool.js:54:22)\n' +
    '    at DatabaseService.execute (/Users/teajhaney/Desktop/Acode/2025/Project/backend/HNG/country-currency-exchange/src/common/config/database.ts:29:40)\n' +
    '    at CountryModel.create (/Users/teajhaney/Desktop/Acode/2025/Project/backend/HNG/country-currency-exchange/src/models/country.model.ts:26:37)\n' +
    '    at CountryService.refreshCountries (/Users/teajhaney/Desktop/Acode/2025/Project/backend/HNG/country-currency-exchange/src/services/country.service.ts:29:30)\n' +
    '    at processTicksAndRejections (node:internal/process/task_queues:105:5)\n' +
    '    at async refreshCountries (/Users/teajhaney/Desktop/Acode/2025/Project/backend/HNG/country-currency-exchange/src/controllers/country.controller.ts:13:22)',
  timestamp: '2025-10-24T20:43:00.715Z'
}
{
  service: 'country-currency-exchange',
  message: "Duplicate entry 'Mayotte' for key 'countries.name'",
  code: 'ER_DUP_ENTRY',
  errno: 1062,
  sql: '\n' +
    '        INSERT INTO countries (\n' +
    '          name, capital, region, population, currency_code, \n' +
    '          exchange_rate, estimated_gdp, flag_url\n' +
    '        ) VALUES (?, ?, ?, ?, ?, ?, ?, ?)\n' +
    '      ',
  sqlState: '23000',
  sqlMessage: "Duplicate entry 'Mayotte' for key 'countries.name'",
  level: 'error',
  stack: "Error: Duplicate entry 'Mayotte' for key 'countries.name'\n" +
    '    at PromisePool.execute (/Users/teajhaney/Desktop/Acode/2025/Project/backend/HNG/country-currency-exchange/node_modules/mysql2/lib/promise/pool.js:54:22)\n' +
    '    at DatabaseService.execute (/Users/teajhaney/Desktop/Acode/2025/Project/backend/HNG/country-currency-exchange/src/common/config/database.ts:29:40)\n' +
    '    at CountryModel.create (/Users/teajhaney/Desktop/Acode/2025/Project/backend/HNG/country-currency-exchange/src/models/country.model.ts:26:37)\n' +
    '    at CountryService.refreshCountries (/Users/teajhaney/Desktop/Acode/2025/Project/backend/HNG/country-currency-exchange/src/services/country.service.ts:29:30)\n' +
    '    at processTicksAndRejections (node:internal/process/task_queues:105:5)\n' +
    '    at async refreshCountries (/Users/teajhaney/Desktop/Acode/2025/Project/backend/HNG/country-currency-exchange/src/controllers/country.controller.ts:13:22)',
  timestamp: '2025-10-24T20:43:01.290Z'
}
{
  service: 'country-currency-exchange',
  message: "Duplicate entry 'Mayotte' for key 'countries.name'",
  code: 'ER_DUP_ENTRY',
  errno: 1062,
  sql: '\n' +
    '        INSERT INTO countries (\n' +
    '          name, capital, region, population, currency_code, \n' +
    '          exchange_rate, estimated_gdp, flag_url\n' +
    '        ) VALUES (?, ?, ?, ?, ?, ?, ?, ?)\n' +
    '      ',
  sqlState: '23000',
  sqlMessage: "Duplicate entry 'Mayotte' for key 'countries.name'",
  level: 'error',
  stack: "Error: Duplicate entry 'Mayotte' for key 'countries.name'\n" +
    '    at PromisePool.execute (/Users/teajhaney/Desktop/Acode/2025/Project/backend/HNG/country-currency-exchange/node_modules/mysql2/lib/promise/pool.js:54:22)\n' +
    '    at DatabaseService.execute (/Users/teajhaney/Desktop/Acode/2025/Project/backend/HNG/country-currency-exchange/src/common/config/database.ts:29:40)\n' +
    '    at CountryModel.create (/Users/teajhaney/Desktop/Acode/2025/Project/backend/HNG/country-currency-exchange/src/models/country.model.ts:26:37)\n' +
    '    at CountryService.refreshCountries (/Users/teajhaney/Desktop/Acode/2025/Project/backend/HNG/country-currency-exchange/src/services/country.service.ts:29:30)\n' +
    '    at processTicksAndRejections (node:internal/process/task_queues:105:5)\n' +
    '    at async refreshCountries (/Users/teajhaney/Desktop/Acode/2025/Project/backend/HNG/country-currency-exchange/src/controllers/country.controller.ts:13:22)',
  timestamp: '2025-10-24T20:43:01.291Z'
}
{
  service: 'country-currency-exchange',
  message: "Duplicate entry 'Mayotte' for key 'countries.name'",
  code: 'ER_DUP_ENTRY',
  errno: 1062,
  sql: '\n' +
    '        INSERT INTO countries (\n' +
    '          name, capital, region, population, currency_code, \n' +
    '          exchange_rate, estimated_gdp, flag_url\n' +
    '        ) VALUES (?, ?, ?, ?, ?, ?, ?, ?)\n' +
    '      ',
  sqlState: '23000',
  sqlMessage: "Duplicate entry 'Mayotte' for key 'countries.name'",
  level: 'warn',
  stack: "Error: Duplicate entry 'Mayotte' for key 'countries.name'\n" +
    '    at PromisePool.execute (/Users/teajhaney/Desktop/Acode/2025/Project/backend/HNG/country-currency-exchange/node_modules/mysql2/lib/promise/pool.js:54:22)\n' +
    '    at DatabaseService.execute (/Users/teajhaney/Desktop/Acode/2025/Project/backend/HNG/country-currency-exchange/src/common/config/database.ts:29:40)\n' +
    '    at CountryModel.create (/Users/teajhaney/Desktop/Acode/2025/Project/backend/HNG/country-currency-exchange/src/models/country.model.ts:26:37)\n' +
    '    at CountryService.refreshCountries (/Users/teajhaney/Desktop/Acode/2025/Project/backend/HNG/country-currency-exchange/src/services/country.service.ts:29:30)\n' +
    '    at processTicksAndRejections (node:internal/process/task_queues:105:5)\n' +
    '    at async refreshCountries (/Users/teajhaney/Desktop/Acode/2025/Project/backend/HNG/country-currency-exchange/src/controllers/country.controller.ts:13:22)',
  timestamp: '2025-10-24T20:43:01.291Z'
}
{
  service: 'country-currency-exchange',
  message: "Duplicate entry 'Mexico' for key 'countries.name'",
  code: 'ER_DUP_ENTRY',
  errno: 1062,
  sql: '\n' +
    '        INSERT INTO countries (\n' +
    '          name, capital, region, population, currency_code, \n' +
    '          exchange_rate, estimated_gdp, flag_url\n' +
    '        ) VALUES (?, ?, ?, ?, ?, ?, ?, ?)\n' +
    '      ',
  sqlState: '23000',
  sqlMessage: "Duplicate entry 'Mexico' for key 'countries.name'",
  level: 'error',
  stack: "Error: Duplicate entry 'Mexico' for key 'countries.name'\n" +
    '    at PromisePool.execute (/Users/teajhaney/Desktop/Acode/2025/Project/backend/HNG/country-currency-exchange/node_modules/mysql2/lib/promise/pool.js:54:22)\n' +
    '    at DatabaseService.execute (/Users/teajhaney/Desktop/Acode/2025/Project/backend/HNG/country-currency-exchange/src/common/config/database.ts:29:40)\n' +
    '    at CountryModel.create (/Users/teajhaney/Desktop/Acode/2025/Project/backend/HNG/country-currency-exchange/src/models/country.model.ts:26:37)\n' +
    '    at CountryService.refreshCountries (/Users/teajhaney/Desktop/Acode/2025/Project/backend/HNG/country-currency-exchange/src/services/country.service.ts:29:30)\n' +
    '    at processTicksAndRejections (node:internal/process/task_queues:105:5)\n' +
    '    at async refreshCountries (/Users/teajhaney/Desktop/Acode/2025/Project/backend/HNG/country-currency-exchange/src/controllers/country.controller.ts:13:22)',
  timestamp: '2025-10-24T20:43:01.810Z'
}
{
  service: 'country-currency-exchange',
  message: "Duplicate entry 'Mexico' for key 'countries.name'",
  code: 'ER_DUP_ENTRY',
  errno: 1062,
  sql: '\n' +
    '        INSERT INTO countries (\n' +
    '          name, capital, region, population, currency_code, \n' +
    '          exchange_rate, estimated_gdp, flag_url\n' +
    '        ) VALUES (?, ?, ?, ?, ?, ?, ?, ?)\n' +
    '      ',
  sqlState: '23000',
  sqlMessage: "Duplicate entry 'Mexico' for key 'countries.name'",
  level: 'error',
  stack: "Error: Duplicate entry 'Mexico' for key 'countries.name'\n" +
    '    at PromisePool.execute (/Users/teajhaney/Desktop/Acode/2025/Project/backend/HNG/country-currency-exchange/node_modules/mysql2/lib/promise/pool.js:54:22)\n' +
    '    at DatabaseService.execute (/Users/teajhaney/Desktop/Acode/2025/Project/backend/HNG/country-currency-exchange/src/common/config/database.ts:29:40)\n' +
    '    at CountryModel.create (/Users/teajhaney/Desktop/Acode/2025/Project/backend/HNG/country-currency-exchange/src/models/country.model.ts:26:37)\n' +
    '    at CountryService.refreshCountries (/Users/teajhaney/Desktop/Acode/2025/Project/backend/HNG/country-currency-exchange/src/services/country.service.ts:29:30)\n' +
    '    at processTicksAndRejections (node:internal/process/task_queues:105:5)\n' +
    '    at async refreshCountries (/Users/teajhaney/Desktop/Acode/2025/Project/backend/HNG/country-currency-exchange/src/controllers/country.controller.ts:13:22)',
  timestamp: '2025-10-24T20:43:01.811Z'
}
{
  service: 'country-currency-exchange',
  message: "Duplicate entry 'Mexico' for key 'countries.name'",
  code: 'ER_DUP_ENTRY',
  errno: 1062,
  sql: '\n' +
    '        INSERT INTO countries (\n' +
    '          name, capital, region, population, currency_code, \n' +
    '          exchange_rate, estimated_gdp, flag_url\n' +
    '        ) VALUES (?, ?, ?, ?, ?, ?, ?, ?)\n' +
    '      ',
  sqlState: '23000',
  sqlMessage: "Duplicate entry 'Mexico' for key 'countries.name'",
  level: 'warn',
  stack: "Error: Duplicate entry 'Mexico' for key 'countries.name'\n" +
    '    at PromisePool.execute (/Users/teajhaney/Desktop/Acode/2025/Project/backend/HNG/country-currency-exchange/node_modules/mysql2/lib/promise/pool.js:54:22)\n' +
    '    at DatabaseService.execute (/Users/teajhaney/Desktop/Acode/2025/Project/backend/HNG/country-currency-exchange/src/common/config/database.ts:29:40)\n' +
    '    at CountryModel.create (/Users/teajhaney/Desktop/Acode/2025/Project/backend/HNG/country-currency-exchange/src/models/country.model.ts:26:37)\n' +
    '    at CountryService.refreshCountries (/Users/teajhaney/Desktop/Acode/2025/Project/backend/HNG/country-currency-exchange/src/services/country.service.ts:29:30)\n' +
    '    at processTicksAndRejections (node:internal/process/task_queues:105:5)\n' +
    '    at async refreshCountries (/Users/teajhaney/Desktop/Acode/2025/Project/backend/HNG/country-currency-exchange/src/controllers/country.controller.ts:13:22)',
  timestamp: '2025-10-24T20:43:01.812Z'
}
{
  service: 'country-currency-exchange',
  message: "Duplicate entry 'Micronesia (Federated States of)' for key 'countries.name'",
  code: 'ER_DUP_ENTRY',
  errno: 1062,
  sql: '\n' +
    '        INSERT INTO countries (\n' +
    '          name, capital, region, population, currency_code, \n' +
    '          exchange_rate, estimated_gdp, flag_url\n' +
    '        ) VALUES (?, ?, ?, ?, ?, ?, ?, ?)\n' +
    '      ',
  sqlState: '23000',
  sqlMessage: "Duplicate entry 'Micronesia (Federated States of)' for key 'countries.name'",
  level: 'error',
  stack: "Error: Duplicate entry 'Micronesia (Federated States of)' for key 'countries.name'\n" +
    '    at PromisePool.execute (/Users/teajhaney/Desktop/Acode/2025/Project/backend/HNG/country-currency-exchange/node_modules/mysql2/lib/promise/pool.js:54:22)\n' +
    '    at DatabaseService.execute (/Users/teajhaney/Desktop/Acode/2025/Project/backend/HNG/country-currency-exchange/src/common/config/database.ts:29:40)\n' +
    '    at CountryModel.create (/Users/teajhaney/Desktop/Acode/2025/Project/backend/HNG/country-currency-exchange/src/models/country.model.ts:26:37)\n' +
    '    at CountryService.refreshCountries (/Users/teajhaney/Desktop/Acode/2025/Project/backend/HNG/country-currency-exchange/src/services/country.service.ts:29:30)\n' +
    '    at processTicksAndRejections (node:internal/process/task_queues:105:5)\n' +
    '    at async refreshCountries (/Users/teajhaney/Desktop/Acode/2025/Project/backend/HNG/country-currency-exchange/src/controllers/country.controller.ts:13:22)',
  timestamp: '2025-10-24T20:43:02.334Z'
}
{
  service: 'country-currency-exchange',
  message: "Duplicate entry 'Micronesia (Federated States of)' for key 'countries.name'",
  code: 'ER_DUP_ENTRY',
  errno: 1062,
  sql: '\n' +
    '        INSERT INTO countries (\n' +
    '          name, capital, region, population, currency_code, \n' +
    '          exchange_rate, estimated_gdp, flag_url\n' +
    '        ) VALUES (?, ?, ?, ?, ?, ?, ?, ?)\n' +
    '      ',
  sqlState: '23000',
  sqlMessage: "Duplicate entry 'Micronesia (Federated States of)' for key 'countries.name'",
  level: 'error',
  stack: "Error: Duplicate entry 'Micronesia (Federated States of)' for key 'countries.name'\n" +
    '    at PromisePool.execute (/Users/teajhaney/Desktop/Acode/2025/Project/backend/HNG/country-currency-exchange/node_modules/mysql2/lib/promise/pool.js:54:22)\n' +
    '    at DatabaseService.execute (/Users/teajhaney/Desktop/Acode/2025/Project/backend/HNG/country-currency-exchange/src/common/config/database.ts:29:40)\n' +
    '    at CountryModel.create (/Users/teajhaney/Desktop/Acode/2025/Project/backend/HNG/country-currency-exchange/src/models/country.model.ts:26:37)\n' +
    '    at CountryService.refreshCountries (/Users/teajhaney/Desktop/Acode/2025/Project/backend/HNG/country-currency-exchange/src/services/country.service.ts:29:30)\n' +
    '    at processTicksAndRejections (node:internal/process/task_queues:105:5)\n' +
    '    at async refreshCountries (/Users/teajhaney/Desktop/Acode/2025/Project/backend/HNG/country-currency-exchange/src/controllers/country.controller.ts:13:22)',
  timestamp: '2025-10-24T20:43:02.334Z'
}
{
  service: 'country-currency-exchange',
  message: "Duplicate entry 'Micronesia (Federated States of)' for key 'countries.name'",
  code: 'ER_DUP_ENTRY',
  errno: 1062,
  sql: '\n' +
    '        INSERT INTO countries (\n' +
    '          name, capital, region, population, currency_code, \n' +
    '          exchange_rate, estimated_gdp, flag_url\n' +
    '        ) VALUES (?, ?, ?, ?, ?, ?, ?, ?)\n' +
    '      ',
  sqlState: '23000',
  sqlMessage: "Duplicate entry 'Micronesia (Federated States of)' for key 'countries.name'",
  level: 'warn',
  stack: "Error: Duplicate entry 'Micronesia (Federated States of)' for key 'countries.name'\n" +
    '    at PromisePool.execute (/Users/teajhaney/Desktop/Acode/2025/Project/backend/HNG/country-currency-exchange/node_modules/mysql2/lib/promise/pool.js:54:22)\n' +
    '    at DatabaseService.execute (/Users/teajhaney/Desktop/Acode/2025/Project/backend/HNG/country-currency-exchange/src/common/config/database.ts:29:40)\n' +
    '    at CountryModel.create (/Users/teajhaney/Desktop/Acode/2025/Project/backend/HNG/country-currency-exchange/src/models/country.model.ts:26:37)\n' +
    '    at CountryService.refreshCountries (/Users/teajhaney/Desktop/Acode/2025/Project/backend/HNG/country-currency-exchange/src/services/country.service.ts:29:30)\n' +
    '    at processTicksAndRejections (node:internal/process/task_queues:105:5)\n' +
    '    at async refreshCountries (/Users/teajhaney/Desktop/Acode/2025/Project/backend/HNG/country-currency-exchange/src/controllers/country.controller.ts:13:22)',
  timestamp: '2025-10-24T20:43:02.335Z'
}
{
  service: 'country-currency-exchange',
  message: "Duplicate entry 'Moldova (Republic of)' for key 'countries.name'",
  code: 'ER_DUP_ENTRY',
  errno: 1062,
  sql: '\n' +
    '        INSERT INTO countries (\n' +
    '          name, capital, region, population, currency_code, \n' +
    '          exchange_rate, estimated_gdp, flag_url\n' +
    '        ) VALUES (?, ?, ?, ?, ?, ?, ?, ?)\n' +
    '      ',
  sqlState: '23000',
  sqlMessage: "Duplicate entry 'Moldova (Republic of)' for key 'countries.name'",
  level: 'error',
  stack: "Error: Duplicate entry 'Moldova (Republic of)' for key 'countries.name'\n" +
    '    at PromisePool.execute (/Users/teajhaney/Desktop/Acode/2025/Project/backend/HNG/country-currency-exchange/node_modules/mysql2/lib/promise/pool.js:54:22)\n' +
    '    at DatabaseService.execute (/Users/teajhaney/Desktop/Acode/2025/Project/backend/HNG/country-currency-exchange/src/common/config/database.ts:29:40)\n' +
    '    at CountryModel.create (/Users/teajhaney/Desktop/Acode/2025/Project/backend/HNG/country-currency-exchange/src/models/country.model.ts:26:37)\n' +
    '    at CountryService.refreshCountries (/Users/teajhaney/Desktop/Acode/2025/Project/backend/HNG/country-currency-exchange/src/services/country.service.ts:29:30)\n' +
    '    at processTicksAndRejections (node:internal/process/task_queues:105:5)\n' +
    '    at async refreshCountries (/Users/teajhaney/Desktop/Acode/2025/Project/backend/HNG/country-currency-exchange/src/controllers/country.controller.ts:13:22)',
  timestamp: '2025-10-24T20:43:02.869Z'
}
{
  service: 'country-currency-exchange',
  message: "Duplicate entry 'Moldova (Republic of)' for key 'countries.name'",
  code: 'ER_DUP_ENTRY',
  errno: 1062,
  sql: '\n' +
    '        INSERT INTO countries (\n' +
    '          name, capital, region, population, currency_code, \n' +
    '          exchange_rate, estimated_gdp, flag_url\n' +
    '        ) VALUES (?, ?, ?, ?, ?, ?, ?, ?)\n' +
    '      ',
  sqlState: '23000',
  sqlMessage: "Duplicate entry 'Moldova (Republic of)' for key 'countries.name'",
  level: 'error',
  stack: "Error: Duplicate entry 'Moldova (Republic of)' for key 'countries.name'\n" +
    '    at PromisePool.execute (/Users/teajhaney/Desktop/Acode/2025/Project/backend/HNG/country-currency-exchange/node_modules/mysql2/lib/promise/pool.js:54:22)\n' +
    '    at DatabaseService.execute (/Users/teajhaney/Desktop/Acode/2025/Project/backend/HNG/country-currency-exchange/src/common/config/database.ts:29:40)\n' +
    '    at CountryModel.create (/Users/teajhaney/Desktop/Acode/2025/Project/backend/HNG/country-currency-exchange/src/models/country.model.ts:26:37)\n' +
    '    at CountryService.refreshCountries (/Users/teajhaney/Desktop/Acode/2025/Project/backend/HNG/country-currency-exchange/src/services/country.service.ts:29:30)\n' +
    '    at processTicksAndRejections (node:internal/process/task_queues:105:5)\n' +
    '    at async refreshCountries (/Users/teajhaney/Desktop/Acode/2025/Project/backend/HNG/country-currency-exchange/src/controllers/country.controller.ts:13:22)',
  timestamp: '2025-10-24T20:43:02.869Z'
}
{
  service: 'country-currency-exchange',
  message: "Duplicate entry 'Moldova (Republic of)' for key 'countries.name'",
  code: 'ER_DUP_ENTRY',
  errno: 1062,
  sql: '\n' +
    '        INSERT INTO countries (\n' +
    '          name, capital, region, population, currency_code, \n' +
    '          exchange_rate, estimated_gdp, flag_url\n' +
    '        ) VALUES (?, ?, ?, ?, ?, ?, ?, ?)\n' +
    '      ',
  sqlState: '23000',
  sqlMessage: "Duplicate entry 'Moldova (Republic of)' for key 'countries.name'",
  level: 'warn',
  stack: "Error: Duplicate entry 'Moldova (Republic of)' for key 'countries.name'\n" +
    '    at PromisePool.execute (/Users/teajhaney/Desktop/Acode/2025/Project/backend/HNG/country-currency-exchange/node_modules/mysql2/lib/promise/pool.js:54:22)\n' +
    '    at DatabaseService.execute (/Users/teajhaney/Desktop/Acode/2025/Project/backend/HNG/country-currency-exchange/src/common/config/database.ts:29:40)\n' +
    '    at CountryModel.create (/Users/teajhaney/Desktop/Acode/2025/Project/backend/HNG/country-currency-exchange/src/models/country.model.ts:26:37)\n' +
    '    at CountryService.refreshCountries (/Users/teajhaney/Desktop/Acode/2025/Project/backend/HNG/country-currency-exchange/src/services/country.service.ts:29:30)\n' +
    '    at processTicksAndRejections (node:internal/process/task_queues:105:5)\n' +
    '    at async refreshCountries (/Users/teajhaney/Desktop/Acode/2025/Project/backend/HNG/country-currency-exchange/src/controllers/country.controller.ts:13:22)',
  timestamp: '2025-10-24T20:43:02.869Z'
}
{
  service: 'country-currency-exchange',
  message: "Duplicate entry 'Monaco' for key 'countries.name'",
  code: 'ER_DUP_ENTRY',
  errno: 1062,
  sql: '\n' +
    '        INSERT INTO countries (\n' +
    '          name, capital, region, population, currency_code, \n' +
    '          exchange_rate, estimated_gdp, flag_url\n' +
    '        ) VALUES (?, ?, ?, ?, ?, ?, ?, ?)\n' +
    '      ',
  sqlState: '23000',
  sqlMessage: "Duplicate entry 'Monaco' for key 'countries.name'",
  level: 'error',
  stack: "Error: Duplicate entry 'Monaco' for key 'countries.name'\n" +
    '    at PromisePool.execute (/Users/teajhaney/Desktop/Acode/2025/Project/backend/HNG/country-currency-exchange/node_modules/mysql2/lib/promise/pool.js:54:22)\n' +
    '    at DatabaseService.execute (/Users/teajhaney/Desktop/Acode/2025/Project/backend/HNG/country-currency-exchange/src/common/config/database.ts:29:40)\n' +
    '    at CountryModel.create (/Users/teajhaney/Desktop/Acode/2025/Project/backend/HNG/country-currency-exchange/src/models/country.model.ts:26:37)\n' +
    '    at CountryService.refreshCountries (/Users/teajhaney/Desktop/Acode/2025/Project/backend/HNG/country-currency-exchange/src/services/country.service.ts:29:30)\n' +
    '    at processTicksAndRejections (node:internal/process/task_queues:105:5)\n' +
    '    at async refreshCountries (/Users/teajhaney/Desktop/Acode/2025/Project/backend/HNG/country-currency-exchange/src/controllers/country.controller.ts:13:22)',
  timestamp: '2025-10-24T20:43:03.384Z'
}
{
  service: 'country-currency-exchange',
  message: "Duplicate entry 'Monaco' for key 'countries.name'",
  code: 'ER_DUP_ENTRY',
  errno: 1062,
  sql: '\n' +
    '        INSERT INTO countries (\n' +
    '          name, capital, region, population, currency_code, \n' +
    '          exchange_rate, estimated_gdp, flag_url\n' +
    '        ) VALUES (?, ?, ?, ?, ?, ?, ?, ?)\n' +
    '      ',
  sqlState: '23000',
  sqlMessage: "Duplicate entry 'Monaco' for key 'countries.name'",
  level: 'error',
  stack: "Error: Duplicate entry 'Monaco' for key 'countries.name'\n" +
    '    at PromisePool.execute (/Users/teajhaney/Desktop/Acode/2025/Project/backend/HNG/country-currency-exchange/node_modules/mysql2/lib/promise/pool.js:54:22)\n' +
    '    at DatabaseService.execute (/Users/teajhaney/Desktop/Acode/2025/Project/backend/HNG/country-currency-exchange/src/common/config/database.ts:29:40)\n' +
    '    at CountryModel.create (/Users/teajhaney/Desktop/Acode/2025/Project/backend/HNG/country-currency-exchange/src/models/country.model.ts:26:37)\n' +
    '    at CountryService.refreshCountries (/Users/teajhaney/Desktop/Acode/2025/Project/backend/HNG/country-currency-exchange/src/services/country.service.ts:29:30)\n' +
    '    at processTicksAndRejections (node:internal/process/task_queues:105:5)\n' +
    '    at async refreshCountries (/Users/teajhaney/Desktop/Acode/2025/Project/backend/HNG/country-currency-exchange/src/controllers/country.controller.ts:13:22)',
  timestamp: '2025-10-24T20:43:03.384Z'
}
{
  service: 'country-currency-exchange',
  message: "Duplicate entry 'Monaco' for key 'countries.name'",
  code: 'ER_DUP_ENTRY',
  errno: 1062,
  sql: '\n' +
    '        INSERT INTO countries (\n' +
    '          name, capital, region, population, currency_code, \n' +
    '          exchange_rate, estimated_gdp, flag_url\n' +
    '        ) VALUES (?, ?, ?, ?, ?, ?, ?, ?)\n' +
    '      ',
  sqlState: '23000',
  sqlMessage: "Duplicate entry 'Monaco' for key 'countries.name'",
  level: 'warn',
  stack: "Error: Duplicate entry 'Monaco' for key 'countries.name'\n" +
    '    at PromisePool.execute (/Users/teajhaney/Desktop/Acode/2025/Project/backend/HNG/country-currency-exchange/node_modules/mysql2/lib/promise/pool.js:54:22)\n' +
    '    at DatabaseService.execute (/Users/teajhaney/Desktop/Acode/2025/Project/backend/HNG/country-currency-exchange/src/common/config/database.ts:29:40)\n' +
    '    at CountryModel.create (/Users/teajhaney/Desktop/Acode/2025/Project/backend/HNG/country-currency-exchange/src/models/country.model.ts:26:37)\n' +
    '    at CountryService.refreshCountries (/Users/teajhaney/Desktop/Acode/2025/Project/backend/HNG/country-currency-exchange/src/services/country.service.ts:29:30)\n' +
    '    at processTicksAndRejections (node:internal/process/task_queues:105:5)\n' +
    '    at async refreshCountries (/Users/teajhaney/Desktop/Acode/2025/Project/backend/HNG/country-currency-exchange/src/controllers/country.controller.ts:13:22)',
  timestamp: '2025-10-24T20:43:03.384Z'
}
{
  service: 'country-currency-exchange',
  message: "Duplicate entry 'Mongolia' for key 'countries.name'",
  code: 'ER_DUP_ENTRY',
  errno: 1062,
  sql: '\n' +
    '        INSERT INTO countries (\n' +
    '          name, capital, region, population, currency_code, \n' +
    '          exchange_rate, estimated_gdp, flag_url\n' +
    '        ) VALUES (?, ?, ?, ?, ?, ?, ?, ?)\n' +
    '      ',
  sqlState: '23000',
  sqlMessage: "Duplicate entry 'Mongolia' for key 'countries.name'",
  level: 'error',
  stack: "Error: Duplicate entry 'Mongolia' for key 'countries.name'\n" +
    '    at PromisePool.execute (/Users/teajhaney/Desktop/Acode/2025/Project/backend/HNG/country-currency-exchange/node_modules/mysql2/lib/promise/pool.js:54:22)\n' +
    '    at DatabaseService.execute (/Users/teajhaney/Desktop/Acode/2025/Project/backend/HNG/country-currency-exchange/src/common/config/database.ts:29:40)\n' +
    '    at CountryModel.create (/Users/teajhaney/Desktop/Acode/2025/Project/backend/HNG/country-currency-exchange/src/models/country.model.ts:26:37)\n' +
    '    at CountryService.refreshCountries (/Users/teajhaney/Desktop/Acode/2025/Project/backend/HNG/country-currency-exchange/src/services/country.service.ts:29:30)\n' +
    '    at processTicksAndRejections (node:internal/process/task_queues:105:5)\n' +
    '    at async refreshCountries (/Users/teajhaney/Desktop/Acode/2025/Project/backend/HNG/country-currency-exchange/src/controllers/country.controller.ts:13:22)',
  timestamp: '2025-10-24T20:43:03.900Z'
}
{
  service: 'country-currency-exchange',
  message: "Duplicate entry 'Mongolia' for key 'countries.name'",
  code: 'ER_DUP_ENTRY',
  errno: 1062,
  sql: '\n' +
    '        INSERT INTO countries (\n' +
    '          name, capital, region, population, currency_code, \n' +
    '          exchange_rate, estimated_gdp, flag_url\n' +
    '        ) VALUES (?, ?, ?, ?, ?, ?, ?, ?)\n' +
    '      ',
  sqlState: '23000',
  sqlMessage: "Duplicate entry 'Mongolia' for key 'countries.name'",
  level: 'error',
  stack: "Error: Duplicate entry 'Mongolia' for key 'countries.name'\n" +
    '    at PromisePool.execute (/Users/teajhaney/Desktop/Acode/2025/Project/backend/HNG/country-currency-exchange/node_modules/mysql2/lib/promise/pool.js:54:22)\n' +
    '    at DatabaseService.execute (/Users/teajhaney/Desktop/Acode/2025/Project/backend/HNG/country-currency-exchange/src/common/config/database.ts:29:40)\n' +
    '    at CountryModel.create (/Users/teajhaney/Desktop/Acode/2025/Project/backend/HNG/country-currency-exchange/src/models/country.model.ts:26:37)\n' +
    '    at CountryService.refreshCountries (/Users/teajhaney/Desktop/Acode/2025/Project/backend/HNG/country-currency-exchange/src/services/country.service.ts:29:30)\n' +
    '    at processTicksAndRejections (node:internal/process/task_queues:105:5)\n' +
    '    at async refreshCountries (/Users/teajhaney/Desktop/Acode/2025/Project/backend/HNG/country-currency-exchange/src/controllers/country.controller.ts:13:22)',
  timestamp: '2025-10-24T20:43:03.900Z'
}
{
  service: 'country-currency-exchange',
  message: "Duplicate entry 'Mongolia' for key 'countries.name'",
  code: 'ER_DUP_ENTRY',
  errno: 1062,
  sql: '\n' +
    '        INSERT INTO countries (\n' +
    '          name, capital, region, population, currency_code, \n' +
    '          exchange_rate, estimated_gdp, flag_url\n' +
    '        ) VALUES (?, ?, ?, ?, ?, ?, ?, ?)\n' +
    '      ',
  sqlState: '23000',
  sqlMessage: "Duplicate entry 'Mongolia' for key 'countries.name'",
  level: 'warn',
  stack: "Error: Duplicate entry 'Mongolia' for key 'countries.name'\n" +
    '    at PromisePool.execute (/Users/teajhaney/Desktop/Acode/2025/Project/backend/HNG/country-currency-exchange/node_modules/mysql2/lib/promise/pool.js:54:22)\n' +
    '    at DatabaseService.execute (/Users/teajhaney/Desktop/Acode/2025/Project/backend/HNG/country-currency-exchange/src/common/config/database.ts:29:40)\n' +
    '    at CountryModel.create (/Users/teajhaney/Desktop/Acode/2025/Project/backend/HNG/country-currency-exchange/src/models/country.model.ts:26:37)\n' +
    '    at CountryService.refreshCountries (/Users/teajhaney/Desktop/Acode/2025/Project/backend/HNG/country-currency-exchange/src/services/country.service.ts:29:30)\n' +
    '    at processTicksAndRejections (node:internal/process/task_queues:105:5)\n' +
    '    at async refreshCountries (/Users/teajhaney/Desktop/Acode/2025/Project/backend/HNG/country-currency-exchange/src/controllers/country.controller.ts:13:22)',
  timestamp: '2025-10-24T20:43:03.901Z'
}
{
  service: 'country-currency-exchange',
  message: "Duplicate entry 'Montenegro' for key 'countries.name'",
  code: 'ER_DUP_ENTRY',
  errno: 1062,
  sql: '\n' +
    '        INSERT INTO countries (\n' +
    '          name, capital, region, population, currency_code, \n' +
    '          exchange_rate, estimated_gdp, flag_url\n' +
    '        ) VALUES (?, ?, ?, ?, ?, ?, ?, ?)\n' +
    '      ',
  sqlState: '23000',
  sqlMessage: "Duplicate entry 'Montenegro' for key 'countries.name'",
  level: 'error',
  stack: "Error: Duplicate entry 'Montenegro' for key 'countries.name'\n" +
    '    at PromisePool.execute (/Users/teajhaney/Desktop/Acode/2025/Project/backend/HNG/country-currency-exchange/node_modules/mysql2/lib/promise/pool.js:54:22)\n' +
    '    at DatabaseService.execute (/Users/teajhaney/Desktop/Acode/2025/Project/backend/HNG/country-currency-exchange/src/common/config/database.ts:29:40)\n' +
    '    at CountryModel.create (/Users/teajhaney/Desktop/Acode/2025/Project/backend/HNG/country-currency-exchange/src/models/country.model.ts:26:37)\n' +
    '    at CountryService.refreshCountries (/Users/teajhaney/Desktop/Acode/2025/Project/backend/HNG/country-currency-exchange/src/services/country.service.ts:29:30)\n' +
    '    at processTicksAndRejections (node:internal/process/task_queues:105:5)\n' +
    '    at async refreshCountries (/Users/teajhaney/Desktop/Acode/2025/Project/backend/HNG/country-currency-exchange/src/controllers/country.controller.ts:13:22)',
  timestamp: '2025-10-24T20:43:04.448Z'
}
{
  service: 'country-currency-exchange',
  message: "Duplicate entry 'Montenegro' for key 'countries.name'",
  code: 'ER_DUP_ENTRY',
  errno: 1062,
  sql: '\n' +
    '        INSERT INTO countries (\n' +
    '          name, capital, region, population, currency_code, \n' +
    '          exchange_rate, estimated_gdp, flag_url\n' +
    '        ) VALUES (?, ?, ?, ?, ?, ?, ?, ?)\n' +
    '      ',
  sqlState: '23000',
  sqlMessage: "Duplicate entry 'Montenegro' for key 'countries.name'",
  level: 'error',
  stack: "Error: Duplicate entry 'Montenegro' for key 'countries.name'\n" +
    '    at PromisePool.execute (/Users/teajhaney/Desktop/Acode/2025/Project/backend/HNG/country-currency-exchange/node_modules/mysql2/lib/promise/pool.js:54:22)\n' +
    '    at DatabaseService.execute (/Users/teajhaney/Desktop/Acode/2025/Project/backend/HNG/country-currency-exchange/src/common/config/database.ts:29:40)\n' +
    '    at CountryModel.create (/Users/teajhaney/Desktop/Acode/2025/Project/backend/HNG/country-currency-exchange/src/models/country.model.ts:26:37)\n' +
    '    at CountryService.refreshCountries (/Users/teajhaney/Desktop/Acode/2025/Project/backend/HNG/country-currency-exchange/src/services/country.service.ts:29:30)\n' +
    '    at processTicksAndRejections (node:internal/process/task_queues:105:5)\n' +
    '    at async refreshCountries (/Users/teajhaney/Desktop/Acode/2025/Project/backend/HNG/country-currency-exchange/src/controllers/country.controller.ts:13:22)',
  timestamp: '2025-10-24T20:43:04.449Z'
}
{
  service: 'country-currency-exchange',
  message: "Duplicate entry 'Montenegro' for key 'countries.name'",
  code: 'ER_DUP_ENTRY',
  errno: 1062,
  sql: '\n' +
    '        INSERT INTO countries (\n' +
    '          name, capital, region, population, currency_code, \n' +
    '          exchange_rate, estimated_gdp, flag_url\n' +
    '        ) VALUES (?, ?, ?, ?, ?, ?, ?, ?)\n' +
    '      ',
  sqlState: '23000',
  sqlMessage: "Duplicate entry 'Montenegro' for key 'countries.name'",
  level: 'warn',
  stack: "Error: Duplicate entry 'Montenegro' for key 'countries.name'\n" +
    '    at PromisePool.execute (/Users/teajhaney/Desktop/Acode/2025/Project/backend/HNG/country-currency-exchange/node_modules/mysql2/lib/promise/pool.js:54:22)\n' +
    '    at DatabaseService.execute (/Users/teajhaney/Desktop/Acode/2025/Project/backend/HNG/country-currency-exchange/src/common/config/database.ts:29:40)\n' +
    '    at CountryModel.create (/Users/teajhaney/Desktop/Acode/2025/Project/backend/HNG/country-currency-exchange/src/models/country.model.ts:26:37)\n' +
    '    at CountryService.refreshCountries (/Users/teajhaney/Desktop/Acode/2025/Project/backend/HNG/country-currency-exchange/src/services/country.service.ts:29:30)\n' +
    '    at processTicksAndRejections (node:internal/process/task_queues:105:5)\n' +
    '    at async refreshCountries (/Users/teajhaney/Desktop/Acode/2025/Project/backend/HNG/country-currency-exchange/src/controllers/country.controller.ts:13:22)',
  timestamp: '2025-10-24T20:43:04.449Z'
}
{
  service: 'country-currency-exchange',
  message: "Duplicate entry 'Montserrat' for key 'countries.name'",
  code: 'ER_DUP_ENTRY',
  errno: 1062,
  sql: '\n' +
    '        INSERT INTO countries (\n' +
    '          name, capital, region, population, currency_code, \n' +
    '          exchange_rate, estimated_gdp, flag_url\n' +
    '        ) VALUES (?, ?, ?, ?, ?, ?, ?, ?)\n' +
    '      ',
  sqlState: '23000',
  sqlMessage: "Duplicate entry 'Montserrat' for key 'countries.name'",
  level: 'error',
  stack: "Error: Duplicate entry 'Montserrat' for key 'countries.name'\n" +
    '    at PromisePool.execute (/Users/teajhaney/Desktop/Acode/2025/Project/backend/HNG/country-currency-exchange/node_modules/mysql2/lib/promise/pool.js:54:22)\n' +
    '    at DatabaseService.execute (/Users/teajhaney/Desktop/Acode/2025/Project/backend/HNG/country-currency-exchange/src/common/config/database.ts:29:40)\n' +
    '    at CountryModel.create (/Users/teajhaney/Desktop/Acode/2025/Project/backend/HNG/country-currency-exchange/src/models/country.model.ts:26:37)\n' +
    '    at CountryService.refreshCountries (/Users/teajhaney/Desktop/Acode/2025/Project/backend/HNG/country-currency-exchange/src/services/country.service.ts:29:30)\n' +
    '    at processTicksAndRejections (node:internal/process/task_queues:105:5)\n' +
    '    at async refreshCountries (/Users/teajhaney/Desktop/Acode/2025/Project/backend/HNG/country-currency-exchange/src/controllers/country.controller.ts:13:22)',
  timestamp: '2025-10-24T20:43:04.989Z'
}
{
  service: 'country-currency-exchange',
  message: "Duplicate entry 'Montserrat' for key 'countries.name'",
  code: 'ER_DUP_ENTRY',
  errno: 1062,
  sql: '\n' +
    '        INSERT INTO countries (\n' +
    '          name, capital, region, population, currency_code, \n' +
    '          exchange_rate, estimated_gdp, flag_url\n' +
    '        ) VALUES (?, ?, ?, ?, ?, ?, ?, ?)\n' +
    '      ',
  sqlState: '23000',
  sqlMessage: "Duplicate entry 'Montserrat' for key 'countries.name'",
  level: 'error',
  stack: "Error: Duplicate entry 'Montserrat' for key 'countries.name'\n" +
    '    at PromisePool.execute (/Users/teajhaney/Desktop/Acode/2025/Project/backend/HNG/country-currency-exchange/node_modules/mysql2/lib/promise/pool.js:54:22)\n' +
    '    at DatabaseService.execute (/Users/teajhaney/Desktop/Acode/2025/Project/backend/HNG/country-currency-exchange/src/common/config/database.ts:29:40)\n' +
    '    at CountryModel.create (/Users/teajhaney/Desktop/Acode/2025/Project/backend/HNG/country-currency-exchange/src/models/country.model.ts:26:37)\n' +
    '    at CountryService.refreshCountries (/Users/teajhaney/Desktop/Acode/2025/Project/backend/HNG/country-currency-exchange/src/services/country.service.ts:29:30)\n' +
    '    at processTicksAndRejections (node:internal/process/task_queues:105:5)\n' +
    '    at async refreshCountries (/Users/teajhaney/Desktop/Acode/2025/Project/backend/HNG/country-currency-exchange/src/controllers/country.controller.ts:13:22)',
  timestamp: '2025-10-24T20:43:04.990Z'
}
{
  service: 'country-currency-exchange',
  message: "Duplicate entry 'Montserrat' for key 'countries.name'",
  code: 'ER_DUP_ENTRY',
  errno: 1062,
  sql: '\n' +
    '        INSERT INTO countries (\n' +
    '          name, capital, region, population, currency_code, \n' +
    '          exchange_rate, estimated_gdp, flag_url\n' +
    '        ) VALUES (?, ?, ?, ?, ?, ?, ?, ?)\n' +
    '      ',
  sqlState: '23000',
  sqlMessage: "Duplicate entry 'Montserrat' for key 'countries.name'",
  level: 'warn',
  stack: "Error: Duplicate entry 'Montserrat' for key 'countries.name'\n" +
    '    at PromisePool.execute (/Users/teajhaney/Desktop/Acode/2025/Project/backend/HNG/country-currency-exchange/node_modules/mysql2/lib/promise/pool.js:54:22)\n' +
    '    at DatabaseService.execute (/Users/teajhaney/Desktop/Acode/2025/Project/backend/HNG/country-currency-exchange/src/common/config/database.ts:29:40)\n' +
    '    at CountryModel.create (/Users/teajhaney/Desktop/Acode/2025/Project/backend/HNG/country-currency-exchange/src/models/country.model.ts:26:37)\n' +
    '    at CountryService.refreshCountries (/Users/teajhaney/Desktop/Acode/2025/Project/backend/HNG/country-currency-exchange/src/services/country.service.ts:29:30)\n' +
    '    at processTicksAndRejections (node:internal/process/task_queues:105:5)\n' +
    '    at async refreshCountries (/Users/teajhaney/Desktop/Acode/2025/Project/backend/HNG/country-currency-exchange/src/controllers/country.controller.ts:13:22)',
  timestamp: '2025-10-24T20:43:04.990Z'
}
{
  service: 'country-currency-exchange',
  message: "Duplicate entry 'Morocco' for key 'countries.name'",
  code: 'ER_DUP_ENTRY',
  errno: 1062,
  sql: '\n' +
    '        INSERT INTO countries (\n' +
    '          name, capital, region, population, currency_code, \n' +
    '          exchange_rate, estimated_gdp, flag_url\n' +
    '        ) VALUES (?, ?, ?, ?, ?, ?, ?, ?)\n' +
    '      ',
  sqlState: '23000',
  sqlMessage: "Duplicate entry 'Morocco' for key 'countries.name'",
  level: 'error',
  stack: "Error: Duplicate entry 'Morocco' for key 'countries.name'\n" +
    '    at PromisePool.execute (/Users/teajhaney/Desktop/Acode/2025/Project/backend/HNG/country-currency-exchange/node_modules/mysql2/lib/promise/pool.js:54:22)\n' +
    '    at DatabaseService.execute (/Users/teajhaney/Desktop/Acode/2025/Project/backend/HNG/country-currency-exchange/src/common/config/database.ts:29:40)\n' +
    '    at CountryModel.create (/Users/teajhaney/Desktop/Acode/2025/Project/backend/HNG/country-currency-exchange/src/models/country.model.ts:26:37)\n' +
    '    at CountryService.refreshCountries (/Users/teajhaney/Desktop/Acode/2025/Project/backend/HNG/country-currency-exchange/src/services/country.service.ts:29:30)\n' +
    '    at processTicksAndRejections (node:internal/process/task_queues:105:5)\n' +
    '    at async refreshCountries (/Users/teajhaney/Desktop/Acode/2025/Project/backend/HNG/country-currency-exchange/src/controllers/country.controller.ts:13:22)',
  timestamp: '2025-10-24T20:43:05.493Z'
}
{
  service: 'country-currency-exchange',
  message: "Duplicate entry 'Morocco' for key 'countries.name'",
  code: 'ER_DUP_ENTRY',
  errno: 1062,
  sql: '\n' +
    '        INSERT INTO countries (\n' +
    '          name, capital, region, population, currency_code, \n' +
    '          exchange_rate, estimated_gdp, flag_url\n' +
    '        ) VALUES (?, ?, ?, ?, ?, ?, ?, ?)\n' +
    '      ',
  sqlState: '23000',
  sqlMessage: "Duplicate entry 'Morocco' for key 'countries.name'",
  level: 'error',
  stack: "Error: Duplicate entry 'Morocco' for key 'countries.name'\n" +
    '    at PromisePool.execute (/Users/teajhaney/Desktop/Acode/2025/Project/backend/HNG/country-currency-exchange/node_modules/mysql2/lib/promise/pool.js:54:22)\n' +
    '    at DatabaseService.execute (/Users/teajhaney/Desktop/Acode/2025/Project/backend/HNG/country-currency-exchange/src/common/config/database.ts:29:40)\n' +
    '    at CountryModel.create (/Users/teajhaney/Desktop/Acode/2025/Project/backend/HNG/country-currency-exchange/src/models/country.model.ts:26:37)\n' +
    '    at CountryService.refreshCountries (/Users/teajhaney/Desktop/Acode/2025/Project/backend/HNG/country-currency-exchange/src/services/country.service.ts:29:30)\n' +
    '    at processTicksAndRejections (node:internal/process/task_queues:105:5)\n' +
    '    at async refreshCountries (/Users/teajhaney/Desktop/Acode/2025/Project/backend/HNG/country-currency-exchange/src/controllers/country.controller.ts:13:22)',
  timestamp: '2025-10-24T20:43:05.493Z'
}
{
  service: 'country-currency-exchange',
  message: "Duplicate entry 'Morocco' for key 'countries.name'",
  code: 'ER_DUP_ENTRY',
  errno: 1062,
  sql: '\n' +
    '        INSERT INTO countries (\n' +
    '          name, capital, region, population, currency_code, \n' +
    '          exchange_rate, estimated_gdp, flag_url\n' +
    '        ) VALUES (?, ?, ?, ?, ?, ?, ?, ?)\n' +
    '      ',
  sqlState: '23000',
  sqlMessage: "Duplicate entry 'Morocco' for key 'countries.name'",
  level: 'warn',
  stack: "Error: Duplicate entry 'Morocco' for key 'countries.name'\n" +
    '    at PromisePool.execute (/Users/teajhaney/Desktop/Acode/2025/Project/backend/HNG/country-currency-exchange/node_modules/mysql2/lib/promise/pool.js:54:22)\n' +
    '    at DatabaseService.execute (/Users/teajhaney/Desktop/Acode/2025/Project/backend/HNG/country-currency-exchange/src/common/config/database.ts:29:40)\n' +
    '    at CountryModel.create (/Users/teajhaney/Desktop/Acode/2025/Project/backend/HNG/country-currency-exchange/src/models/country.model.ts:26:37)\n' +
    '    at CountryService.refreshCountries (/Users/teajhaney/Desktop/Acode/2025/Project/backend/HNG/country-currency-exchange/src/services/country.service.ts:29:30)\n' +
    '    at processTicksAndRejections (node:internal/process/task_queues:105:5)\n' +
    '    at async refreshCountries (/Users/teajhaney/Desktop/Acode/2025/Project/backend/HNG/country-currency-exchange/src/controllers/country.controller.ts:13:22)',
  timestamp: '2025-10-24T20:43:05.493Z'
}
{
  service: 'country-currency-exchange',
  message: "Duplicate entry 'Mozambique' for key 'countries.name'",
  code: 'ER_DUP_ENTRY',
  errno: 1062,
  sql: '\n' +
    '        INSERT INTO countries (\n' +
    '          name, capital, region, population, currency_code, \n' +
    '          exchange_rate, estimated_gdp, flag_url\n' +
    '        ) VALUES (?, ?, ?, ?, ?, ?, ?, ?)\n' +
    '      ',
  sqlState: '23000',
  sqlMessage: "Duplicate entry 'Mozambique' for key 'countries.name'",
  level: 'error',
  stack: "Error: Duplicate entry 'Mozambique' for key 'countries.name'\n" +
    '    at PromisePool.execute (/Users/teajhaney/Desktop/Acode/2025/Project/backend/HNG/country-currency-exchange/node_modules/mysql2/lib/promise/pool.js:54:22)\n' +
    '    at DatabaseService.execute (/Users/teajhaney/Desktop/Acode/2025/Project/backend/HNG/country-currency-exchange/src/common/config/database.ts:29:40)\n' +
    '    at CountryModel.create (/Users/teajhaney/Desktop/Acode/2025/Project/backend/HNG/country-currency-exchange/src/models/country.model.ts:26:37)\n' +
    '    at CountryService.refreshCountries (/Users/teajhaney/Desktop/Acode/2025/Project/backend/HNG/country-currency-exchange/src/services/country.service.ts:29:30)\n' +
    '    at processTicksAndRejections (node:internal/process/task_queues:105:5)\n' +
    '    at async refreshCountries (/Users/teajhaney/Desktop/Acode/2025/Project/backend/HNG/country-currency-exchange/src/controllers/country.controller.ts:13:22)',
  timestamp: '2025-10-24T20:43:05.966Z'
}
{
  service: 'country-currency-exchange',
  message: "Duplicate entry 'Mozambique' for key 'countries.name'",
  code: 'ER_DUP_ENTRY',
  errno: 1062,
  sql: '\n' +
    '        INSERT INTO countries (\n' +
    '          name, capital, region, population, currency_code, \n' +
    '          exchange_rate, estimated_gdp, flag_url\n' +
    '        ) VALUES (?, ?, ?, ?, ?, ?, ?, ?)\n' +
    '      ',
  sqlState: '23000',
  sqlMessage: "Duplicate entry 'Mozambique' for key 'countries.name'",
  level: 'error',
  stack: "Error: Duplicate entry 'Mozambique' for key 'countries.name'\n" +
    '    at PromisePool.execute (/Users/teajhaney/Desktop/Acode/2025/Project/backend/HNG/country-currency-exchange/node_modules/mysql2/lib/promise/pool.js:54:22)\n' +
    '    at DatabaseService.execute (/Users/teajhaney/Desktop/Acode/2025/Project/backend/HNG/country-currency-exchange/src/common/config/database.ts:29:40)\n' +
    '    at CountryModel.create (/Users/teajhaney/Desktop/Acode/2025/Project/backend/HNG/country-currency-exchange/src/models/country.model.ts:26:37)\n' +
    '    at CountryService.refreshCountries (/Users/teajhaney/Desktop/Acode/2025/Project/backend/HNG/country-currency-exchange/src/services/country.service.ts:29:30)\n' +
    '    at processTicksAndRejections (node:internal/process/task_queues:105:5)\n' +
    '    at async refreshCountries (/Users/teajhaney/Desktop/Acode/2025/Project/backend/HNG/country-currency-exchange/src/controllers/country.controller.ts:13:22)',
  timestamp: '2025-10-24T20:43:05.966Z'
}
{
  service: 'country-currency-exchange',
  message: "Duplicate entry 'Mozambique' for key 'countries.name'",
  code: 'ER_DUP_ENTRY',
  errno: 1062,
  sql: '\n' +
    '        INSERT INTO countries (\n' +
    '          name, capital, region, population, currency_code, \n' +
    '          exchange_rate, estimated_gdp, flag_url\n' +
    '        ) VALUES (?, ?, ?, ?, ?, ?, ?, ?)\n' +
    '      ',
  sqlState: '23000',
  sqlMessage: "Duplicate entry 'Mozambique' for key 'countries.name'",
  level: 'warn',
  stack: "Error: Duplicate entry 'Mozambique' for key 'countries.name'\n" +
    '    at PromisePool.execute (/Users/teajhaney/Desktop/Acode/2025/Project/backend/HNG/country-currency-exchange/node_modules/mysql2/lib/promise/pool.js:54:22)\n' +
    '    at DatabaseService.execute (/Users/teajhaney/Desktop/Acode/2025/Project/backend/HNG/country-currency-exchange/src/common/config/database.ts:29:40)\n' +
    '    at CountryModel.create (/Users/teajhaney/Desktop/Acode/2025/Project/backend/HNG/country-currency-exchange/src/models/country.model.ts:26:37)\n' +
    '    at CountryService.refreshCountries (/Users/teajhaney/Desktop/Acode/2025/Project/backend/HNG/country-currency-exchange/src/services/country.service.ts:29:30)\n' +
    '    at processTicksAndRejections (node:internal/process/task_queues:105:5)\n' +
    '    at async refreshCountries (/Users/teajhaney/Desktop/Acode/2025/Project/backend/HNG/country-currency-exchange/src/controllers/country.controller.ts:13:22)',
  timestamp: '2025-10-24T20:43:05.966Z'
}
{
  service: 'country-currency-exchange',
  message: "Duplicate entry 'Myanmar' for key 'countries.name'",
  code: 'ER_DUP_ENTRY',
  errno: 1062,
  sql: '\n' +
    '        INSERT INTO countries (\n' +
    '          name, capital, region, population, currency_code, \n' +
    '          exchange_rate, estimated_gdp, flag_url\n' +
    '        ) VALUES (?, ?, ?, ?, ?, ?, ?, ?)\n' +
    '      ',
  sqlState: '23000',
  sqlMessage: "Duplicate entry 'Myanmar' for key 'countries.name'",
  level: 'error',
  stack: "Error: Duplicate entry 'Myanmar' for key 'countries.name'\n" +
    '    at PromisePool.execute (/Users/teajhaney/Desktop/Acode/2025/Project/backend/HNG/country-currency-exchange/node_modules/mysql2/lib/promise/pool.js:54:22)\n' +
    '    at DatabaseService.execute (/Users/teajhaney/Desktop/Acode/2025/Project/backend/HNG/country-currency-exchange/src/common/config/database.ts:29:40)\n' +
    '    at CountryModel.create (/Users/teajhaney/Desktop/Acode/2025/Project/backend/HNG/country-currency-exchange/src/models/country.model.ts:26:37)\n' +
    '    at CountryService.refreshCountries (/Users/teajhaney/Desktop/Acode/2025/Project/backend/HNG/country-currency-exchange/src/services/country.service.ts:29:30)\n' +
    '    at processTicksAndRejections (node:internal/process/task_queues:105:5)\n' +
    '    at async refreshCountries (/Users/teajhaney/Desktop/Acode/2025/Project/backend/HNG/country-currency-exchange/src/controllers/country.controller.ts:13:22)',
  timestamp: '2025-10-24T20:43:06.451Z'
}
{
  service: 'country-currency-exchange',
  message: "Duplicate entry 'Myanmar' for key 'countries.name'",
  code: 'ER_DUP_ENTRY',
  errno: 1062,
  sql: '\n' +
    '        INSERT INTO countries (\n' +
    '          name, capital, region, population, currency_code, \n' +
    '          exchange_rate, estimated_gdp, flag_url\n' +
    '        ) VALUES (?, ?, ?, ?, ?, ?, ?, ?)\n' +
    '      ',
  sqlState: '23000',
  sqlMessage: "Duplicate entry 'Myanmar' for key 'countries.name'",
  level: 'error',
  stack: "Error: Duplicate entry 'Myanmar' for key 'countries.name'\n" +
    '    at PromisePool.execute (/Users/teajhaney/Desktop/Acode/2025/Project/backend/HNG/country-currency-exchange/node_modules/mysql2/lib/promise/pool.js:54:22)\n' +
    '    at DatabaseService.execute (/Users/teajhaney/Desktop/Acode/2025/Project/backend/HNG/country-currency-exchange/src/common/config/database.ts:29:40)\n' +
    '    at CountryModel.create (/Users/teajhaney/Desktop/Acode/2025/Project/backend/HNG/country-currency-exchange/src/models/country.model.ts:26:37)\n' +
    '    at CountryService.refreshCountries (/Users/teajhaney/Desktop/Acode/2025/Project/backend/HNG/country-currency-exchange/src/services/country.service.ts:29:30)\n' +
    '    at processTicksAndRejections (node:internal/process/task_queues:105:5)\n' +
    '    at async refreshCountries (/Users/teajhaney/Desktop/Acode/2025/Project/backend/HNG/country-currency-exchange/src/controllers/country.controller.ts:13:22)',
  timestamp: '2025-10-24T20:43:06.451Z'
}
{
  service: 'country-currency-exchange',
  message: "Duplicate entry 'Myanmar' for key 'countries.name'",
  code: 'ER_DUP_ENTRY',
  errno: 1062,
  sql: '\n' +
    '        INSERT INTO countries (\n' +
    '          name, capital, region, population, currency_code, \n' +
    '          exchange_rate, estimated_gdp, flag_url\n' +
    '        ) VALUES (?, ?, ?, ?, ?, ?, ?, ?)\n' +
    '      ',
  sqlState: '23000',
  sqlMessage: "Duplicate entry 'Myanmar' for key 'countries.name'",
  level: 'warn',
  stack: "Error: Duplicate entry 'Myanmar' for key 'countries.name'\n" +
    '    at PromisePool.execute (/Users/teajhaney/Desktop/Acode/2025/Project/backend/HNG/country-currency-exchange/node_modules/mysql2/lib/promise/pool.js:54:22)\n' +
    '    at DatabaseService.execute (/Users/teajhaney/Desktop/Acode/2025/Project/backend/HNG/country-currency-exchange/src/common/config/database.ts:29:40)\n' +
    '    at CountryModel.create (/Users/teajhaney/Desktop/Acode/2025/Project/backend/HNG/country-currency-exchange/src/models/country.model.ts:26:37)\n' +
    '    at CountryService.refreshCountries (/Users/teajhaney/Desktop/Acode/2025/Project/backend/HNG/country-currency-exchange/src/services/country.service.ts:29:30)\n' +
    '    at processTicksAndRejections (node:internal/process/task_queues:105:5)\n' +
    '    at async refreshCountries (/Users/teajhaney/Desktop/Acode/2025/Project/backend/HNG/country-currency-exchange/src/controllers/country.controller.ts:13:22)',
  timestamp: '2025-10-24T20:43:06.451Z'
}
{
  service: 'country-currency-exchange',
  message: "Duplicate entry 'Namibia' for key 'countries.name'",
  code: 'ER_DUP_ENTRY',
  errno: 1062,
  sql: '\n' +
    '        INSERT INTO countries (\n' +
    '          name, capital, region, population, currency_code, \n' +
    '          exchange_rate, estimated_gdp, flag_url\n' +
    '        ) VALUES (?, ?, ?, ?, ?, ?, ?, ?)\n' +
    '      ',
  sqlState: '23000',
  sqlMessage: "Duplicate entry 'Namibia' for key 'countries.name'",
  level: 'error',
  stack: "Error: Duplicate entry 'Namibia' for key 'countries.name'\n" +
    '    at PromisePool.execute (/Users/teajhaney/Desktop/Acode/2025/Project/backend/HNG/country-currency-exchange/node_modules/mysql2/lib/promise/pool.js:54:22)\n' +
    '    at DatabaseService.execute (/Users/teajhaney/Desktop/Acode/2025/Project/backend/HNG/country-currency-exchange/src/common/config/database.ts:29:40)\n' +
    '    at CountryModel.create (/Users/teajhaney/Desktop/Acode/2025/Project/backend/HNG/country-currency-exchange/src/models/country.model.ts:26:37)\n' +
    '    at CountryService.refreshCountries (/Users/teajhaney/Desktop/Acode/2025/Project/backend/HNG/country-currency-exchange/src/services/country.service.ts:29:30)\n' +
    '    at processTicksAndRejections (node:internal/process/task_queues:105:5)\n' +
    '    at async refreshCountries (/Users/teajhaney/Desktop/Acode/2025/Project/backend/HNG/country-currency-exchange/src/controllers/country.controller.ts:13:22)',
  timestamp: '2025-10-24T20:43:06.964Z'
}
{
  service: 'country-currency-exchange',
  message: "Duplicate entry 'Namibia' for key 'countries.name'",
  code: 'ER_DUP_ENTRY',
  errno: 1062,
  sql: '\n' +
    '        INSERT INTO countries (\n' +
    '          name, capital, region, population, currency_code, \n' +
    '          exchange_rate, estimated_gdp, flag_url\n' +
    '        ) VALUES (?, ?, ?, ?, ?, ?, ?, ?)\n' +
    '      ',
  sqlState: '23000',
  sqlMessage: "Duplicate entry 'Namibia' for key 'countries.name'",
  level: 'error',
  stack: "Error: Duplicate entry 'Namibia' for key 'countries.name'\n" +
    '    at PromisePool.execute (/Users/teajhaney/Desktop/Acode/2025/Project/backend/HNG/country-currency-exchange/node_modules/mysql2/lib/promise/pool.js:54:22)\n' +
    '    at DatabaseService.execute (/Users/teajhaney/Desktop/Acode/2025/Project/backend/HNG/country-currency-exchange/src/common/config/database.ts:29:40)\n' +
    '    at CountryModel.create (/Users/teajhaney/Desktop/Acode/2025/Project/backend/HNG/country-currency-exchange/src/models/country.model.ts:26:37)\n' +
    '    at CountryService.refreshCountries (/Users/teajhaney/Desktop/Acode/2025/Project/backend/HNG/country-currency-exchange/src/services/country.service.ts:29:30)\n' +
    '    at processTicksAndRejections (node:internal/process/task_queues:105:5)\n' +
    '    at async refreshCountries (/Users/teajhaney/Desktop/Acode/2025/Project/backend/HNG/country-currency-exchange/src/controllers/country.controller.ts:13:22)',
  timestamp: '2025-10-24T20:43:06.964Z'
}
{
  service: 'country-currency-exchange',
  message: "Duplicate entry 'Namibia' for key 'countries.name'",
  code: 'ER_DUP_ENTRY',
  errno: 1062,
  sql: '\n' +
    '        INSERT INTO countries (\n' +
    '          name, capital, region, population, currency_code, \n' +
    '          exchange_rate, estimated_gdp, flag_url\n' +
    '        ) VALUES (?, ?, ?, ?, ?, ?, ?, ?)\n' +
    '      ',
  sqlState: '23000',
  sqlMessage: "Duplicate entry 'Namibia' for key 'countries.name'",
  level: 'warn',
  stack: "Error: Duplicate entry 'Namibia' for key 'countries.name'\n" +
    '    at PromisePool.execute (/Users/teajhaney/Desktop/Acode/2025/Project/backend/HNG/country-currency-exchange/node_modules/mysql2/lib/promise/pool.js:54:22)\n' +
    '    at DatabaseService.execute (/Users/teajhaney/Desktop/Acode/2025/Project/backend/HNG/country-currency-exchange/src/common/config/database.ts:29:40)\n' +
    '    at CountryModel.create (/Users/teajhaney/Desktop/Acode/2025/Project/backend/HNG/country-currency-exchange/src/models/country.model.ts:26:37)\n' +
    '    at CountryService.refreshCountries (/Users/teajhaney/Desktop/Acode/2025/Project/backend/HNG/country-currency-exchange/src/services/country.service.ts:29:30)\n' +
    '    at processTicksAndRejections (node:internal/process/task_queues:105:5)\n' +
    '    at async refreshCountries (/Users/teajhaney/Desktop/Acode/2025/Project/backend/HNG/country-currency-exchange/src/controllers/country.controller.ts:13:22)',
  timestamp: '2025-10-24T20:43:06.965Z'
}
{
  service: 'country-currency-exchange',
  message: "Duplicate entry 'Nauru' for key 'countries.name'",
  code: 'ER_DUP_ENTRY',
  errno: 1062,
  sql: '\n' +
    '        INSERT INTO countries (\n' +
    '          name, capital, region, population, currency_code, \n' +
    '          exchange_rate, estimated_gdp, flag_url\n' +
    '        ) VALUES (?, ?, ?, ?, ?, ?, ?, ?)\n' +
    '      ',
  sqlState: '23000',
  sqlMessage: "Duplicate entry 'Nauru' for key 'countries.name'",
  level: 'error',
  stack: "Error: Duplicate entry 'Nauru' for key 'countries.name'\n" +
    '    at PromisePool.execute (/Users/teajhaney/Desktop/Acode/2025/Project/backend/HNG/country-currency-exchange/node_modules/mysql2/lib/promise/pool.js:54:22)\n' +
    '    at DatabaseService.execute (/Users/teajhaney/Desktop/Acode/2025/Project/backend/HNG/country-currency-exchange/src/common/config/database.ts:29:40)\n' +
    '    at CountryModel.create (/Users/teajhaney/Desktop/Acode/2025/Project/backend/HNG/country-currency-exchange/src/models/country.model.ts:26:37)\n' +
    '    at CountryService.refreshCountries (/Users/teajhaney/Desktop/Acode/2025/Project/backend/HNG/country-currency-exchange/src/services/country.service.ts:29:30)\n' +
    '    at processTicksAndRejections (node:internal/process/task_queues:105:5)\n' +
    '    at async refreshCountries (/Users/teajhaney/Desktop/Acode/2025/Project/backend/HNG/country-currency-exchange/src/controllers/country.controller.ts:13:22)',
  timestamp: '2025-10-24T20:43:07.443Z'
}
{
  service: 'country-currency-exchange',
  message: "Duplicate entry 'Nauru' for key 'countries.name'",
  code: 'ER_DUP_ENTRY',
  errno: 1062,
  sql: '\n' +
    '        INSERT INTO countries (\n' +
    '          name, capital, region, population, currency_code, \n' +
    '          exchange_rate, estimated_gdp, flag_url\n' +
    '        ) VALUES (?, ?, ?, ?, ?, ?, ?, ?)\n' +
    '      ',
  sqlState: '23000',
  sqlMessage: "Duplicate entry 'Nauru' for key 'countries.name'",
  level: 'error',
  stack: "Error: Duplicate entry 'Nauru' for key 'countries.name'\n" +
    '    at PromisePool.execute (/Users/teajhaney/Desktop/Acode/2025/Project/backend/HNG/country-currency-exchange/node_modules/mysql2/lib/promise/pool.js:54:22)\n' +
    '    at DatabaseService.execute (/Users/teajhaney/Desktop/Acode/2025/Project/backend/HNG/country-currency-exchange/src/common/config/database.ts:29:40)\n' +
    '    at CountryModel.create (/Users/teajhaney/Desktop/Acode/2025/Project/backend/HNG/country-currency-exchange/src/models/country.model.ts:26:37)\n' +
    '    at CountryService.refreshCountries (/Users/teajhaney/Desktop/Acode/2025/Project/backend/HNG/country-currency-exchange/src/services/country.service.ts:29:30)\n' +
    '    at processTicksAndRejections (node:internal/process/task_queues:105:5)\n' +
    '    at async refreshCountries (/Users/teajhaney/Desktop/Acode/2025/Project/backend/HNG/country-currency-exchange/src/controllers/country.controller.ts:13:22)',
  timestamp: '2025-10-24T20:43:07.443Z'
}
{
  service: 'country-currency-exchange',
  message: "Duplicate entry 'Nauru' for key 'countries.name'",
  code: 'ER_DUP_ENTRY',
  errno: 1062,
  sql: '\n' +
    '        INSERT INTO countries (\n' +
    '          name, capital, region, population, currency_code, \n' +
    '          exchange_rate, estimated_gdp, flag_url\n' +
    '        ) VALUES (?, ?, ?, ?, ?, ?, ?, ?)\n' +
    '      ',
  sqlState: '23000',
  sqlMessage: "Duplicate entry 'Nauru' for key 'countries.name'",
  level: 'warn',
  stack: "Error: Duplicate entry 'Nauru' for key 'countries.name'\n" +
    '    at PromisePool.execute (/Users/teajhaney/Desktop/Acode/2025/Project/backend/HNG/country-currency-exchange/node_modules/mysql2/lib/promise/pool.js:54:22)\n' +
    '    at DatabaseService.execute (/Users/teajhaney/Desktop/Acode/2025/Project/backend/HNG/country-currency-exchange/src/common/config/database.ts:29:40)\n' +
    '    at CountryModel.create (/Users/teajhaney/Desktop/Acode/2025/Project/backend/HNG/country-currency-exchange/src/models/country.model.ts:26:37)\n' +
    '    at CountryService.refreshCountries (/Users/teajhaney/Desktop/Acode/2025/Project/backend/HNG/country-currency-exchange/src/services/country.service.ts:29:30)\n' +
    '    at processTicksAndRejections (node:internal/process/task_queues:105:5)\n' +
    '    at async refreshCountries (/Users/teajhaney/Desktop/Acode/2025/Project/backend/HNG/country-currency-exchange/src/controllers/country.controller.ts:13:22)',
  timestamp: '2025-10-24T20:43:07.443Z'
}
{
  service: 'country-currency-exchange',
  message: "Duplicate entry 'Nepal' for key 'countries.name'",
  code: 'ER_DUP_ENTRY',
  errno: 1062,
  sql: '\n' +
    '        INSERT INTO countries (\n' +
    '          name, capital, region, population, currency_code, \n' +
    '          exchange_rate, estimated_gdp, flag_url\n' +
    '        ) VALUES (?, ?, ?, ?, ?, ?, ?, ?)\n' +
    '      ',
  sqlState: '23000',
  sqlMessage: "Duplicate entry 'Nepal' for key 'countries.name'",
  level: 'error',
  stack: "Error: Duplicate entry 'Nepal' for key 'countries.name'\n" +
    '    at PromisePool.execute (/Users/teajhaney/Desktop/Acode/2025/Project/backend/HNG/country-currency-exchange/node_modules/mysql2/lib/promise/pool.js:54:22)\n' +
    '    at DatabaseService.execute (/Users/teajhaney/Desktop/Acode/2025/Project/backend/HNG/country-currency-exchange/src/common/config/database.ts:29:40)\n' +
    '    at CountryModel.create (/Users/teajhaney/Desktop/Acode/2025/Project/backend/HNG/country-currency-exchange/src/models/country.model.ts:26:37)\n' +
    '    at CountryService.refreshCountries (/Users/teajhaney/Desktop/Acode/2025/Project/backend/HNG/country-currency-exchange/src/services/country.service.ts:29:30)\n' +
    '    at processTicksAndRejections (node:internal/process/task_queues:105:5)\n' +
    '    at async refreshCountries (/Users/teajhaney/Desktop/Acode/2025/Project/backend/HNG/country-currency-exchange/src/controllers/country.controller.ts:13:22)',
  timestamp: '2025-10-24T20:43:07.908Z'
}
{
  service: 'country-currency-exchange',
  message: "Duplicate entry 'Nepal' for key 'countries.name'",
  code: 'ER_DUP_ENTRY',
  errno: 1062,
  sql: '\n' +
    '        INSERT INTO countries (\n' +
    '          name, capital, region, population, currency_code, \n' +
    '          exchange_rate, estimated_gdp, flag_url\n' +
    '        ) VALUES (?, ?, ?, ?, ?, ?, ?, ?)\n' +
    '      ',
  sqlState: '23000',
  sqlMessage: "Duplicate entry 'Nepal' for key 'countries.name'",
  level: 'error',
  stack: "Error: Duplicate entry 'Nepal' for key 'countries.name'\n" +
    '    at PromisePool.execute (/Users/teajhaney/Desktop/Acode/2025/Project/backend/HNG/country-currency-exchange/node_modules/mysql2/lib/promise/pool.js:54:22)\n' +
    '    at DatabaseService.execute (/Users/teajhaney/Desktop/Acode/2025/Project/backend/HNG/country-currency-exchange/src/common/config/database.ts:29:40)\n' +
    '    at CountryModel.create (/Users/teajhaney/Desktop/Acode/2025/Project/backend/HNG/country-currency-exchange/src/models/country.model.ts:26:37)\n' +
    '    at CountryService.refreshCountries (/Users/teajhaney/Desktop/Acode/2025/Project/backend/HNG/country-currency-exchange/src/services/country.service.ts:29:30)\n' +
    '    at processTicksAndRejections (node:internal/process/task_queues:105:5)\n' +
    '    at async refreshCountries (/Users/teajhaney/Desktop/Acode/2025/Project/backend/HNG/country-currency-exchange/src/controllers/country.controller.ts:13:22)',
  timestamp: '2025-10-24T20:43:07.908Z'
}
{
  service: 'country-currency-exchange',
  message: "Duplicate entry 'Nepal' for key 'countries.name'",
  code: 'ER_DUP_ENTRY',
  errno: 1062,
  sql: '\n' +
    '        INSERT INTO countries (\n' +
    '          name, capital, region, population, currency_code, \n' +
    '          exchange_rate, estimated_gdp, flag_url\n' +
    '        ) VALUES (?, ?, ?, ?, ?, ?, ?, ?)\n' +
    '      ',
  sqlState: '23000',
  sqlMessage: "Duplicate entry 'Nepal' for key 'countries.name'",
  level: 'warn',
  stack: "Error: Duplicate entry 'Nepal' for key 'countries.name'\n" +
    '    at PromisePool.execute (/Users/teajhaney/Desktop/Acode/2025/Project/backend/HNG/country-currency-exchange/node_modules/mysql2/lib/promise/pool.js:54:22)\n' +
    '    at DatabaseService.execute (/Users/teajhaney/Desktop/Acode/2025/Project/backend/HNG/country-currency-exchange/src/common/config/database.ts:29:40)\n' +
    '    at CountryModel.create (/Users/teajhaney/Desktop/Acode/2025/Project/backend/HNG/country-currency-exchange/src/models/country.model.ts:26:37)\n' +
    '    at CountryService.refreshCountries (/Users/teajhaney/Desktop/Acode/2025/Project/backend/HNG/country-currency-exchange/src/services/country.service.ts:29:30)\n' +
    '    at processTicksAndRejections (node:internal/process/task_queues:105:5)\n' +
    '    at async refreshCountries (/Users/teajhaney/Desktop/Acode/2025/Project/backend/HNG/country-currency-exchange/src/controllers/country.controller.ts:13:22)',
  timestamp: '2025-10-24T20:43:07.909Z'
}
{
  service: 'country-currency-exchange',
  message: "Duplicate entry 'Netherlands' for key 'countries.name'",
  code: 'ER_DUP_ENTRY',
  errno: 1062,
  sql: '\n' +
    '        INSERT INTO countries (\n' +
    '          name, capital, region, population, currency_code, \n' +
    '          exchange_rate, estimated_gdp, flag_url\n' +
    '        ) VALUES (?, ?, ?, ?, ?, ?, ?, ?)\n' +
    '      ',
  sqlState: '23000',
  sqlMessage: "Duplicate entry 'Netherlands' for key 'countries.name'",
  level: 'error',
  stack: "Error: Duplicate entry 'Netherlands' for key 'countries.name'\n" +
    '    at PromisePool.execute (/Users/teajhaney/Desktop/Acode/2025/Project/backend/HNG/country-currency-exchange/node_modules/mysql2/lib/promise/pool.js:54:22)\n' +
    '    at DatabaseService.execute (/Users/teajhaney/Desktop/Acode/2025/Project/backend/HNG/country-currency-exchange/src/common/config/database.ts:29:40)\n' +
    '    at CountryModel.create (/Users/teajhaney/Desktop/Acode/2025/Project/backend/HNG/country-currency-exchange/src/models/country.model.ts:26:37)\n' +
    '    at CountryService.refreshCountries (/Users/teajhaney/Desktop/Acode/2025/Project/backend/HNG/country-currency-exchange/src/services/country.service.ts:29:30)\n' +
    '    at processTicksAndRejections (node:internal/process/task_queues:105:5)\n' +
    '    at async refreshCountries (/Users/teajhaney/Desktop/Acode/2025/Project/backend/HNG/country-currency-exchange/src/controllers/country.controller.ts:13:22)',
  timestamp: '2025-10-24T20:43:08.368Z'
}
{
  service: 'country-currency-exchange',
  message: "Duplicate entry 'Netherlands' for key 'countries.name'",
  code: 'ER_DUP_ENTRY',
  errno: 1062,
  sql: '\n' +
    '        INSERT INTO countries (\n' +
    '          name, capital, region, population, currency_code, \n' +
    '          exchange_rate, estimated_gdp, flag_url\n' +
    '        ) VALUES (?, ?, ?, ?, ?, ?, ?, ?)\n' +
    '      ',
  sqlState: '23000',
  sqlMessage: "Duplicate entry 'Netherlands' for key 'countries.name'",
  level: 'error',
  stack: "Error: Duplicate entry 'Netherlands' for key 'countries.name'\n" +
    '    at PromisePool.execute (/Users/teajhaney/Desktop/Acode/2025/Project/backend/HNG/country-currency-exchange/node_modules/mysql2/lib/promise/pool.js:54:22)\n' +
    '    at DatabaseService.execute (/Users/teajhaney/Desktop/Acode/2025/Project/backend/HNG/country-currency-exchange/src/common/config/database.ts:29:40)\n' +
    '    at CountryModel.create (/Users/teajhaney/Desktop/Acode/2025/Project/backend/HNG/country-currency-exchange/src/models/country.model.ts:26:37)\n' +
    '    at CountryService.refreshCountries (/Users/teajhaney/Desktop/Acode/2025/Project/backend/HNG/country-currency-exchange/src/services/country.service.ts:29:30)\n' +
    '    at processTicksAndRejections (node:internal/process/task_queues:105:5)\n' +
    '    at async refreshCountries (/Users/teajhaney/Desktop/Acode/2025/Project/backend/HNG/country-currency-exchange/src/controllers/country.controller.ts:13:22)',
  timestamp: '2025-10-24T20:43:08.368Z'
}
{
  service: 'country-currency-exchange',
  message: "Duplicate entry 'Netherlands' for key 'countries.name'",
  code: 'ER_DUP_ENTRY',
  errno: 1062,
  sql: '\n' +
    '        INSERT INTO countries (\n' +
    '          name, capital, region, population, currency_code, \n' +
    '          exchange_rate, estimated_gdp, flag_url\n' +
    '        ) VALUES (?, ?, ?, ?, ?, ?, ?, ?)\n' +
    '      ',
  sqlState: '23000',
  sqlMessage: "Duplicate entry 'Netherlands' for key 'countries.name'",
  level: 'warn',
  stack: "Error: Duplicate entry 'Netherlands' for key 'countries.name'\n" +
    '    at PromisePool.execute (/Users/teajhaney/Desktop/Acode/2025/Project/backend/HNG/country-currency-exchange/node_modules/mysql2/lib/promise/pool.js:54:22)\n' +
    '    at DatabaseService.execute (/Users/teajhaney/Desktop/Acode/2025/Project/backend/HNG/country-currency-exchange/src/common/config/database.ts:29:40)\n' +
    '    at CountryModel.create (/Users/teajhaney/Desktop/Acode/2025/Project/backend/HNG/country-currency-exchange/src/models/country.model.ts:26:37)\n' +
    '    at CountryService.refreshCountries (/Users/teajhaney/Desktop/Acode/2025/Project/backend/HNG/country-currency-exchange/src/services/country.service.ts:29:30)\n' +
    '    at processTicksAndRejections (node:internal/process/task_queues:105:5)\n' +
    '    at async refreshCountries (/Users/teajhaney/Desktop/Acode/2025/Project/backend/HNG/country-currency-exchange/src/controllers/country.controller.ts:13:22)',
  timestamp: '2025-10-24T20:43:08.368Z'
}
{
  service: 'country-currency-exchange',
  message: "Duplicate entry 'New Caledonia' for key 'countries.name'",
  code: 'ER_DUP_ENTRY',
  errno: 1062,
  sql: '\n' +
    '        INSERT INTO countries (\n' +
    '          name, capital, region, population, currency_code, \n' +
    '          exchange_rate, estimated_gdp, flag_url\n' +
    '        ) VALUES (?, ?, ?, ?, ?, ?, ?, ?)\n' +
    '      ',
  sqlState: '23000',
  sqlMessage: "Duplicate entry 'New Caledonia' for key 'countries.name'",
  level: 'error',
  stack: "Error: Duplicate entry 'New Caledonia' for key 'countries.name'\n" +
    '    at PromisePool.execute (/Users/teajhaney/Desktop/Acode/2025/Project/backend/HNG/country-currency-exchange/node_modules/mysql2/lib/promise/pool.js:54:22)\n' +
    '    at DatabaseService.execute (/Users/teajhaney/Desktop/Acode/2025/Project/backend/HNG/country-currency-exchange/src/common/config/database.ts:29:40)\n' +
    '    at CountryModel.create (/Users/teajhaney/Desktop/Acode/2025/Project/backend/HNG/country-currency-exchange/src/models/country.model.ts:26:37)\n' +
    '    at CountryService.refreshCountries (/Users/teajhaney/Desktop/Acode/2025/Project/backend/HNG/country-currency-exchange/src/services/country.service.ts:29:30)\n' +
    '    at processTicksAndRejections (node:internal/process/task_queues:105:5)\n' +
    '    at async refreshCountries (/Users/teajhaney/Desktop/Acode/2025/Project/backend/HNG/country-currency-exchange/src/controllers/country.controller.ts:13:22)',
  timestamp: '2025-10-24T20:43:08.877Z'
}
{
  service: 'country-currency-exchange',
  message: "Duplicate entry 'New Caledonia' for key 'countries.name'",
  code: 'ER_DUP_ENTRY',
  errno: 1062,
  sql: '\n' +
    '        INSERT INTO countries (\n' +
    '          name, capital, region, population, currency_code, \n' +
    '          exchange_rate, estimated_gdp, flag_url\n' +
    '        ) VALUES (?, ?, ?, ?, ?, ?, ?, ?)\n' +
    '      ',
  sqlState: '23000',
  sqlMessage: "Duplicate entry 'New Caledonia' for key 'countries.name'",
  level: 'error',
  stack: "Error: Duplicate entry 'New Caledonia' for key 'countries.name'\n" +
    '    at PromisePool.execute (/Users/teajhaney/Desktop/Acode/2025/Project/backend/HNG/country-currency-exchange/node_modules/mysql2/lib/promise/pool.js:54:22)\n' +
    '    at DatabaseService.execute (/Users/teajhaney/Desktop/Acode/2025/Project/backend/HNG/country-currency-exchange/src/common/config/database.ts:29:40)\n' +
    '    at CountryModel.create (/Users/teajhaney/Desktop/Acode/2025/Project/backend/HNG/country-currency-exchange/src/models/country.model.ts:26:37)\n' +
    '    at CountryService.refreshCountries (/Users/teajhaney/Desktop/Acode/2025/Project/backend/HNG/country-currency-exchange/src/services/country.service.ts:29:30)\n' +
    '    at processTicksAndRejections (node:internal/process/task_queues:105:5)\n' +
    '    at async refreshCountries (/Users/teajhaney/Desktop/Acode/2025/Project/backend/HNG/country-currency-exchange/src/controllers/country.controller.ts:13:22)',
  timestamp: '2025-10-24T20:43:08.878Z'
}
{
  service: 'country-currency-exchange',
  message: "Duplicate entry 'New Caledonia' for key 'countries.name'",
  code: 'ER_DUP_ENTRY',
  errno: 1062,
  sql: '\n' +
    '        INSERT INTO countries (\n' +
    '          name, capital, region, population, currency_code, \n' +
    '          exchange_rate, estimated_gdp, flag_url\n' +
    '        ) VALUES (?, ?, ?, ?, ?, ?, ?, ?)\n' +
    '      ',
  sqlState: '23000',
  sqlMessage: "Duplicate entry 'New Caledonia' for key 'countries.name'",
  level: 'warn',
  stack: "Error: Duplicate entry 'New Caledonia' for key 'countries.name'\n" +
    '    at PromisePool.execute (/Users/teajhaney/Desktop/Acode/2025/Project/backend/HNG/country-currency-exchange/node_modules/mysql2/lib/promise/pool.js:54:22)\n' +
    '    at DatabaseService.execute (/Users/teajhaney/Desktop/Acode/2025/Project/backend/HNG/country-currency-exchange/src/common/config/database.ts:29:40)\n' +
    '    at CountryModel.create (/Users/teajhaney/Desktop/Acode/2025/Project/backend/HNG/country-currency-exchange/src/models/country.model.ts:26:37)\n' +
    '    at CountryService.refreshCountries (/Users/teajhaney/Desktop/Acode/2025/Project/backend/HNG/country-currency-exchange/src/services/country.service.ts:29:30)\n' +
    '    at processTicksAndRejections (node:internal/process/task_queues:105:5)\n' +
    '    at async refreshCountries (/Users/teajhaney/Desktop/Acode/2025/Project/backend/HNG/country-currency-exchange/src/controllers/country.controller.ts:13:22)',
  timestamp: '2025-10-24T20:43:08.878Z'
}
{
  service: 'country-currency-exchange',
  message: "Duplicate entry 'New Zealand' for key 'countries.name'",
  code: 'ER_DUP_ENTRY',
  errno: 1062,
  sql: '\n' +
    '        INSERT INTO countries (\n' +
    '          name, capital, region, population, currency_code, \n' +
    '          exchange_rate, estimated_gdp, flag_url\n' +
    '        ) VALUES (?, ?, ?, ?, ?, ?, ?, ?)\n' +
    '      ',
  sqlState: '23000',
  sqlMessage: "Duplicate entry 'New Zealand' for key 'countries.name'",
  level: 'error',
  stack: "Error: Duplicate entry 'New Zealand' for key 'countries.name'\n" +
    '    at PromisePool.execute (/Users/teajhaney/Desktop/Acode/2025/Project/backend/HNG/country-currency-exchange/node_modules/mysql2/lib/promise/pool.js:54:22)\n' +
    '    at DatabaseService.execute (/Users/teajhaney/Desktop/Acode/2025/Project/backend/HNG/country-currency-exchange/src/common/config/database.ts:29:40)\n' +
    '    at CountryModel.create (/Users/teajhaney/Desktop/Acode/2025/Project/backend/HNG/country-currency-exchange/src/models/country.model.ts:26:37)\n' +
    '    at CountryService.refreshCountries (/Users/teajhaney/Desktop/Acode/2025/Project/backend/HNG/country-currency-exchange/src/services/country.service.ts:29:30)\n' +
    '    at processTicksAndRejections (node:internal/process/task_queues:105:5)\n' +
    '    at async refreshCountries (/Users/teajhaney/Desktop/Acode/2025/Project/backend/HNG/country-currency-exchange/src/controllers/country.controller.ts:13:22)',
  timestamp: '2025-10-24T20:43:09.394Z'
}
{
  service: 'country-currency-exchange',
  message: "Duplicate entry 'New Zealand' for key 'countries.name'",
  code: 'ER_DUP_ENTRY',
  errno: 1062,
  sql: '\n' +
    '        INSERT INTO countries (\n' +
    '          name, capital, region, population, currency_code, \n' +
    '          exchange_rate, estimated_gdp, flag_url\n' +
    '        ) VALUES (?, ?, ?, ?, ?, ?, ?, ?)\n' +
    '      ',
  sqlState: '23000',
  sqlMessage: "Duplicate entry 'New Zealand' for key 'countries.name'",
  level: 'error',
  stack: "Error: Duplicate entry 'New Zealand' for key 'countries.name'\n" +
    '    at PromisePool.execute (/Users/teajhaney/Desktop/Acode/2025/Project/backend/HNG/country-currency-exchange/node_modules/mysql2/lib/promise/pool.js:54:22)\n' +
    '    at DatabaseService.execute (/Users/teajhaney/Desktop/Acode/2025/Project/backend/HNG/country-currency-exchange/src/common/config/database.ts:29:40)\n' +
    '    at CountryModel.create (/Users/teajhaney/Desktop/Acode/2025/Project/backend/HNG/country-currency-exchange/src/models/country.model.ts:26:37)\n' +
    '    at CountryService.refreshCountries (/Users/teajhaney/Desktop/Acode/2025/Project/backend/HNG/country-currency-exchange/src/services/country.service.ts:29:30)\n' +
    '    at processTicksAndRejections (node:internal/process/task_queues:105:5)\n' +
    '    at async refreshCountries (/Users/teajhaney/Desktop/Acode/2025/Project/backend/HNG/country-currency-exchange/src/controllers/country.controller.ts:13:22)',
  timestamp: '2025-10-24T20:43:09.398Z'
}
{
  service: 'country-currency-exchange',
  message: "Duplicate entry 'New Zealand' for key 'countries.name'",
  code: 'ER_DUP_ENTRY',
  errno: 1062,
  sql: '\n' +
    '        INSERT INTO countries (\n' +
    '          name, capital, region, population, currency_code, \n' +
    '          exchange_rate, estimated_gdp, flag_url\n' +
    '        ) VALUES (?, ?, ?, ?, ?, ?, ?, ?)\n' +
    '      ',
  sqlState: '23000',
  sqlMessage: "Duplicate entry 'New Zealand' for key 'countries.name'",
  level: 'warn',
  stack: "Error: Duplicate entry 'New Zealand' for key 'countries.name'\n" +
    '    at PromisePool.execute (/Users/teajhaney/Desktop/Acode/2025/Project/backend/HNG/country-currency-exchange/node_modules/mysql2/lib/promise/pool.js:54:22)\n' +
    '    at DatabaseService.execute (/Users/teajhaney/Desktop/Acode/2025/Project/backend/HNG/country-currency-exchange/src/common/config/database.ts:29:40)\n' +
    '    at CountryModel.create (/Users/teajhaney/Desktop/Acode/2025/Project/backend/HNG/country-currency-exchange/src/models/country.model.ts:26:37)\n' +
    '    at CountryService.refreshCountries (/Users/teajhaney/Desktop/Acode/2025/Project/backend/HNG/country-currency-exchange/src/services/country.service.ts:29:30)\n' +
    '    at processTicksAndRejections (node:internal/process/task_queues:105:5)\n' +
    '    at async refreshCountries (/Users/teajhaney/Desktop/Acode/2025/Project/backend/HNG/country-currency-exchange/src/controllers/country.controller.ts:13:22)',
  timestamp: '2025-10-24T20:43:09.399Z'
}
{
  service: 'country-currency-exchange',
  message: "Duplicate entry 'Nicaragua' for key 'countries.name'",
  code: 'ER_DUP_ENTRY',
  errno: 1062,
  sql: '\n' +
    '        INSERT INTO countries (\n' +
    '          name, capital, region, population, currency_code, \n' +
    '          exchange_rate, estimated_gdp, flag_url\n' +
    '        ) VALUES (?, ?, ?, ?, ?, ?, ?, ?)\n' +
    '      ',
  sqlState: '23000',
  sqlMessage: "Duplicate entry 'Nicaragua' for key 'countries.name'",
  level: 'error',
  stack: "Error: Duplicate entry 'Nicaragua' for key 'countries.name'\n" +
    '    at PromisePool.execute (/Users/teajhaney/Desktop/Acode/2025/Project/backend/HNG/country-currency-exchange/node_modules/mysql2/lib/promise/pool.js:54:22)\n' +
    '    at DatabaseService.execute (/Users/teajhaney/Desktop/Acode/2025/Project/backend/HNG/country-currency-exchange/src/common/config/database.ts:29:40)\n' +
    '    at CountryModel.create (/Users/teajhaney/Desktop/Acode/2025/Project/backend/HNG/country-currency-exchange/src/models/country.model.ts:26:37)\n' +
    '    at CountryService.refreshCountries (/Users/teajhaney/Desktop/Acode/2025/Project/backend/HNG/country-currency-exchange/src/services/country.service.ts:29:30)\n' +
    '    at processTicksAndRejections (node:internal/process/task_queues:105:5)\n' +
    '    at async refreshCountries (/Users/teajhaney/Desktop/Acode/2025/Project/backend/HNG/country-currency-exchange/src/controllers/country.controller.ts:13:22)',
  timestamp: '2025-10-24T20:43:09.900Z'
}
{
  service: 'country-currency-exchange',
  message: "Duplicate entry 'Nicaragua' for key 'countries.name'",
  code: 'ER_DUP_ENTRY',
  errno: 1062,
  sql: '\n' +
    '        INSERT INTO countries (\n' +
    '          name, capital, region, population, currency_code, \n' +
    '          exchange_rate, estimated_gdp, flag_url\n' +
    '        ) VALUES (?, ?, ?, ?, ?, ?, ?, ?)\n' +
    '      ',
  sqlState: '23000',
  sqlMessage: "Duplicate entry 'Nicaragua' for key 'countries.name'",
  level: 'error',
  stack: "Error: Duplicate entry 'Nicaragua' for key 'countries.name'\n" +
    '    at PromisePool.execute (/Users/teajhaney/Desktop/Acode/2025/Project/backend/HNG/country-currency-exchange/node_modules/mysql2/lib/promise/pool.js:54:22)\n' +
    '    at DatabaseService.execute (/Users/teajhaney/Desktop/Acode/2025/Project/backend/HNG/country-currency-exchange/src/common/config/database.ts:29:40)\n' +
    '    at CountryModel.create (/Users/teajhaney/Desktop/Acode/2025/Project/backend/HNG/country-currency-exchange/src/models/country.model.ts:26:37)\n' +
    '    at CountryService.refreshCountries (/Users/teajhaney/Desktop/Acode/2025/Project/backend/HNG/country-currency-exchange/src/services/country.service.ts:29:30)\n' +
    '    at processTicksAndRejections (node:internal/process/task_queues:105:5)\n' +
    '    at async refreshCountries (/Users/teajhaney/Desktop/Acode/2025/Project/backend/HNG/country-currency-exchange/src/controllers/country.controller.ts:13:22)',
  timestamp: '2025-10-24T20:43:09.900Z'
}
{
  service: 'country-currency-exchange',
  message: "Duplicate entry 'Nicaragua' for key 'countries.name'",
  code: 'ER_DUP_ENTRY',
  errno: 1062,
  sql: '\n' +
    '        INSERT INTO countries (\n' +
    '          name, capital, region, population, currency_code, \n' +
    '          exchange_rate, estimated_gdp, flag_url\n' +
    '        ) VALUES (?, ?, ?, ?, ?, ?, ?, ?)\n' +
    '      ',
  sqlState: '23000',
  sqlMessage: "Duplicate entry 'Nicaragua' for key 'countries.name'",
  level: 'warn',
  stack: "Error: Duplicate entry 'Nicaragua' for key 'countries.name'\n" +
    '    at PromisePool.execute (/Users/teajhaney/Desktop/Acode/2025/Project/backend/HNG/country-currency-exchange/node_modules/mysql2/lib/promise/pool.js:54:22)\n' +
    '    at DatabaseService.execute (/Users/teajhaney/Desktop/Acode/2025/Project/backend/HNG/country-currency-exchange/src/common/config/database.ts:29:40)\n' +
    '    at CountryModel.create (/Users/teajhaney/Desktop/Acode/2025/Project/backend/HNG/country-currency-exchange/src/models/country.model.ts:26:37)\n' +
    '    at CountryService.refreshCountries (/Users/teajhaney/Desktop/Acode/2025/Project/backend/HNG/country-currency-exchange/src/services/country.service.ts:29:30)\n' +
    '    at processTicksAndRejections (node:internal/process/task_queues:105:5)\n' +
    '    at async refreshCountries (/Users/teajhaney/Desktop/Acode/2025/Project/backend/HNG/country-currency-exchange/src/controllers/country.controller.ts:13:22)',
  timestamp: '2025-10-24T20:43:09.900Z'
}
{
  service: 'country-currency-exchange',
  message: "Duplicate entry 'Niger' for key 'countries.name'",
  code: 'ER_DUP_ENTRY',
  errno: 1062,
  sql: '\n' +
    '        INSERT INTO countries (\n' +
    '          name, capital, region, population, currency_code, \n' +
    '          exchange_rate, estimated_gdp, flag_url\n' +
    '        ) VALUES (?, ?, ?, ?, ?, ?, ?, ?)\n' +
    '      ',
  sqlState: '23000',
  sqlMessage: "Duplicate entry 'Niger' for key 'countries.name'",
  level: 'error',
  stack: "Error: Duplicate entry 'Niger' for key 'countries.name'\n" +
    '    at PromisePool.execute (/Users/teajhaney/Desktop/Acode/2025/Project/backend/HNG/country-currency-exchange/node_modules/mysql2/lib/promise/pool.js:54:22)\n' +
    '    at DatabaseService.execute (/Users/teajhaney/Desktop/Acode/2025/Project/backend/HNG/country-currency-exchange/src/common/config/database.ts:29:40)\n' +
    '    at CountryModel.create (/Users/teajhaney/Desktop/Acode/2025/Project/backend/HNG/country-currency-exchange/src/models/country.model.ts:26:37)\n' +
    '    at CountryService.refreshCountries (/Users/teajhaney/Desktop/Acode/2025/Project/backend/HNG/country-currency-exchange/src/services/country.service.ts:29:30)\n' +
    '    at processTicksAndRejections (node:internal/process/task_queues:105:5)\n' +
    '    at async refreshCountries (/Users/teajhaney/Desktop/Acode/2025/Project/backend/HNG/country-currency-exchange/src/controllers/country.controller.ts:13:22)',
  timestamp: '2025-10-24T20:43:10.420Z'
}
{
  service: 'country-currency-exchange',
  message: "Duplicate entry 'Niger' for key 'countries.name'",
  code: 'ER_DUP_ENTRY',
  errno: 1062,
  sql: '\n' +
    '        INSERT INTO countries (\n' +
    '          name, capital, region, population, currency_code, \n' +
    '          exchange_rate, estimated_gdp, flag_url\n' +
    '        ) VALUES (?, ?, ?, ?, ?, ?, ?, ?)\n' +
    '      ',
  sqlState: '23000',
  sqlMessage: "Duplicate entry 'Niger' for key 'countries.name'",
  level: 'error',
  stack: "Error: Duplicate entry 'Niger' for key 'countries.name'\n" +
    '    at PromisePool.execute (/Users/teajhaney/Desktop/Acode/2025/Project/backend/HNG/country-currency-exchange/node_modules/mysql2/lib/promise/pool.js:54:22)\n' +
    '    at DatabaseService.execute (/Users/teajhaney/Desktop/Acode/2025/Project/backend/HNG/country-currency-exchange/src/common/config/database.ts:29:40)\n' +
    '    at CountryModel.create (/Users/teajhaney/Desktop/Acode/2025/Project/backend/HNG/country-currency-exchange/src/models/country.model.ts:26:37)\n' +
    '    at CountryService.refreshCountries (/Users/teajhaney/Desktop/Acode/2025/Project/backend/HNG/country-currency-exchange/src/services/country.service.ts:29:30)\n' +
    '    at processTicksAndRejections (node:internal/process/task_queues:105:5)\n' +
    '    at async refreshCountries (/Users/teajhaney/Desktop/Acode/2025/Project/backend/HNG/country-currency-exchange/src/controllers/country.controller.ts:13:22)',
  timestamp: '2025-10-24T20:43:10.420Z'
}
{
  service: 'country-currency-exchange',
  message: "Duplicate entry 'Niger' for key 'countries.name'",
  code: 'ER_DUP_ENTRY',
  errno: 1062,
  sql: '\n' +
    '        INSERT INTO countries (\n' +
    '          name, capital, region, population, currency_code, \n' +
    '          exchange_rate, estimated_gdp, flag_url\n' +
    '        ) VALUES (?, ?, ?, ?, ?, ?, ?, ?)\n' +
    '      ',
  sqlState: '23000',
  sqlMessage: "Duplicate entry 'Niger' for key 'countries.name'",
  level: 'warn',
  stack: "Error: Duplicate entry 'Niger' for key 'countries.name'\n" +
    '    at PromisePool.execute (/Users/teajhaney/Desktop/Acode/2025/Project/backend/HNG/country-currency-exchange/node_modules/mysql2/lib/promise/pool.js:54:22)\n' +
    '    at DatabaseService.execute (/Users/teajhaney/Desktop/Acode/2025/Project/backend/HNG/country-currency-exchange/src/common/config/database.ts:29:40)\n' +
    '    at CountryModel.create (/Users/teajhaney/Desktop/Acode/2025/Project/backend/HNG/country-currency-exchange/src/models/country.model.ts:26:37)\n' +
    '    at CountryService.refreshCountries (/Users/teajhaney/Desktop/Acode/2025/Project/backend/HNG/country-currency-exchange/src/services/country.service.ts:29:30)\n' +
    '    at processTicksAndRejections (node:internal/process/task_queues:105:5)\n' +
    '    at async refreshCountries (/Users/teajhaney/Desktop/Acode/2025/Project/backend/HNG/country-currency-exchange/src/controllers/country.controller.ts:13:22)',
  timestamp: '2025-10-24T20:43:10.420Z'
}
{
  service: 'country-currency-exchange',
  message: "Duplicate entry 'Nigeria' for key 'countries.name'",
  code: 'ER_DUP_ENTRY',
  errno: 1062,
  sql: '\n' +
    '        INSERT INTO countries (\n' +
    '          name, capital, region, population, currency_code, \n' +
    '          exchange_rate, estimated_gdp, flag_url\n' +
    '        ) VALUES (?, ?, ?, ?, ?, ?, ?, ?)\n' +
    '      ',
  sqlState: '23000',
  sqlMessage: "Duplicate entry 'Nigeria' for key 'countries.name'",
  level: 'error',
  stack: "Error: Duplicate entry 'Nigeria' for key 'countries.name'\n" +
    '    at PromisePool.execute (/Users/teajhaney/Desktop/Acode/2025/Project/backend/HNG/country-currency-exchange/node_modules/mysql2/lib/promise/pool.js:54:22)\n' +
    '    at DatabaseService.execute (/Users/teajhaney/Desktop/Acode/2025/Project/backend/HNG/country-currency-exchange/src/common/config/database.ts:29:40)\n' +
    '    at CountryModel.create (/Users/teajhaney/Desktop/Acode/2025/Project/backend/HNG/country-currency-exchange/src/models/country.model.ts:26:37)\n' +
    '    at CountryService.refreshCountries (/Users/teajhaney/Desktop/Acode/2025/Project/backend/HNG/country-currency-exchange/src/services/country.service.ts:29:30)\n' +
    '    at processTicksAndRejections (node:internal/process/task_queues:105:5)\n' +
    '    at async refreshCountries (/Users/teajhaney/Desktop/Acode/2025/Project/backend/HNG/country-currency-exchange/src/controllers/country.controller.ts:13:22)',
  timestamp: '2025-10-24T20:43:10.923Z'
}
{
  service: 'country-currency-exchange',
  message: "Duplicate entry 'Nigeria' for key 'countries.name'",
  code: 'ER_DUP_ENTRY',
  errno: 1062,
  sql: '\n' +
    '        INSERT INTO countries (\n' +
    '          name, capital, region, population, currency_code, \n' +
    '          exchange_rate, estimated_gdp, flag_url\n' +
    '        ) VALUES (?, ?, ?, ?, ?, ?, ?, ?)\n' +
    '      ',
  sqlState: '23000',
  sqlMessage: "Duplicate entry 'Nigeria' for key 'countries.name'",
  level: 'error',
  stack: "Error: Duplicate entry 'Nigeria' for key 'countries.name'\n" +
    '    at PromisePool.execute (/Users/teajhaney/Desktop/Acode/2025/Project/backend/HNG/country-currency-exchange/node_modules/mysql2/lib/promise/pool.js:54:22)\n' +
    '    at DatabaseService.execute (/Users/teajhaney/Desktop/Acode/2025/Project/backend/HNG/country-currency-exchange/src/common/config/database.ts:29:40)\n' +
    '    at CountryModel.create (/Users/teajhaney/Desktop/Acode/2025/Project/backend/HNG/country-currency-exchange/src/models/country.model.ts:26:37)\n' +
    '    at CountryService.refreshCountries (/Users/teajhaney/Desktop/Acode/2025/Project/backend/HNG/country-currency-exchange/src/services/country.service.ts:29:30)\n' +
    '    at processTicksAndRejections (node:internal/process/task_queues:105:5)\n' +
    '    at async refreshCountries (/Users/teajhaney/Desktop/Acode/2025/Project/backend/HNG/country-currency-exchange/src/controllers/country.controller.ts:13:22)',
  timestamp: '2025-10-24T20:43:10.924Z'
}
{
  service: 'country-currency-exchange',
  message: "Duplicate entry 'Nigeria' for key 'countries.name'",
  code: 'ER_DUP_ENTRY',
  errno: 1062,
  sql: '\n' +
    '        INSERT INTO countries (\n' +
    '          name, capital, region, population, currency_code, \n' +
    '          exchange_rate, estimated_gdp, flag_url\n' +
    '        ) VALUES (?, ?, ?, ?, ?, ?, ?, ?)\n' +
    '      ',
  sqlState: '23000',
  sqlMessage: "Duplicate entry 'Nigeria' for key 'countries.name'",
  level: 'warn',
  stack: "Error: Duplicate entry 'Nigeria' for key 'countries.name'\n" +
    '    at PromisePool.execute (/Users/teajhaney/Desktop/Acode/2025/Project/backend/HNG/country-currency-exchange/node_modules/mysql2/lib/promise/pool.js:54:22)\n' +
    '    at DatabaseService.execute (/Users/teajhaney/Desktop/Acode/2025/Project/backend/HNG/country-currency-exchange/src/common/config/database.ts:29:40)\n' +
    '    at CountryModel.create (/Users/teajhaney/Desktop/Acode/2025/Project/backend/HNG/country-currency-exchange/src/models/country.model.ts:26:37)\n' +
    '    at CountryService.refreshCountries (/Users/teajhaney/Desktop/Acode/2025/Project/backend/HNG/country-currency-exchange/src/services/country.service.ts:29:30)\n' +
    '    at processTicksAndRejections (node:internal/process/task_queues:105:5)\n' +
    '    at async refreshCountries (/Users/teajhaney/Desktop/Acode/2025/Project/backend/HNG/country-currency-exchange/src/controllers/country.controller.ts:13:22)',
  timestamp: '2025-10-24T20:43:10.925Z'
}
{
  service: 'country-currency-exchange',
  message: "Duplicate entry 'Niue' for key 'countries.name'",
  code: 'ER_DUP_ENTRY',
  errno: 1062,
  sql: '\n' +
    '        INSERT INTO countries (\n' +
    '          name, capital, region, population, currency_code, \n' +
    '          exchange_rate, estimated_gdp, flag_url\n' +
    '        ) VALUES (?, ?, ?, ?, ?, ?, ?, ?)\n' +
    '      ',
  sqlState: '23000',
  sqlMessage: "Duplicate entry 'Niue' for key 'countries.name'",
  level: 'error',
  stack: "Error: Duplicate entry 'Niue' for key 'countries.name'\n" +
    '    at PromisePool.execute (/Users/teajhaney/Desktop/Acode/2025/Project/backend/HNG/country-currency-exchange/node_modules/mysql2/lib/promise/pool.js:54:22)\n' +
    '    at DatabaseService.execute (/Users/teajhaney/Desktop/Acode/2025/Project/backend/HNG/country-currency-exchange/src/common/config/database.ts:29:40)\n' +
    '    at CountryModel.create (/Users/teajhaney/Desktop/Acode/2025/Project/backend/HNG/country-currency-exchange/src/models/country.model.ts:26:37)\n' +
    '    at CountryService.refreshCountries (/Users/teajhaney/Desktop/Acode/2025/Project/backend/HNG/country-currency-exchange/src/services/country.service.ts:29:30)\n' +
    '    at processTicksAndRejections (node:internal/process/task_queues:105:5)\n' +
    '    at async refreshCountries (/Users/teajhaney/Desktop/Acode/2025/Project/backend/HNG/country-currency-exchange/src/controllers/country.controller.ts:13:22)',
  timestamp: '2025-10-24T20:43:11.449Z'
}
{
  service: 'country-currency-exchange',
  message: "Duplicate entry 'Niue' for key 'countries.name'",
  code: 'ER_DUP_ENTRY',
  errno: 1062,
  sql: '\n' +
    '        INSERT INTO countries (\n' +
    '          name, capital, region, population, currency_code, \n' +
    '          exchange_rate, estimated_gdp, flag_url\n' +
    '        ) VALUES (?, ?, ?, ?, ?, ?, ?, ?)\n' +
    '      ',
  sqlState: '23000',
  sqlMessage: "Duplicate entry 'Niue' for key 'countries.name'",
  level: 'error',
  stack: "Error: Duplicate entry 'Niue' for key 'countries.name'\n" +
    '    at PromisePool.execute (/Users/teajhaney/Desktop/Acode/2025/Project/backend/HNG/country-currency-exchange/node_modules/mysql2/lib/promise/pool.js:54:22)\n' +
    '    at DatabaseService.execute (/Users/teajhaney/Desktop/Acode/2025/Project/backend/HNG/country-currency-exchange/src/common/config/database.ts:29:40)\n' +
    '    at CountryModel.create (/Users/teajhaney/Desktop/Acode/2025/Project/backend/HNG/country-currency-exchange/src/models/country.model.ts:26:37)\n' +
    '    at CountryService.refreshCountries (/Users/teajhaney/Desktop/Acode/2025/Project/backend/HNG/country-currency-exchange/src/services/country.service.ts:29:30)\n' +
    '    at processTicksAndRejections (node:internal/process/task_queues:105:5)\n' +
    '    at async refreshCountries (/Users/teajhaney/Desktop/Acode/2025/Project/backend/HNG/country-currency-exchange/src/controllers/country.controller.ts:13:22)',
  timestamp: '2025-10-24T20:43:11.449Z'
}
{
  service: 'country-currency-exchange',
  message: "Duplicate entry 'Niue' for key 'countries.name'",
  code: 'ER_DUP_ENTRY',
  errno: 1062,
  sql: '\n' +
    '        INSERT INTO countries (\n' +
    '          name, capital, region, population, currency_code, \n' +
    '          exchange_rate, estimated_gdp, flag_url\n' +
    '        ) VALUES (?, ?, ?, ?, ?, ?, ?, ?)\n' +
    '      ',
  sqlState: '23000',
  sqlMessage: "Duplicate entry 'Niue' for key 'countries.name'",
  level: 'warn',
  stack: "Error: Duplicate entry 'Niue' for key 'countries.name'\n" +
    '    at PromisePool.execute (/Users/teajhaney/Desktop/Acode/2025/Project/backend/HNG/country-currency-exchange/node_modules/mysql2/lib/promise/pool.js:54:22)\n' +
    '    at DatabaseService.execute (/Users/teajhaney/Desktop/Acode/2025/Project/backend/HNG/country-currency-exchange/src/common/config/database.ts:29:40)\n' +
    '    at CountryModel.create (/Users/teajhaney/Desktop/Acode/2025/Project/backend/HNG/country-currency-exchange/src/models/country.model.ts:26:37)\n' +
    '    at CountryService.refreshCountries (/Users/teajhaney/Desktop/Acode/2025/Project/backend/HNG/country-currency-exchange/src/services/country.service.ts:29:30)\n' +
    '    at processTicksAndRejections (node:internal/process/task_queues:105:5)\n' +
    '    at async refreshCountries (/Users/teajhaney/Desktop/Acode/2025/Project/backend/HNG/country-currency-exchange/src/controllers/country.controller.ts:13:22)',
  timestamp: '2025-10-24T20:43:11.449Z'
}
{
  service: 'country-currency-exchange',
  message: "Duplicate entry 'Norfolk Island' for key 'countries.name'",
  code: 'ER_DUP_ENTRY',
  errno: 1062,
  sql: '\n' +
    '        INSERT INTO countries (\n' +
    '          name, capital, region, population, currency_code, \n' +
    '          exchange_rate, estimated_gdp, flag_url\n' +
    '        ) VALUES (?, ?, ?, ?, ?, ?, ?, ?)\n' +
    '      ',
  sqlState: '23000',
  sqlMessage: "Duplicate entry 'Norfolk Island' for key 'countries.name'",
  level: 'error',
  stack: "Error: Duplicate entry 'Norfolk Island' for key 'countries.name'\n" +
    '    at PromisePool.execute (/Users/teajhaney/Desktop/Acode/2025/Project/backend/HNG/country-currency-exchange/node_modules/mysql2/lib/promise/pool.js:54:22)\n' +
    '    at DatabaseService.execute (/Users/teajhaney/Desktop/Acode/2025/Project/backend/HNG/country-currency-exchange/src/common/config/database.ts:29:40)\n' +
    '    at CountryModel.create (/Users/teajhaney/Desktop/Acode/2025/Project/backend/HNG/country-currency-exchange/src/models/country.model.ts:26:37)\n' +
    '    at CountryService.refreshCountries (/Users/teajhaney/Desktop/Acode/2025/Project/backend/HNG/country-currency-exchange/src/services/country.service.ts:29:30)\n' +
    '    at processTicksAndRejections (node:internal/process/task_queues:105:5)\n' +
    '    at async refreshCountries (/Users/teajhaney/Desktop/Acode/2025/Project/backend/HNG/country-currency-exchange/src/controllers/country.controller.ts:13:22)',
  timestamp: '2025-10-24T20:43:11.971Z'
}
{
  service: 'country-currency-exchange',
  message: "Duplicate entry 'Norfolk Island' for key 'countries.name'",
  code: 'ER_DUP_ENTRY',
  errno: 1062,
  sql: '\n' +
    '        INSERT INTO countries (\n' +
    '          name, capital, region, population, currency_code, \n' +
    '          exchange_rate, estimated_gdp, flag_url\n' +
    '        ) VALUES (?, ?, ?, ?, ?, ?, ?, ?)\n' +
    '      ',
  sqlState: '23000',
  sqlMessage: "Duplicate entry 'Norfolk Island' for key 'countries.name'",
  level: 'error',
  stack: "Error: Duplicate entry 'Norfolk Island' for key 'countries.name'\n" +
    '    at PromisePool.execute (/Users/teajhaney/Desktop/Acode/2025/Project/backend/HNG/country-currency-exchange/node_modules/mysql2/lib/promise/pool.js:54:22)\n' +
    '    at DatabaseService.execute (/Users/teajhaney/Desktop/Acode/2025/Project/backend/HNG/country-currency-exchange/src/common/config/database.ts:29:40)\n' +
    '    at CountryModel.create (/Users/teajhaney/Desktop/Acode/2025/Project/backend/HNG/country-currency-exchange/src/models/country.model.ts:26:37)\n' +
    '    at CountryService.refreshCountries (/Users/teajhaney/Desktop/Acode/2025/Project/backend/HNG/country-currency-exchange/src/services/country.service.ts:29:30)\n' +
    '    at processTicksAndRejections (node:internal/process/task_queues:105:5)\n' +
    '    at async refreshCountries (/Users/teajhaney/Desktop/Acode/2025/Project/backend/HNG/country-currency-exchange/src/controllers/country.controller.ts:13:22)',
  timestamp: '2025-10-24T20:43:11.973Z'
}
{
  service: 'country-currency-exchange',
  message: "Duplicate entry 'Norfolk Island' for key 'countries.name'",
  code: 'ER_DUP_ENTRY',
  errno: 1062,
  sql: '\n' +
    '        INSERT INTO countries (\n' +
    '          name, capital, region, population, currency_code, \n' +
    '          exchange_rate, estimated_gdp, flag_url\n' +
    '        ) VALUES (?, ?, ?, ?, ?, ?, ?, ?)\n' +
    '      ',
  sqlState: '23000',
  sqlMessage: "Duplicate entry 'Norfolk Island' for key 'countries.name'",
  level: 'warn',
  stack: "Error: Duplicate entry 'Norfolk Island' for key 'countries.name'\n" +
    '    at PromisePool.execute (/Users/teajhaney/Desktop/Acode/2025/Project/backend/HNG/country-currency-exchange/node_modules/mysql2/lib/promise/pool.js:54:22)\n' +
    '    at DatabaseService.execute (/Users/teajhaney/Desktop/Acode/2025/Project/backend/HNG/country-currency-exchange/src/common/config/database.ts:29:40)\n' +
    '    at CountryModel.create (/Users/teajhaney/Desktop/Acode/2025/Project/backend/HNG/country-currency-exchange/src/models/country.model.ts:26:37)\n' +
    '    at CountryService.refreshCountries (/Users/teajhaney/Desktop/Acode/2025/Project/backend/HNG/country-currency-exchange/src/services/country.service.ts:29:30)\n' +
    '    at processTicksAndRejections (node:internal/process/task_queues:105:5)\n' +
    '    at async refreshCountries (/Users/teajhaney/Desktop/Acode/2025/Project/backend/HNG/country-currency-exchange/src/controllers/country.controller.ts:13:22)',
  timestamp: '2025-10-24T20:43:11.973Z'
}
{
  service: 'country-currency-exchange',
  message: "Duplicate entry 'Korea (Democratic People's Republic of)' for key 'countries.name'",
  code: 'ER_DUP_ENTRY',
  errno: 1062,
  sql: '\n' +
    '        INSERT INTO countries (\n' +
    '          name, capital, region, population, currency_code, \n' +
    '          exchange_rate, estimated_gdp, flag_url\n' +
    '        ) VALUES (?, ?, ?, ?, ?, ?, ?, ?)\n' +
    '      ',
  sqlState: '23000',
  sqlMessage: "Duplicate entry 'Korea (Democratic People's Republic of)' for key 'countries.name'",
  level: 'error',
  stack: "Error: Duplicate entry 'Korea (Democratic People's Republic of)' for key 'countries.name'\n" +
    '    at PromisePool.execute (/Users/teajhaney/Desktop/Acode/2025/Project/backend/HNG/country-currency-exchange/node_modules/mysql2/lib/promise/pool.js:54:22)\n' +
    '    at DatabaseService.execute (/Users/teajhaney/Desktop/Acode/2025/Project/backend/HNG/country-currency-exchange/src/common/config/database.ts:29:40)\n' +
    '    at CountryModel.create (/Users/teajhaney/Desktop/Acode/2025/Project/backend/HNG/country-currency-exchange/src/models/country.model.ts:26:37)\n' +
    '    at CountryService.refreshCountries (/Users/teajhaney/Desktop/Acode/2025/Project/backend/HNG/country-currency-exchange/src/services/country.service.ts:29:30)\n' +
    '    at processTicksAndRejections (node:internal/process/task_queues:105:5)\n' +
    '    at async refreshCountries (/Users/teajhaney/Desktop/Acode/2025/Project/backend/HNG/country-currency-exchange/src/controllers/country.controller.ts:13:22)',
  timestamp: '2025-10-24T20:43:12.470Z'
}
{
  service: 'country-currency-exchange',
  message: "Duplicate entry 'Korea (Democratic People's Republic of)' for key 'countries.name'",
  code: 'ER_DUP_ENTRY',
  errno: 1062,
  sql: '\n' +
    '        INSERT INTO countries (\n' +
    '          name, capital, region, population, currency_code, \n' +
    '          exchange_rate, estimated_gdp, flag_url\n' +
    '        ) VALUES (?, ?, ?, ?, ?, ?, ?, ?)\n' +
    '      ',
  sqlState: '23000',
  sqlMessage: "Duplicate entry 'Korea (Democratic People's Republic of)' for key 'countries.name'",
  level: 'error',
  stack: "Error: Duplicate entry 'Korea (Democratic People's Republic of)' for key 'countries.name'\n" +
    '    at PromisePool.execute (/Users/teajhaney/Desktop/Acode/2025/Project/backend/HNG/country-currency-exchange/node_modules/mysql2/lib/promise/pool.js:54:22)\n' +
    '    at DatabaseService.execute (/Users/teajhaney/Desktop/Acode/2025/Project/backend/HNG/country-currency-exchange/src/common/config/database.ts:29:40)\n' +
    '    at CountryModel.create (/Users/teajhaney/Desktop/Acode/2025/Project/backend/HNG/country-currency-exchange/src/models/country.model.ts:26:37)\n' +
    '    at CountryService.refreshCountries (/Users/teajhaney/Desktop/Acode/2025/Project/backend/HNG/country-currency-exchange/src/services/country.service.ts:29:30)\n' +
    '    at processTicksAndRejections (node:internal/process/task_queues:105:5)\n' +
    '    at async refreshCountries (/Users/teajhaney/Desktop/Acode/2025/Project/backend/HNG/country-currency-exchange/src/controllers/country.controller.ts:13:22)',
  timestamp: '2025-10-24T20:43:12.471Z'
}
{
  service: 'country-currency-exchange',
  message: "Duplicate entry 'Korea (Democratic People's Republic of)' for key 'countries.name'",
  code: 'ER_DUP_ENTRY',
  errno: 1062,
  sql: '\n' +
    '        INSERT INTO countries (\n' +
    '          name, capital, region, population, currency_code, \n' +
    '          exchange_rate, estimated_gdp, flag_url\n' +
    '        ) VALUES (?, ?, ?, ?, ?, ?, ?, ?)\n' +
    '      ',
  sqlState: '23000',
  sqlMessage: "Duplicate entry 'Korea (Democratic People's Republic of)' for key 'countries.name'",
  level: 'warn',
  stack: "Error: Duplicate entry 'Korea (Democratic People's Republic of)' for key 'countries.name'\n" +
    '    at PromisePool.execute (/Users/teajhaney/Desktop/Acode/2025/Project/backend/HNG/country-currency-exchange/node_modules/mysql2/lib/promise/pool.js:54:22)\n' +
    '    at DatabaseService.execute (/Users/teajhaney/Desktop/Acode/2025/Project/backend/HNG/country-currency-exchange/src/common/config/database.ts:29:40)\n' +
    '    at CountryModel.create (/Users/teajhaney/Desktop/Acode/2025/Project/backend/HNG/country-currency-exchange/src/models/country.model.ts:26:37)\n' +
    '    at CountryService.refreshCountries (/Users/teajhaney/Desktop/Acode/2025/Project/backend/HNG/country-currency-exchange/src/services/country.service.ts:29:30)\n' +
    '    at processTicksAndRejections (node:internal/process/task_queues:105:5)\n' +
    '    at async refreshCountries (/Users/teajhaney/Desktop/Acode/2025/Project/backend/HNG/country-currency-exchange/src/controllers/country.controller.ts:13:22)',
  timestamp: '2025-10-24T20:43:12.471Z'
}
{
  service: 'country-currency-exchange',
  message: "Duplicate entry 'Northern Mariana Islands' for key 'countries.name'",
  code: 'ER_DUP_ENTRY',
  errno: 1062,
  sql: '\n' +
    '        INSERT INTO countries (\n' +
    '          name, capital, region, population, currency_code, \n' +
    '          exchange_rate, estimated_gdp, flag_url\n' +
    '        ) VALUES (?, ?, ?, ?, ?, ?, ?, ?)\n' +
    '      ',
  sqlState: '23000',
  sqlMessage: "Duplicate entry 'Northern Mariana Islands' for key 'countries.name'",
  level: 'error',
  stack: "Error: Duplicate entry 'Northern Mariana Islands' for key 'countries.name'\n" +
    '    at PromisePool.execute (/Users/teajhaney/Desktop/Acode/2025/Project/backend/HNG/country-currency-exchange/node_modules/mysql2/lib/promise/pool.js:54:22)\n' +
    '    at DatabaseService.execute (/Users/teajhaney/Desktop/Acode/2025/Project/backend/HNG/country-currency-exchange/src/common/config/database.ts:29:40)\n' +
    '    at CountryModel.create (/Users/teajhaney/Desktop/Acode/2025/Project/backend/HNG/country-currency-exchange/src/models/country.model.ts:26:37)\n' +
    '    at CountryService.refreshCountries (/Users/teajhaney/Desktop/Acode/2025/Project/backend/HNG/country-currency-exchange/src/services/country.service.ts:29:30)\n' +
    '    at processTicksAndRejections (node:internal/process/task_queues:105:5)\n' +
    '    at async refreshCountries (/Users/teajhaney/Desktop/Acode/2025/Project/backend/HNG/country-currency-exchange/src/controllers/country.controller.ts:13:22)',
  timestamp: '2025-10-24T20:43:13.615Z'
}
{
  service: 'country-currency-exchange',
  message: "Duplicate entry 'Northern Mariana Islands' for key 'countries.name'",
  code: 'ER_DUP_ENTRY',
  errno: 1062,
  sql: '\n' +
    '        INSERT INTO countries (\n' +
    '          name, capital, region, population, currency_code, \n' +
    '          exchange_rate, estimated_gdp, flag_url\n' +
    '        ) VALUES (?, ?, ?, ?, ?, ?, ?, ?)\n' +
    '      ',
  sqlState: '23000',
  sqlMessage: "Duplicate entry 'Northern Mariana Islands' for key 'countries.name'",
  level: 'error',
  stack: "Error: Duplicate entry 'Northern Mariana Islands' for key 'countries.name'\n" +
    '    at PromisePool.execute (/Users/teajhaney/Desktop/Acode/2025/Project/backend/HNG/country-currency-exchange/node_modules/mysql2/lib/promise/pool.js:54:22)\n' +
    '    at DatabaseService.execute (/Users/teajhaney/Desktop/Acode/2025/Project/backend/HNG/country-currency-exchange/src/common/config/database.ts:29:40)\n' +
    '    at CountryModel.create (/Users/teajhaney/Desktop/Acode/2025/Project/backend/HNG/country-currency-exchange/src/models/country.model.ts:26:37)\n' +
    '    at CountryService.refreshCountries (/Users/teajhaney/Desktop/Acode/2025/Project/backend/HNG/country-currency-exchange/src/services/country.service.ts:29:30)\n' +
    '    at processTicksAndRejections (node:internal/process/task_queues:105:5)\n' +
    '    at async refreshCountries (/Users/teajhaney/Desktop/Acode/2025/Project/backend/HNG/country-currency-exchange/src/controllers/country.controller.ts:13:22)',
  timestamp: '2025-10-24T20:43:13.615Z'
}
{
  service: 'country-currency-exchange',
  message: "Duplicate entry 'Northern Mariana Islands' for key 'countries.name'",
  code: 'ER_DUP_ENTRY',
  errno: 1062,
  sql: '\n' +
    '        INSERT INTO countries (\n' +
    '          name, capital, region, population, currency_code, \n' +
    '          exchange_rate, estimated_gdp, flag_url\n' +
    '        ) VALUES (?, ?, ?, ?, ?, ?, ?, ?)\n' +
    '      ',
  sqlState: '23000',
  sqlMessage: "Duplicate entry 'Northern Mariana Islands' for key 'countries.name'",
  level: 'warn',
  stack: "Error: Duplicate entry 'Northern Mariana Islands' for key 'countries.name'\n" +
    '    at PromisePool.execute (/Users/teajhaney/Desktop/Acode/2025/Project/backend/HNG/country-currency-exchange/node_modules/mysql2/lib/promise/pool.js:54:22)\n' +
    '    at DatabaseService.execute (/Users/teajhaney/Desktop/Acode/2025/Project/backend/HNG/country-currency-exchange/src/common/config/database.ts:29:40)\n' +
    '    at CountryModel.create (/Users/teajhaney/Desktop/Acode/2025/Project/backend/HNG/country-currency-exchange/src/models/country.model.ts:26:37)\n' +
    '    at CountryService.refreshCountries (/Users/teajhaney/Desktop/Acode/2025/Project/backend/HNG/country-currency-exchange/src/services/country.service.ts:29:30)\n' +
    '    at processTicksAndRejections (node:internal/process/task_queues:105:5)\n' +
    '    at async refreshCountries (/Users/teajhaney/Desktop/Acode/2025/Project/backend/HNG/country-currency-exchange/src/controllers/country.controller.ts:13:22)',
  timestamp: '2025-10-24T20:43:13.616Z'
}
{
  service: 'country-currency-exchange',
  message: "Duplicate entry 'Norway' for key 'countries.name'",
  code: 'ER_DUP_ENTRY',
  errno: 1062,
  sql: '\n' +
    '        INSERT INTO countries (\n' +
    '          name, capital, region, population, currency_code, \n' +
    '          exchange_rate, estimated_gdp, flag_url\n' +
    '        ) VALUES (?, ?, ?, ?, ?, ?, ?, ?)\n' +
    '      ',
  sqlState: '23000',
  sqlMessage: "Duplicate entry 'Norway' for key 'countries.name'",
  level: 'error',
  stack: "Error: Duplicate entry 'Norway' for key 'countries.name'\n" +
    '    at PromisePool.execute (/Users/teajhaney/Desktop/Acode/2025/Project/backend/HNG/country-currency-exchange/node_modules/mysql2/lib/promise/pool.js:54:22)\n' +
    '    at DatabaseService.execute (/Users/teajhaney/Desktop/Acode/2025/Project/backend/HNG/country-currency-exchange/src/common/config/database.ts:29:40)\n' +
    '    at CountryModel.create (/Users/teajhaney/Desktop/Acode/2025/Project/backend/HNG/country-currency-exchange/src/models/country.model.ts:26:37)\n' +
    '    at CountryService.refreshCountries (/Users/teajhaney/Desktop/Acode/2025/Project/backend/HNG/country-currency-exchange/src/services/country.service.ts:29:30)\n' +
    '    at processTicksAndRejections (node:internal/process/task_queues:105:5)\n' +
    '    at async refreshCountries (/Users/teajhaney/Desktop/Acode/2025/Project/backend/HNG/country-currency-exchange/src/controllers/country.controller.ts:13:22)',
  timestamp: '2025-10-24T20:43:14.779Z'
}
{
  service: 'country-currency-exchange',
  message: "Duplicate entry 'Norway' for key 'countries.name'",
  code: 'ER_DUP_ENTRY',
  errno: 1062,
  sql: '\n' +
    '        INSERT INTO countries (\n' +
    '          name, capital, region, population, currency_code, \n' +
    '          exchange_rate, estimated_gdp, flag_url\n' +
    '        ) VALUES (?, ?, ?, ?, ?, ?, ?, ?)\n' +
    '      ',
  sqlState: '23000',
  sqlMessage: "Duplicate entry 'Norway' for key 'countries.name'",
  level: 'error',
  stack: "Error: Duplicate entry 'Norway' for key 'countries.name'\n" +
    '    at PromisePool.execute (/Users/teajhaney/Desktop/Acode/2025/Project/backend/HNG/country-currency-exchange/node_modules/mysql2/lib/promise/pool.js:54:22)\n' +
    '    at DatabaseService.execute (/Users/teajhaney/Desktop/Acode/2025/Project/backend/HNG/country-currency-exchange/src/common/config/database.ts:29:40)\n' +
    '    at CountryModel.create (/Users/teajhaney/Desktop/Acode/2025/Project/backend/HNG/country-currency-exchange/src/models/country.model.ts:26:37)\n' +
    '    at CountryService.refreshCountries (/Users/teajhaney/Desktop/Acode/2025/Project/backend/HNG/country-currency-exchange/src/services/country.service.ts:29:30)\n' +
    '    at processTicksAndRejections (node:internal/process/task_queues:105:5)\n' +
    '    at async refreshCountries (/Users/teajhaney/Desktop/Acode/2025/Project/backend/HNG/country-currency-exchange/src/controllers/country.controller.ts:13:22)',
  timestamp: '2025-10-24T20:43:14.783Z'
}
{
  service: 'country-currency-exchange',
  message: "Duplicate entry 'Norway' for key 'countries.name'",
  code: 'ER_DUP_ENTRY',
  errno: 1062,
  sql: '\n' +
    '        INSERT INTO countries (\n' +
    '          name, capital, region, population, currency_code, \n' +
    '          exchange_rate, estimated_gdp, flag_url\n' +
    '        ) VALUES (?, ?, ?, ?, ?, ?, ?, ?)\n' +
    '      ',
  sqlState: '23000',
  sqlMessage: "Duplicate entry 'Norway' for key 'countries.name'",
  level: 'warn',
  stack: "Error: Duplicate entry 'Norway' for key 'countries.name'\n" +
    '    at PromisePool.execute (/Users/teajhaney/Desktop/Acode/2025/Project/backend/HNG/country-currency-exchange/node_modules/mysql2/lib/promise/pool.js:54:22)\n' +
    '    at DatabaseService.execute (/Users/teajhaney/Desktop/Acode/2025/Project/backend/HNG/country-currency-exchange/src/common/config/database.ts:29:40)\n' +
    '    at CountryModel.create (/Users/teajhaney/Desktop/Acode/2025/Project/backend/HNG/country-currency-exchange/src/models/country.model.ts:26:37)\n' +
    '    at CountryService.refreshCountries (/Users/teajhaney/Desktop/Acode/2025/Project/backend/HNG/country-currency-exchange/src/services/country.service.ts:29:30)\n' +
    '    at processTicksAndRejections (node:internal/process/task_queues:105:5)\n' +
    '    at async refreshCountries (/Users/teajhaney/Desktop/Acode/2025/Project/backend/HNG/country-currency-exchange/src/controllers/country.controller.ts:13:22)',
  timestamp: '2025-10-24T20:43:14.783Z'
}
{
  service: 'country-currency-exchange',
  message: "Duplicate entry 'Oman' for key 'countries.name'",
  code: 'ER_DUP_ENTRY',
  errno: 1062,
  sql: '\n' +
    '        INSERT INTO countries (\n' +
    '          name, capital, region, population, currency_code, \n' +
    '          exchange_rate, estimated_gdp, flag_url\n' +
    '        ) VALUES (?, ?, ?, ?, ?, ?, ?, ?)\n' +
    '      ',
  sqlState: '23000',
  sqlMessage: "Duplicate entry 'Oman' for key 'countries.name'",
  level: 'error',
  stack: "Error: Duplicate entry 'Oman' for key 'countries.name'\n" +
    '    at PromisePool.execute (/Users/teajhaney/Desktop/Acode/2025/Project/backend/HNG/country-currency-exchange/node_modules/mysql2/lib/promise/pool.js:54:22)\n' +
    '    at DatabaseService.execute (/Users/teajhaney/Desktop/Acode/2025/Project/backend/HNG/country-currency-exchange/src/common/config/database.ts:29:40)\n' +
    '    at CountryModel.create (/Users/teajhaney/Desktop/Acode/2025/Project/backend/HNG/country-currency-exchange/src/models/country.model.ts:26:37)\n' +
    '    at CountryService.refreshCountries (/Users/teajhaney/Desktop/Acode/2025/Project/backend/HNG/country-currency-exchange/src/services/country.service.ts:29:30)\n' +
    '    at processTicksAndRejections (node:internal/process/task_queues:105:5)\n' +
    '    at async refreshCountries (/Users/teajhaney/Desktop/Acode/2025/Project/backend/HNG/country-currency-exchange/src/controllers/country.controller.ts:13:22)',
  timestamp: '2025-10-24T20:43:15.263Z'
}
{
  service: 'country-currency-exchange',
  message: "Duplicate entry 'Oman' for key 'countries.name'",
  code: 'ER_DUP_ENTRY',
  errno: 1062,
  sql: '\n' +
    '        INSERT INTO countries (\n' +
    '          name, capital, region, population, currency_code, \n' +
    '          exchange_rate, estimated_gdp, flag_url\n' +
    '        ) VALUES (?, ?, ?, ?, ?, ?, ?, ?)\n' +
    '      ',
  sqlState: '23000',
  sqlMessage: "Duplicate entry 'Oman' for key 'countries.name'",
  level: 'error',
  stack: "Error: Duplicate entry 'Oman' for key 'countries.name'\n" +
    '    at PromisePool.execute (/Users/teajhaney/Desktop/Acode/2025/Project/backend/HNG/country-currency-exchange/node_modules/mysql2/lib/promise/pool.js:54:22)\n' +
    '    at DatabaseService.execute (/Users/teajhaney/Desktop/Acode/2025/Project/backend/HNG/country-currency-exchange/src/common/config/database.ts:29:40)\n' +
    '    at CountryModel.create (/Users/teajhaney/Desktop/Acode/2025/Project/backend/HNG/country-currency-exchange/src/models/country.model.ts:26:37)\n' +
    '    at CountryService.refreshCountries (/Users/teajhaney/Desktop/Acode/2025/Project/backend/HNG/country-currency-exchange/src/services/country.service.ts:29:30)\n' +
    '    at processTicksAndRejections (node:internal/process/task_queues:105:5)\n' +
    '    at async refreshCountries (/Users/teajhaney/Desktop/Acode/2025/Project/backend/HNG/country-currency-exchange/src/controllers/country.controller.ts:13:22)',
  timestamp: '2025-10-24T20:43:15.263Z'
}
{
  service: 'country-currency-exchange',
  message: "Duplicate entry 'Oman' for key 'countries.name'",
  code: 'ER_DUP_ENTRY',
  errno: 1062,
  sql: '\n' +
    '        INSERT INTO countries (\n' +
    '          name, capital, region, population, currency_code, \n' +
    '          exchange_rate, estimated_gdp, flag_url\n' +
    '        ) VALUES (?, ?, ?, ?, ?, ?, ?, ?)\n' +
    '      ',
  sqlState: '23000',
  sqlMessage: "Duplicate entry 'Oman' for key 'countries.name'",
  level: 'warn',
  stack: "Error: Duplicate entry 'Oman' for key 'countries.name'\n" +
    '    at PromisePool.execute (/Users/teajhaney/Desktop/Acode/2025/Project/backend/HNG/country-currency-exchange/node_modules/mysql2/lib/promise/pool.js:54:22)\n' +
    '    at DatabaseService.execute (/Users/teajhaney/Desktop/Acode/2025/Project/backend/HNG/country-currency-exchange/src/common/config/database.ts:29:40)\n' +
    '    at CountryModel.create (/Users/teajhaney/Desktop/Acode/2025/Project/backend/HNG/country-currency-exchange/src/models/country.model.ts:26:37)\n' +
    '    at CountryService.refreshCountries (/Users/teajhaney/Desktop/Acode/2025/Project/backend/HNG/country-currency-exchange/src/services/country.service.ts:29:30)\n' +
    '    at processTicksAndRejections (node:internal/process/task_queues:105:5)\n' +
    '    at async refreshCountries (/Users/teajhaney/Desktop/Acode/2025/Project/backend/HNG/country-currency-exchange/src/controllers/country.controller.ts:13:22)',
  timestamp: '2025-10-24T20:43:15.263Z'
}
{
  service: 'country-currency-exchange',
  message: "Duplicate entry 'Pakistan' for key 'countries.name'",
  code: 'ER_DUP_ENTRY',
  errno: 1062,
  sql: '\n' +
    '        INSERT INTO countries (\n' +
    '          name, capital, region, population, currency_code, \n' +
    '          exchange_rate, estimated_gdp, flag_url\n' +
    '        ) VALUES (?, ?, ?, ?, ?, ?, ?, ?)\n' +
    '      ',
  sqlState: '23000',
  sqlMessage: "Duplicate entry 'Pakistan' for key 'countries.name'",
  level: 'error',
  stack: "Error: Duplicate entry 'Pakistan' for key 'countries.name'\n" +
    '    at PromisePool.execute (/Users/teajhaney/Desktop/Acode/2025/Project/backend/HNG/country-currency-exchange/node_modules/mysql2/lib/promise/pool.js:54:22)\n' +
    '    at DatabaseService.execute (/Users/teajhaney/Desktop/Acode/2025/Project/backend/HNG/country-currency-exchange/src/common/config/database.ts:29:40)\n' +
    '    at CountryModel.create (/Users/teajhaney/Desktop/Acode/2025/Project/backend/HNG/country-currency-exchange/src/models/country.model.ts:26:37)\n' +
    '    at CountryService.refreshCountries (/Users/teajhaney/Desktop/Acode/2025/Project/backend/HNG/country-currency-exchange/src/services/country.service.ts:29:30)\n' +
    '    at processTicksAndRejections (node:internal/process/task_queues:105:5)\n' +
    '    at async refreshCountries (/Users/teajhaney/Desktop/Acode/2025/Project/backend/HNG/country-currency-exchange/src/controllers/country.controller.ts:13:22)',
  timestamp: '2025-10-24T20:43:16.431Z'
}
{
  service: 'country-currency-exchange',
  message: "Duplicate entry 'Pakistan' for key 'countries.name'",
  code: 'ER_DUP_ENTRY',
  errno: 1062,
  sql: '\n' +
    '        INSERT INTO countries (\n' +
    '          name, capital, region, population, currency_code, \n' +
    '          exchange_rate, estimated_gdp, flag_url\n' +
    '        ) VALUES (?, ?, ?, ?, ?, ?, ?, ?)\n' +
    '      ',
  sqlState: '23000',
  sqlMessage: "Duplicate entry 'Pakistan' for key 'countries.name'",
  level: 'error',
  stack: "Error: Duplicate entry 'Pakistan' for key 'countries.name'\n" +
    '    at PromisePool.execute (/Users/teajhaney/Desktop/Acode/2025/Project/backend/HNG/country-currency-exchange/node_modules/mysql2/lib/promise/pool.js:54:22)\n' +
    '    at DatabaseService.execute (/Users/teajhaney/Desktop/Acode/2025/Project/backend/HNG/country-currency-exchange/src/common/config/database.ts:29:40)\n' +
    '    at CountryModel.create (/Users/teajhaney/Desktop/Acode/2025/Project/backend/HNG/country-currency-exchange/src/models/country.model.ts:26:37)\n' +
    '    at CountryService.refreshCountries (/Users/teajhaney/Desktop/Acode/2025/Project/backend/HNG/country-currency-exchange/src/services/country.service.ts:29:30)\n' +
    '    at processTicksAndRejections (node:internal/process/task_queues:105:5)\n' +
    '    at async refreshCountries (/Users/teajhaney/Desktop/Acode/2025/Project/backend/HNG/country-currency-exchange/src/controllers/country.controller.ts:13:22)',
  timestamp: '2025-10-24T20:43:16.432Z'
}
{
  service: 'country-currency-exchange',
  message: "Duplicate entry 'Pakistan' for key 'countries.name'",
  code: 'ER_DUP_ENTRY',
  errno: 1062,
  sql: '\n' +
    '        INSERT INTO countries (\n' +
    '          name, capital, region, population, currency_code, \n' +
    '          exchange_rate, estimated_gdp, flag_url\n' +
    '        ) VALUES (?, ?, ?, ?, ?, ?, ?, ?)\n' +
    '      ',
  sqlState: '23000',
  sqlMessage: "Duplicate entry 'Pakistan' for key 'countries.name'",
  level: 'warn',
  stack: "Error: Duplicate entry 'Pakistan' for key 'countries.name'\n" +
    '    at PromisePool.execute (/Users/teajhaney/Desktop/Acode/2025/Project/backend/HNG/country-currency-exchange/node_modules/mysql2/lib/promise/pool.js:54:22)\n' +
    '    at DatabaseService.execute (/Users/teajhaney/Desktop/Acode/2025/Project/backend/HNG/country-currency-exchange/src/common/config/database.ts:29:40)\n' +
    '    at CountryModel.create (/Users/teajhaney/Desktop/Acode/2025/Project/backend/HNG/country-currency-exchange/src/models/country.model.ts:26:37)\n' +
    '    at CountryService.refreshCountries (/Users/teajhaney/Desktop/Acode/2025/Project/backend/HNG/country-currency-exchange/src/services/country.service.ts:29:30)\n' +
    '    at processTicksAndRejections (node:internal/process/task_queues:105:5)\n' +
    '    at async refreshCountries (/Users/teajhaney/Desktop/Acode/2025/Project/backend/HNG/country-currency-exchange/src/controllers/country.controller.ts:13:22)',
  timestamp: '2025-10-24T20:43:16.432Z'
}
{
  service: 'country-currency-exchange',
  message: "Duplicate entry 'Palau' for key 'countries.name'",
  code: 'ER_DUP_ENTRY',
  errno: 1062,
  sql: '\n' +
    '        INSERT INTO countries (\n' +
    '          name, capital, region, population, currency_code, \n' +
    '          exchange_rate, estimated_gdp, flag_url\n' +
    '        ) VALUES (?, ?, ?, ?, ?, ?, ?, ?)\n' +
    '      ',
  sqlState: '23000',
  sqlMessage: "Duplicate entry 'Palau' for key 'countries.name'",
  level: 'error',
  stack: "Error: Duplicate entry 'Palau' for key 'countries.name'\n" +
    '    at PromisePool.execute (/Users/teajhaney/Desktop/Acode/2025/Project/backend/HNG/country-currency-exchange/node_modules/mysql2/lib/promise/pool.js:54:22)\n' +
    '    at DatabaseService.execute (/Users/teajhaney/Desktop/Acode/2025/Project/backend/HNG/country-currency-exchange/src/common/config/database.ts:29:40)\n' +
    '    at CountryModel.create (/Users/teajhaney/Desktop/Acode/2025/Project/backend/HNG/country-currency-exchange/src/models/country.model.ts:26:37)\n' +
    '    at CountryService.refreshCountries (/Users/teajhaney/Desktop/Acode/2025/Project/backend/HNG/country-currency-exchange/src/services/country.service.ts:29:30)\n' +
    '    at processTicksAndRejections (node:internal/process/task_queues:105:5)\n' +
    '    at async refreshCountries (/Users/teajhaney/Desktop/Acode/2025/Project/backend/HNG/country-currency-exchange/src/controllers/country.controller.ts:13:22)',
  timestamp: '2025-10-24T20:43:16.875Z'
}
{
  service: 'country-currency-exchange',
  message: "Duplicate entry 'Palau' for key 'countries.name'",
  code: 'ER_DUP_ENTRY',
  errno: 1062,
  sql: '\n' +
    '        INSERT INTO countries (\n' +
    '          name, capital, region, population, currency_code, \n' +
    '          exchange_rate, estimated_gdp, flag_url\n' +
    '        ) VALUES (?, ?, ?, ?, ?, ?, ?, ?)\n' +
    '      ',
  sqlState: '23000',
  sqlMessage: "Duplicate entry 'Palau' for key 'countries.name'",
  level: 'error',
  stack: "Error: Duplicate entry 'Palau' for key 'countries.name'\n" +
    '    at PromisePool.execute (/Users/teajhaney/Desktop/Acode/2025/Project/backend/HNG/country-currency-exchange/node_modules/mysql2/lib/promise/pool.js:54:22)\n' +
    '    at DatabaseService.execute (/Users/teajhaney/Desktop/Acode/2025/Project/backend/HNG/country-currency-exchange/src/common/config/database.ts:29:40)\n' +
    '    at CountryModel.create (/Users/teajhaney/Desktop/Acode/2025/Project/backend/HNG/country-currency-exchange/src/models/country.model.ts:26:37)\n' +
    '    at CountryService.refreshCountries (/Users/teajhaney/Desktop/Acode/2025/Project/backend/HNG/country-currency-exchange/src/services/country.service.ts:29:30)\n' +
    '    at processTicksAndRejections (node:internal/process/task_queues:105:5)\n' +
    '    at async refreshCountries (/Users/teajhaney/Desktop/Acode/2025/Project/backend/HNG/country-currency-exchange/src/controllers/country.controller.ts:13:22)',
  timestamp: '2025-10-24T20:43:16.875Z'
}
{
  service: 'country-currency-exchange',
  message: "Duplicate entry 'Palau' for key 'countries.name'",
  code: 'ER_DUP_ENTRY',
  errno: 1062,
  sql: '\n' +
    '        INSERT INTO countries (\n' +
    '          name, capital, region, population, currency_code, \n' +
    '          exchange_rate, estimated_gdp, flag_url\n' +
    '        ) VALUES (?, ?, ?, ?, ?, ?, ?, ?)\n' +
    '      ',
  sqlState: '23000',
  sqlMessage: "Duplicate entry 'Palau' for key 'countries.name'",
  level: 'warn',
  stack: "Error: Duplicate entry 'Palau' for key 'countries.name'\n" +
    '    at PromisePool.execute (/Users/teajhaney/Desktop/Acode/2025/Project/backend/HNG/country-currency-exchange/node_modules/mysql2/lib/promise/pool.js:54:22)\n' +
    '    at DatabaseService.execute (/Users/teajhaney/Desktop/Acode/2025/Project/backend/HNG/country-currency-exchange/src/common/config/database.ts:29:40)\n' +
    '    at CountryModel.create (/Users/teajhaney/Desktop/Acode/2025/Project/backend/HNG/country-currency-exchange/src/models/country.model.ts:26:37)\n' +
    '    at CountryService.refreshCountries (/Users/teajhaney/Desktop/Acode/2025/Project/backend/HNG/country-currency-exchange/src/services/country.service.ts:29:30)\n' +
    '    at processTicksAndRejections (node:internal/process/task_queues:105:5)\n' +
    '    at async refreshCountries (/Users/teajhaney/Desktop/Acode/2025/Project/backend/HNG/country-currency-exchange/src/controllers/country.controller.ts:13:22)',
  timestamp: '2025-10-24T20:43:16.875Z'
}
{
  service: 'country-currency-exchange',
  message: "Duplicate entry 'Palestine, State of' for key 'countries.name'",
  code: 'ER_DUP_ENTRY',
  errno: 1062,
  sql: '\n' +
    '        INSERT INTO countries (\n' +
    '          name, capital, region, population, currency_code, \n' +
    '          exchange_rate, estimated_gdp, flag_url\n' +
    '        ) VALUES (?, ?, ?, ?, ?, ?, ?, ?)\n' +
    '      ',
  sqlState: '23000',
  sqlMessage: "Duplicate entry 'Palestine, State of' for key 'countries.name'",
  level: 'error',
  stack: "Error: Duplicate entry 'Palestine, State of' for key 'countries.name'\n" +
    '    at PromisePool.execute (/Users/teajhaney/Desktop/Acode/2025/Project/backend/HNG/country-currency-exchange/node_modules/mysql2/lib/promise/pool.js:54:22)\n' +
    '    at DatabaseService.execute (/Users/teajhaney/Desktop/Acode/2025/Project/backend/HNG/country-currency-exchange/src/common/config/database.ts:29:40)\n' +
    '    at CountryModel.create (/Users/teajhaney/Desktop/Acode/2025/Project/backend/HNG/country-currency-exchange/src/models/country.model.ts:26:37)\n' +
    '    at CountryService.refreshCountries (/Users/teajhaney/Desktop/Acode/2025/Project/backend/HNG/country-currency-exchange/src/services/country.service.ts:29:30)\n' +
    '    at processTicksAndRejections (node:internal/process/task_queues:105:5)\n' +
    '    at async refreshCountries (/Users/teajhaney/Desktop/Acode/2025/Project/backend/HNG/country-currency-exchange/src/controllers/country.controller.ts:13:22)',
  timestamp: '2025-10-24T20:43:17.372Z'
}
{
  service: 'country-currency-exchange',
  message: "Duplicate entry 'Palestine, State of' for key 'countries.name'",
  code: 'ER_DUP_ENTRY',
  errno: 1062,
  sql: '\n' +
    '        INSERT INTO countries (\n' +
    '          name, capital, region, population, currency_code, \n' +
    '          exchange_rate, estimated_gdp, flag_url\n' +
    '        ) VALUES (?, ?, ?, ?, ?, ?, ?, ?)\n' +
    '      ',
  sqlState: '23000',
  sqlMessage: "Duplicate entry 'Palestine, State of' for key 'countries.name'",
  level: 'error',
  stack: "Error: Duplicate entry 'Palestine, State of' for key 'countries.name'\n" +
    '    at PromisePool.execute (/Users/teajhaney/Desktop/Acode/2025/Project/backend/HNG/country-currency-exchange/node_modules/mysql2/lib/promise/pool.js:54:22)\n' +
    '    at DatabaseService.execute (/Users/teajhaney/Desktop/Acode/2025/Project/backend/HNG/country-currency-exchange/src/common/config/database.ts:29:40)\n' +
    '    at CountryModel.create (/Users/teajhaney/Desktop/Acode/2025/Project/backend/HNG/country-currency-exchange/src/models/country.model.ts:26:37)\n' +
    '    at CountryService.refreshCountries (/Users/teajhaney/Desktop/Acode/2025/Project/backend/HNG/country-currency-exchange/src/services/country.service.ts:29:30)\n' +
    '    at processTicksAndRejections (node:internal/process/task_queues:105:5)\n' +
    '    at async refreshCountries (/Users/teajhaney/Desktop/Acode/2025/Project/backend/HNG/country-currency-exchange/src/controllers/country.controller.ts:13:22)',
  timestamp: '2025-10-24T20:43:17.373Z'
}
{
  service: 'country-currency-exchange',
  message: "Duplicate entry 'Palestine, State of' for key 'countries.name'",
  code: 'ER_DUP_ENTRY',
  errno: 1062,
  sql: '\n' +
    '        INSERT INTO countries (\n' +
    '          name, capital, region, population, currency_code, \n' +
    '          exchange_rate, estimated_gdp, flag_url\n' +
    '        ) VALUES (?, ?, ?, ?, ?, ?, ?, ?)\n' +
    '      ',
  sqlState: '23000',
  sqlMessage: "Duplicate entry 'Palestine, State of' for key 'countries.name'",
  level: 'warn',
  stack: "Error: Duplicate entry 'Palestine, State of' for key 'countries.name'\n" +
    '    at PromisePool.execute (/Users/teajhaney/Desktop/Acode/2025/Project/backend/HNG/country-currency-exchange/node_modules/mysql2/lib/promise/pool.js:54:22)\n' +
    '    at DatabaseService.execute (/Users/teajhaney/Desktop/Acode/2025/Project/backend/HNG/country-currency-exchange/src/common/config/database.ts:29:40)\n' +
    '    at CountryModel.create (/Users/teajhaney/Desktop/Acode/2025/Project/backend/HNG/country-currency-exchange/src/models/country.model.ts:26:37)\n' +
    '    at CountryService.refreshCountries (/Users/teajhaney/Desktop/Acode/2025/Project/backend/HNG/country-currency-exchange/src/services/country.service.ts:29:30)\n' +
    '    at processTicksAndRejections (node:internal/process/task_queues:105:5)\n' +
    '    at async refreshCountries (/Users/teajhaney/Desktop/Acode/2025/Project/backend/HNG/country-currency-exchange/src/controllers/country.controller.ts:13:22)',
  timestamp: '2025-10-24T20:43:17.374Z'
}
{
  service: 'country-currency-exchange',
  message: "Duplicate entry 'Panama' for key 'countries.name'",
  code: 'ER_DUP_ENTRY',
  errno: 1062,
  sql: '\n' +
    '        INSERT INTO countries (\n' +
    '          name, capital, region, population, currency_code, \n' +
    '          exchange_rate, estimated_gdp, flag_url\n' +
    '        ) VALUES (?, ?, ?, ?, ?, ?, ?, ?)\n' +
    '      ',
  sqlState: '23000',
  sqlMessage: "Duplicate entry 'Panama' for key 'countries.name'",
  level: 'error',
  stack: "Error: Duplicate entry 'Panama' for key 'countries.name'\n" +
    '    at PromisePool.execute (/Users/teajhaney/Desktop/Acode/2025/Project/backend/HNG/country-currency-exchange/node_modules/mysql2/lib/promise/pool.js:54:22)\n' +
    '    at DatabaseService.execute (/Users/teajhaney/Desktop/Acode/2025/Project/backend/HNG/country-currency-exchange/src/common/config/database.ts:29:40)\n' +
    '    at CountryModel.create (/Users/teajhaney/Desktop/Acode/2025/Project/backend/HNG/country-currency-exchange/src/models/country.model.ts:26:37)\n' +
    '    at CountryService.refreshCountries (/Users/teajhaney/Desktop/Acode/2025/Project/backend/HNG/country-currency-exchange/src/services/country.service.ts:29:30)\n' +
    '    at processTicksAndRejections (node:internal/process/task_queues:105:5)\n' +
    '    at async refreshCountries (/Users/teajhaney/Desktop/Acode/2025/Project/backend/HNG/country-currency-exchange/src/controllers/country.controller.ts:13:22)',
  timestamp: '2025-10-24T20:43:17.860Z'
}
{
  service: 'country-currency-exchange',
  message: "Duplicate entry 'Panama' for key 'countries.name'",
  code: 'ER_DUP_ENTRY',
  errno: 1062,
  sql: '\n' +
    '        INSERT INTO countries (\n' +
    '          name, capital, region, population, currency_code, \n' +
    '          exchange_rate, estimated_gdp, flag_url\n' +
    '        ) VALUES (?, ?, ?, ?, ?, ?, ?, ?)\n' +
    '      ',
  sqlState: '23000',
  sqlMessage: "Duplicate entry 'Panama' for key 'countries.name'",
  level: 'error',
  stack: "Error: Duplicate entry 'Panama' for key 'countries.name'\n" +
    '    at PromisePool.execute (/Users/teajhaney/Desktop/Acode/2025/Project/backend/HNG/country-currency-exchange/node_modules/mysql2/lib/promise/pool.js:54:22)\n' +
    '    at DatabaseService.execute (/Users/teajhaney/Desktop/Acode/2025/Project/backend/HNG/country-currency-exchange/src/common/config/database.ts:29:40)\n' +
    '    at CountryModel.create (/Users/teajhaney/Desktop/Acode/2025/Project/backend/HNG/country-currency-exchange/src/models/country.model.ts:26:37)\n' +
    '    at CountryService.refreshCountries (/Users/teajhaney/Desktop/Acode/2025/Project/backend/HNG/country-currency-exchange/src/services/country.service.ts:29:30)\n' +
    '    at processTicksAndRejections (node:internal/process/task_queues:105:5)\n' +
    '    at async refreshCountries (/Users/teajhaney/Desktop/Acode/2025/Project/backend/HNG/country-currency-exchange/src/controllers/country.controller.ts:13:22)',
  timestamp: '2025-10-24T20:43:17.860Z'
}
{
  service: 'country-currency-exchange',
  message: "Duplicate entry 'Panama' for key 'countries.name'",
  code: 'ER_DUP_ENTRY',
  errno: 1062,
  sql: '\n' +
    '        INSERT INTO countries (\n' +
    '          name, capital, region, population, currency_code, \n' +
    '          exchange_rate, estimated_gdp, flag_url\n' +
    '        ) VALUES (?, ?, ?, ?, ?, ?, ?, ?)\n' +
    '      ',
  sqlState: '23000',
  sqlMessage: "Duplicate entry 'Panama' for key 'countries.name'",
  level: 'warn',
  stack: "Error: Duplicate entry 'Panama' for key 'countries.name'\n" +
    '    at PromisePool.execute (/Users/teajhaney/Desktop/Acode/2025/Project/backend/HNG/country-currency-exchange/node_modules/mysql2/lib/promise/pool.js:54:22)\n' +
    '    at DatabaseService.execute (/Users/teajhaney/Desktop/Acode/2025/Project/backend/HNG/country-currency-exchange/src/common/config/database.ts:29:40)\n' +
    '    at CountryModel.create (/Users/teajhaney/Desktop/Acode/2025/Project/backend/HNG/country-currency-exchange/src/models/country.model.ts:26:37)\n' +
    '    at CountryService.refreshCountries (/Users/teajhaney/Desktop/Acode/2025/Project/backend/HNG/country-currency-exchange/src/services/country.service.ts:29:30)\n' +
    '    at processTicksAndRejections (node:internal/process/task_queues:105:5)\n' +
    '    at async refreshCountries (/Users/teajhaney/Desktop/Acode/2025/Project/backend/HNG/country-currency-exchange/src/controllers/country.controller.ts:13:22)',
  timestamp: '2025-10-24T20:43:17.861Z'
}
{
  service: 'country-currency-exchange',
  message: "Duplicate entry 'Papua New Guinea' for key 'countries.name'",
  code: 'ER_DUP_ENTRY',
  errno: 1062,
  sql: '\n' +
    '        INSERT INTO countries (\n' +
    '          name, capital, region, population, currency_code, \n' +
    '          exchange_rate, estimated_gdp, flag_url\n' +
    '        ) VALUES (?, ?, ?, ?, ?, ?, ?, ?)\n' +
    '      ',
  sqlState: '23000',
  sqlMessage: "Duplicate entry 'Papua New Guinea' for key 'countries.name'",
  level: 'error',
  stack: "Error: Duplicate entry 'Papua New Guinea' for key 'countries.name'\n" +
    '    at PromisePool.execute (/Users/teajhaney/Desktop/Acode/2025/Project/backend/HNG/country-currency-exchange/node_modules/mysql2/lib/promise/pool.js:54:22)\n' +
    '    at DatabaseService.execute (/Users/teajhaney/Desktop/Acode/2025/Project/backend/HNG/country-currency-exchange/src/common/config/database.ts:29:40)\n' +
    '    at CountryModel.create (/Users/teajhaney/Desktop/Acode/2025/Project/backend/HNG/country-currency-exchange/src/models/country.model.ts:26:37)\n' +
    '    at CountryService.refreshCountries (/Users/teajhaney/Desktop/Acode/2025/Project/backend/HNG/country-currency-exchange/src/services/country.service.ts:29:30)\n' +
    '    at processTicksAndRejections (node:internal/process/task_queues:105:5)\n' +
    '    at async refreshCountries (/Users/teajhaney/Desktop/Acode/2025/Project/backend/HNG/country-currency-exchange/src/controllers/country.controller.ts:13:22)',
  timestamp: '2025-10-24T20:43:18.368Z'
}
{
  service: 'country-currency-exchange',
  message: "Duplicate entry 'Papua New Guinea' for key 'countries.name'",
  code: 'ER_DUP_ENTRY',
  errno: 1062,
  sql: '\n' +
    '        INSERT INTO countries (\n' +
    '          name, capital, region, population, currency_code, \n' +
    '          exchange_rate, estimated_gdp, flag_url\n' +
    '        ) VALUES (?, ?, ?, ?, ?, ?, ?, ?)\n' +
    '      ',
  sqlState: '23000',
  sqlMessage: "Duplicate entry 'Papua New Guinea' for key 'countries.name'",
  level: 'error',
  stack: "Error: Duplicate entry 'Papua New Guinea' for key 'countries.name'\n" +
    '    at PromisePool.execute (/Users/teajhaney/Desktop/Acode/2025/Project/backend/HNG/country-currency-exchange/node_modules/mysql2/lib/promise/pool.js:54:22)\n' +
    '    at DatabaseService.execute (/Users/teajhaney/Desktop/Acode/2025/Project/backend/HNG/country-currency-exchange/src/common/config/database.ts:29:40)\n' +
    '    at CountryModel.create (/Users/teajhaney/Desktop/Acode/2025/Project/backend/HNG/country-currency-exchange/src/models/country.model.ts:26:37)\n' +
    '    at CountryService.refreshCountries (/Users/teajhaney/Desktop/Acode/2025/Project/backend/HNG/country-currency-exchange/src/services/country.service.ts:29:30)\n' +
    '    at processTicksAndRejections (node:internal/process/task_queues:105:5)\n' +
    '    at async refreshCountries (/Users/teajhaney/Desktop/Acode/2025/Project/backend/HNG/country-currency-exchange/src/controllers/country.controller.ts:13:22)',
  timestamp: '2025-10-24T20:43:18.369Z'
}
{
  service: 'country-currency-exchange',
  message: "Duplicate entry 'Papua New Guinea' for key 'countries.name'",
  code: 'ER_DUP_ENTRY',
  errno: 1062,
  sql: '\n' +
    '        INSERT INTO countries (\n' +
    '          name, capital, region, population, currency_code, \n' +
    '          exchange_rate, estimated_gdp, flag_url\n' +
    '        ) VALUES (?, ?, ?, ?, ?, ?, ?, ?)\n' +
    '      ',
  sqlState: '23000',
  sqlMessage: "Duplicate entry 'Papua New Guinea' for key 'countries.name'",
  level: 'warn',
  stack: "Error: Duplicate entry 'Papua New Guinea' for key 'countries.name'\n" +
    '    at PromisePool.execute (/Users/teajhaney/Desktop/Acode/2025/Project/backend/HNG/country-currency-exchange/node_modules/mysql2/lib/promise/pool.js:54:22)\n' +
    '    at DatabaseService.execute (/Users/teajhaney/Desktop/Acode/2025/Project/backend/HNG/country-currency-exchange/src/common/config/database.ts:29:40)\n' +
    '    at CountryModel.create (/Users/teajhaney/Desktop/Acode/2025/Project/backend/HNG/country-currency-exchange/src/models/country.model.ts:26:37)\n' +
    '    at CountryService.refreshCountries (/Users/teajhaney/Desktop/Acode/2025/Project/backend/HNG/country-currency-exchange/src/services/country.service.ts:29:30)\n' +
    '    at processTicksAndRejections (node:internal/process/task_queues:105:5)\n' +
    '    at async refreshCountries (/Users/teajhaney/Desktop/Acode/2025/Project/backend/HNG/country-currency-exchange/src/controllers/country.controller.ts:13:22)',
  timestamp: '2025-10-24T20:43:18.370Z'
}
{
  service: 'country-currency-exchange',
  message: "Duplicate entry 'Paraguay' for key 'countries.name'",
  code: 'ER_DUP_ENTRY',
  errno: 1062,
  sql: '\n' +
    '        INSERT INTO countries (\n' +
    '          name, capital, region, population, currency_code, \n' +
    '          exchange_rate, estimated_gdp, flag_url\n' +
    '        ) VALUES (?, ?, ?, ?, ?, ?, ?, ?)\n' +
    '      ',
  sqlState: '23000',
  sqlMessage: "Duplicate entry 'Paraguay' for key 'countries.name'",
  level: 'error',
  stack: "Error: Duplicate entry 'Paraguay' for key 'countries.name'\n" +
    '    at PromisePool.execute (/Users/teajhaney/Desktop/Acode/2025/Project/backend/HNG/country-currency-exchange/node_modules/mysql2/lib/promise/pool.js:54:22)\n' +
    '    at DatabaseService.execute (/Users/teajhaney/Desktop/Acode/2025/Project/backend/HNG/country-currency-exchange/src/common/config/database.ts:29:40)\n' +
    '    at CountryModel.create (/Users/teajhaney/Desktop/Acode/2025/Project/backend/HNG/country-currency-exchange/src/models/country.model.ts:26:37)\n' +
    '    at CountryService.refreshCountries (/Users/teajhaney/Desktop/Acode/2025/Project/backend/HNG/country-currency-exchange/src/services/country.service.ts:29:30)\n' +
    '    at processTicksAndRejections (node:internal/process/task_queues:105:5)\n' +
    '    at async refreshCountries (/Users/teajhaney/Desktop/Acode/2025/Project/backend/HNG/country-currency-exchange/src/controllers/country.controller.ts:13:22)',
  timestamp: '2025-10-24T20:43:18.878Z'
}
{
  service: 'country-currency-exchange',
  message: "Duplicate entry 'Paraguay' for key 'countries.name'",
  code: 'ER_DUP_ENTRY',
  errno: 1062,
  sql: '\n' +
    '        INSERT INTO countries (\n' +
    '          name, capital, region, population, currency_code, \n' +
    '          exchange_rate, estimated_gdp, flag_url\n' +
    '        ) VALUES (?, ?, ?, ?, ?, ?, ?, ?)\n' +
    '      ',
  sqlState: '23000',
  sqlMessage: "Duplicate entry 'Paraguay' for key 'countries.name'",
  level: 'error',
  stack: "Error: Duplicate entry 'Paraguay' for key 'countries.name'\n" +
    '    at PromisePool.execute (/Users/teajhaney/Desktop/Acode/2025/Project/backend/HNG/country-currency-exchange/node_modules/mysql2/lib/promise/pool.js:54:22)\n' +
    '    at DatabaseService.execute (/Users/teajhaney/Desktop/Acode/2025/Project/backend/HNG/country-currency-exchange/src/common/config/database.ts:29:40)\n' +
    '    at CountryModel.create (/Users/teajhaney/Desktop/Acode/2025/Project/backend/HNG/country-currency-exchange/src/models/country.model.ts:26:37)\n' +
    '    at CountryService.refreshCountries (/Users/teajhaney/Desktop/Acode/2025/Project/backend/HNG/country-currency-exchange/src/services/country.service.ts:29:30)\n' +
    '    at processTicksAndRejections (node:internal/process/task_queues:105:5)\n' +
    '    at async refreshCountries (/Users/teajhaney/Desktop/Acode/2025/Project/backend/HNG/country-currency-exchange/src/controllers/country.controller.ts:13:22)',
  timestamp: '2025-10-24T20:43:18.878Z'
}
{
  service: 'country-currency-exchange',
  message: "Duplicate entry 'Paraguay' for key 'countries.name'",
  code: 'ER_DUP_ENTRY',
  errno: 1062,
  sql: '\n' +
    '        INSERT INTO countries (\n' +
    '          name, capital, region, population, currency_code, \n' +
    '          exchange_rate, estimated_gdp, flag_url\n' +
    '        ) VALUES (?, ?, ?, ?, ?, ?, ?, ?)\n' +
    '      ',
  sqlState: '23000',
  sqlMessage: "Duplicate entry 'Paraguay' for key 'countries.name'",
  level: 'warn',
  stack: "Error: Duplicate entry 'Paraguay' for key 'countries.name'\n" +
    '    at PromisePool.execute (/Users/teajhaney/Desktop/Acode/2025/Project/backend/HNG/country-currency-exchange/node_modules/mysql2/lib/promise/pool.js:54:22)\n' +
    '    at DatabaseService.execute (/Users/teajhaney/Desktop/Acode/2025/Project/backend/HNG/country-currency-exchange/src/common/config/database.ts:29:40)\n' +
    '    at CountryModel.create (/Users/teajhaney/Desktop/Acode/2025/Project/backend/HNG/country-currency-exchange/src/models/country.model.ts:26:37)\n' +
    '    at CountryService.refreshCountries (/Users/teajhaney/Desktop/Acode/2025/Project/backend/HNG/country-currency-exchange/src/services/country.service.ts:29:30)\n' +
    '    at processTicksAndRejections (node:internal/process/task_queues:105:5)\n' +
    '    at async refreshCountries (/Users/teajhaney/Desktop/Acode/2025/Project/backend/HNG/country-currency-exchange/src/controllers/country.controller.ts:13:22)',
  timestamp: '2025-10-24T20:43:18.879Z'
}
{
  service: 'country-currency-exchange',
  message: "Duplicate entry 'Peru' for key 'countries.name'",
  code: 'ER_DUP_ENTRY',
  errno: 1062,
  sql: '\n' +
    '        INSERT INTO countries (\n' +
    '          name, capital, region, population, currency_code, \n' +
    '          exchange_rate, estimated_gdp, flag_url\n' +
    '        ) VALUES (?, ?, ?, ?, ?, ?, ?, ?)\n' +
    '      ',
  sqlState: '23000',
  sqlMessage: "Duplicate entry 'Peru' for key 'countries.name'",
  level: 'error',
  stack: "Error: Duplicate entry 'Peru' for key 'countries.name'\n" +
    '    at PromisePool.execute (/Users/teajhaney/Desktop/Acode/2025/Project/backend/HNG/country-currency-exchange/node_modules/mysql2/lib/promise/pool.js:54:22)\n' +
    '    at DatabaseService.execute (/Users/teajhaney/Desktop/Acode/2025/Project/backend/HNG/country-currency-exchange/src/common/config/database.ts:29:40)\n' +
    '    at CountryModel.create (/Users/teajhaney/Desktop/Acode/2025/Project/backend/HNG/country-currency-exchange/src/models/country.model.ts:26:37)\n' +
    '    at CountryService.refreshCountries (/Users/teajhaney/Desktop/Acode/2025/Project/backend/HNG/country-currency-exchange/src/services/country.service.ts:29:30)\n' +
    '    at processTicksAndRejections (node:internal/process/task_queues:105:5)\n' +
    '    at async refreshCountries (/Users/teajhaney/Desktop/Acode/2025/Project/backend/HNG/country-currency-exchange/src/controllers/country.controller.ts:13:22)',
  timestamp: '2025-10-24T20:43:19.355Z'
}
{
  service: 'country-currency-exchange',
  message: "Duplicate entry 'Peru' for key 'countries.name'",
  code: 'ER_DUP_ENTRY',
  errno: 1062,
  sql: '\n' +
    '        INSERT INTO countries (\n' +
    '          name, capital, region, population, currency_code, \n' +
    '          exchange_rate, estimated_gdp, flag_url\n' +
    '        ) VALUES (?, ?, ?, ?, ?, ?, ?, ?)\n' +
    '      ',
  sqlState: '23000',
  sqlMessage: "Duplicate entry 'Peru' for key 'countries.name'",
  level: 'error',
  stack: "Error: Duplicate entry 'Peru' for key 'countries.name'\n" +
    '    at PromisePool.execute (/Users/teajhaney/Desktop/Acode/2025/Project/backend/HNG/country-currency-exchange/node_modules/mysql2/lib/promise/pool.js:54:22)\n' +
    '    at DatabaseService.execute (/Users/teajhaney/Desktop/Acode/2025/Project/backend/HNG/country-currency-exchange/src/common/config/database.ts:29:40)\n' +
    '    at CountryModel.create (/Users/teajhaney/Desktop/Acode/2025/Project/backend/HNG/country-currency-exchange/src/models/country.model.ts:26:37)\n' +
    '    at CountryService.refreshCountries (/Users/teajhaney/Desktop/Acode/2025/Project/backend/HNG/country-currency-exchange/src/services/country.service.ts:29:30)\n' +
    '    at processTicksAndRejections (node:internal/process/task_queues:105:5)\n' +
    '    at async refreshCountries (/Users/teajhaney/Desktop/Acode/2025/Project/backend/HNG/country-currency-exchange/src/controllers/country.controller.ts:13:22)',
  timestamp: '2025-10-24T20:43:19.356Z'
}
{
  service: 'country-currency-exchange',
  message: "Duplicate entry 'Peru' for key 'countries.name'",
  code: 'ER_DUP_ENTRY',
  errno: 1062,
  sql: '\n' +
    '        INSERT INTO countries (\n' +
    '          name, capital, region, population, currency_code, \n' +
    '          exchange_rate, estimated_gdp, flag_url\n' +
    '        ) VALUES (?, ?, ?, ?, ?, ?, ?, ?)\n' +
    '      ',
  sqlState: '23000',
  sqlMessage: "Duplicate entry 'Peru' for key 'countries.name'",
  level: 'warn',
  stack: "Error: Duplicate entry 'Peru' for key 'countries.name'\n" +
    '    at PromisePool.execute (/Users/teajhaney/Desktop/Acode/2025/Project/backend/HNG/country-currency-exchange/node_modules/mysql2/lib/promise/pool.js:54:22)\n' +
    '    at DatabaseService.execute (/Users/teajhaney/Desktop/Acode/2025/Project/backend/HNG/country-currency-exchange/src/common/config/database.ts:29:40)\n' +
    '    at CountryModel.create (/Users/teajhaney/Desktop/Acode/2025/Project/backend/HNG/country-currency-exchange/src/models/country.model.ts:26:37)\n' +
    '    at CountryService.refreshCountries (/Users/teajhaney/Desktop/Acode/2025/Project/backend/HNG/country-currency-exchange/src/services/country.service.ts:29:30)\n' +
    '    at processTicksAndRejections (node:internal/process/task_queues:105:5)\n' +
    '    at async refreshCountries (/Users/teajhaney/Desktop/Acode/2025/Project/backend/HNG/country-currency-exchange/src/controllers/country.controller.ts:13:22)',
  timestamp: '2025-10-24T20:43:19.356Z'
}
{
  service: 'country-currency-exchange',
  message: "Duplicate entry 'Philippines' for key 'countries.name'",
  code: 'ER_DUP_ENTRY',
  errno: 1062,
  sql: '\n' +
    '        INSERT INTO countries (\n' +
    '          name, capital, region, population, currency_code, \n' +
    '          exchange_rate, estimated_gdp, flag_url\n' +
    '        ) VALUES (?, ?, ?, ?, ?, ?, ?, ?)\n' +
    '      ',
  sqlState: '23000',
  sqlMessage: "Duplicate entry 'Philippines' for key 'countries.name'",
  level: 'error',
  stack: "Error: Duplicate entry 'Philippines' for key 'countries.name'\n" +
    '    at PromisePool.execute (/Users/teajhaney/Desktop/Acode/2025/Project/backend/HNG/country-currency-exchange/node_modules/mysql2/lib/promise/pool.js:54:22)\n' +
    '    at DatabaseService.execute (/Users/teajhaney/Desktop/Acode/2025/Project/backend/HNG/country-currency-exchange/src/common/config/database.ts:29:40)\n' +
    '    at CountryModel.create (/Users/teajhaney/Desktop/Acode/2025/Project/backend/HNG/country-currency-exchange/src/models/country.model.ts:26:37)\n' +
    '    at CountryService.refreshCountries (/Users/teajhaney/Desktop/Acode/2025/Project/backend/HNG/country-currency-exchange/src/services/country.service.ts:29:30)\n' +
    '    at processTicksAndRejections (node:internal/process/task_queues:105:5)\n' +
    '    at async refreshCountries (/Users/teajhaney/Desktop/Acode/2025/Project/backend/HNG/country-currency-exchange/src/controllers/country.controller.ts:13:22)',
  timestamp: '2025-10-24T20:43:19.854Z'
}
{
  service: 'country-currency-exchange',
  message: "Duplicate entry 'Philippines' for key 'countries.name'",
  code: 'ER_DUP_ENTRY',
  errno: 1062,
  sql: '\n' +
    '        INSERT INTO countries (\n' +
    '          name, capital, region, population, currency_code, \n' +
    '          exchange_rate, estimated_gdp, flag_url\n' +
    '        ) VALUES (?, ?, ?, ?, ?, ?, ?, ?)\n' +
    '      ',
  sqlState: '23000',
  sqlMessage: "Duplicate entry 'Philippines' for key 'countries.name'",
  level: 'error',
  stack: "Error: Duplicate entry 'Philippines' for key 'countries.name'\n" +
    '    at PromisePool.execute (/Users/teajhaney/Desktop/Acode/2025/Project/backend/HNG/country-currency-exchange/node_modules/mysql2/lib/promise/pool.js:54:22)\n' +
    '    at DatabaseService.execute (/Users/teajhaney/Desktop/Acode/2025/Project/backend/HNG/country-currency-exchange/src/common/config/database.ts:29:40)\n' +
    '    at CountryModel.create (/Users/teajhaney/Desktop/Acode/2025/Project/backend/HNG/country-currency-exchange/src/models/country.model.ts:26:37)\n' +
    '    at CountryService.refreshCountries (/Users/teajhaney/Desktop/Acode/2025/Project/backend/HNG/country-currency-exchange/src/services/country.service.ts:29:30)\n' +
    '    at processTicksAndRejections (node:internal/process/task_queues:105:5)\n' +
    '    at async refreshCountries (/Users/teajhaney/Desktop/Acode/2025/Project/backend/HNG/country-currency-exchange/src/controllers/country.controller.ts:13:22)',
  timestamp: '2025-10-24T20:43:19.855Z'
}
{
  service: 'country-currency-exchange',
  message: "Duplicate entry 'Philippines' for key 'countries.name'",
  code: 'ER_DUP_ENTRY',
  errno: 1062,
  sql: '\n' +
    '        INSERT INTO countries (\n' +
    '          name, capital, region, population, currency_code, \n' +
    '          exchange_rate, estimated_gdp, flag_url\n' +
    '        ) VALUES (?, ?, ?, ?, ?, ?, ?, ?)\n' +
    '      ',
  sqlState: '23000',
  sqlMessage: "Duplicate entry 'Philippines' for key 'countries.name'",
  level: 'warn',
  stack: "Error: Duplicate entry 'Philippines' for key 'countries.name'\n" +
    '    at PromisePool.execute (/Users/teajhaney/Desktop/Acode/2025/Project/backend/HNG/country-currency-exchange/node_modules/mysql2/lib/promise/pool.js:54:22)\n' +
    '    at DatabaseService.execute (/Users/teajhaney/Desktop/Acode/2025/Project/backend/HNG/country-currency-exchange/src/common/config/database.ts:29:40)\n' +
    '    at CountryModel.create (/Users/teajhaney/Desktop/Acode/2025/Project/backend/HNG/country-currency-exchange/src/models/country.model.ts:26:37)\n' +
    '    at CountryService.refreshCountries (/Users/teajhaney/Desktop/Acode/2025/Project/backend/HNG/country-currency-exchange/src/services/country.service.ts:29:30)\n' +
    '    at processTicksAndRejections (node:internal/process/task_queues:105:5)\n' +
    '    at async refreshCountries (/Users/teajhaney/Desktop/Acode/2025/Project/backend/HNG/country-currency-exchange/src/controllers/country.controller.ts:13:22)',
  timestamp: '2025-10-24T20:43:19.856Z'
}
{
  message: 'Refresh status updated: 249 countries',
  level: 'info',
  service: 'country-currency-exchange',
  timestamp: '2025-10-24T20:43:19.856Z'
}
{
  service: 'country-currency-exchange',
  message: "Duplicate entry 'Pitcairn' for key 'countries.name'",
  code: 'ER_DUP_ENTRY',
  errno: 1062,
  sql: '\n' +
    '        INSERT INTO countries (\n' +
    '          name, capital, region, population, currency_code, \n' +
    '          exchange_rate, estimated_gdp, flag_url\n' +
    '        ) VALUES (?, ?, ?, ?, ?, ?, ?, ?)\n' +
    '      ',
  sqlState: '23000',
  sqlMessage: "Duplicate entry 'Pitcairn' for key 'countries.name'",
  level: 'error',
  stack: "Error: Duplicate entry 'Pitcairn' for key 'countries.name'\n" +
    '    at PromisePool.execute (/Users/teajhaney/Desktop/Acode/2025/Project/backend/HNG/country-currency-exchange/node_modules/mysql2/lib/promise/pool.js:54:22)\n' +
    '    at DatabaseService.execute (/Users/teajhaney/Desktop/Acode/2025/Project/backend/HNG/country-currency-exchange/src/common/config/database.ts:29:40)\n' +
    '    at CountryModel.create (/Users/teajhaney/Desktop/Acode/2025/Project/backend/HNG/country-currency-exchange/src/models/country.model.ts:26:37)\n' +
    '    at CountryService.refreshCountries (/Users/teajhaney/Desktop/Acode/2025/Project/backend/HNG/country-currency-exchange/src/services/country.service.ts:29:30)\n' +
    '    at processTicksAndRejections (node:internal/process/task_queues:105:5)\n' +
    '    at async refreshCountries (/Users/teajhaney/Desktop/Acode/2025/Project/backend/HNG/country-currency-exchange/src/controllers/country.controller.ts:13:22)',
  timestamp: '2025-10-24T20:43:20.386Z'
}
{
  service: 'country-currency-exchange',
  message: "Duplicate entry 'Pitcairn' for key 'countries.name'",
  code: 'ER_DUP_ENTRY',
  errno: 1062,
  sql: '\n' +
    '        INSERT INTO countries (\n' +
    '          name, capital, region, population, currency_code, \n' +
    '          exchange_rate, estimated_gdp, flag_url\n' +
    '        ) VALUES (?, ?, ?, ?, ?, ?, ?, ?)\n' +
    '      ',
  sqlState: '23000',
  sqlMessage: "Duplicate entry 'Pitcairn' for key 'countries.name'",
  level: 'error',
  stack: "Error: Duplicate entry 'Pitcairn' for key 'countries.name'\n" +
    '    at PromisePool.execute (/Users/teajhaney/Desktop/Acode/2025/Project/backend/HNG/country-currency-exchange/node_modules/mysql2/lib/promise/pool.js:54:22)\n' +
    '    at DatabaseService.execute (/Users/teajhaney/Desktop/Acode/2025/Project/backend/HNG/country-currency-exchange/src/common/config/database.ts:29:40)\n' +
    '    at CountryModel.create (/Users/teajhaney/Desktop/Acode/2025/Project/backend/HNG/country-currency-exchange/src/models/country.model.ts:26:37)\n' +
    '    at CountryService.refreshCountries (/Users/teajhaney/Desktop/Acode/2025/Project/backend/HNG/country-currency-exchange/src/services/country.service.ts:29:30)\n' +
    '    at processTicksAndRejections (node:internal/process/task_queues:105:5)\n' +
    '    at async refreshCountries (/Users/teajhaney/Desktop/Acode/2025/Project/backend/HNG/country-currency-exchange/src/controllers/country.controller.ts:13:22)',
  timestamp: '2025-10-24T20:43:20.386Z'
}
{
  service: 'country-currency-exchange',
  message: "Duplicate entry 'Pitcairn' for key 'countries.name'",
  code: 'ER_DUP_ENTRY',
  errno: 1062,
  sql: '\n' +
    '        INSERT INTO countries (\n' +
    '          name, capital, region, population, currency_code, \n' +
    '          exchange_rate, estimated_gdp, flag_url\n' +
    '        ) VALUES (?, ?, ?, ?, ?, ?, ?, ?)\n' +
    '      ',
  sqlState: '23000',
  sqlMessage: "Duplicate entry 'Pitcairn' for key 'countries.name'",
  level: 'warn',
  stack: "Error: Duplicate entry 'Pitcairn' for key 'countries.name'\n" +
    '    at PromisePool.execute (/Users/teajhaney/Desktop/Acode/2025/Project/backend/HNG/country-currency-exchange/node_modules/mysql2/lib/promise/pool.js:54:22)\n' +
    '    at DatabaseService.execute (/Users/teajhaney/Desktop/Acode/2025/Project/backend/HNG/country-currency-exchange/src/common/config/database.ts:29:40)\n' +
    '    at CountryModel.create (/Users/teajhaney/Desktop/Acode/2025/Project/backend/HNG/country-currency-exchange/src/models/country.model.ts:26:37)\n' +
    '    at CountryService.refreshCountries (/Users/teajhaney/Desktop/Acode/2025/Project/backend/HNG/country-currency-exchange/src/services/country.service.ts:29:30)\n' +
    '    at processTicksAndRejections (node:internal/process/task_queues:105:5)\n' +
    '    at async refreshCountries (/Users/teajhaney/Desktop/Acode/2025/Project/backend/HNG/country-currency-exchange/src/controllers/country.controller.ts:13:22)',
  timestamp: '2025-10-24T20:43:20.387Z'
}
{
  service: 'country-currency-exchange',
  message: "Duplicate entry 'Poland' for key 'countries.name'",
  code: 'ER_DUP_ENTRY',
  errno: 1062,
  sql: '\n' +
    '        INSERT INTO countries (\n' +
    '          name, capital, region, population, currency_code, \n' +
    '          exchange_rate, estimated_gdp, flag_url\n' +
    '        ) VALUES (?, ?, ?, ?, ?, ?, ?, ?)\n' +
    '      ',
  sqlState: '23000',
  sqlMessage: "Duplicate entry 'Poland' for key 'countries.name'",
  level: 'error',
  stack: "Error: Duplicate entry 'Poland' for key 'countries.name'\n" +
    '    at PromisePool.execute (/Users/teajhaney/Desktop/Acode/2025/Project/backend/HNG/country-currency-exchange/node_modules/mysql2/lib/promise/pool.js:54:22)\n' +
    '    at DatabaseService.execute (/Users/teajhaney/Desktop/Acode/2025/Project/backend/HNG/country-currency-exchange/src/common/config/database.ts:29:40)\n' +
    '    at CountryModel.create (/Users/teajhaney/Desktop/Acode/2025/Project/backend/HNG/country-currency-exchange/src/models/country.model.ts:26:37)\n' +
    '    at CountryService.refreshCountries (/Users/teajhaney/Desktop/Acode/2025/Project/backend/HNG/country-currency-exchange/src/services/country.service.ts:29:30)\n' +
    '    at processTicksAndRejections (node:internal/process/task_queues:105:5)\n' +
    '    at async refreshCountries (/Users/teajhaney/Desktop/Acode/2025/Project/backend/HNG/country-currency-exchange/src/controllers/country.controller.ts:13:22)',
  timestamp: '2025-10-24T20:43:20.878Z'
}
{
  service: 'country-currency-exchange',
  message: "Duplicate entry 'Poland' for key 'countries.name'",
  code: 'ER_DUP_ENTRY',
  errno: 1062,
  sql: '\n' +
    '        INSERT INTO countries (\n' +
    '          name, capital, region, population, currency_code, \n' +
    '          exchange_rate, estimated_gdp, flag_url\n' +
    '        ) VALUES (?, ?, ?, ?, ?, ?, ?, ?)\n' +
    '      ',
  sqlState: '23000',
  sqlMessage: "Duplicate entry 'Poland' for key 'countries.name'",
  level: 'error',
  stack: "Error: Duplicate entry 'Poland' for key 'countries.name'\n" +
    '    at PromisePool.execute (/Users/teajhaney/Desktop/Acode/2025/Project/backend/HNG/country-currency-exchange/node_modules/mysql2/lib/promise/pool.js:54:22)\n' +
    '    at DatabaseService.execute (/Users/teajhaney/Desktop/Acode/2025/Project/backend/HNG/country-currency-exchange/src/common/config/database.ts:29:40)\n' +
    '    at CountryModel.create (/Users/teajhaney/Desktop/Acode/2025/Project/backend/HNG/country-currency-exchange/src/models/country.model.ts:26:37)\n' +
    '    at CountryService.refreshCountries (/Users/teajhaney/Desktop/Acode/2025/Project/backend/HNG/country-currency-exchange/src/services/country.service.ts:29:30)\n' +
    '    at processTicksAndRejections (node:internal/process/task_queues:105:5)\n' +
    '    at async refreshCountries (/Users/teajhaney/Desktop/Acode/2025/Project/backend/HNG/country-currency-exchange/src/controllers/country.controller.ts:13:22)',
  timestamp: '2025-10-24T20:43:20.879Z'
}
{
  service: 'country-currency-exchange',
  message: "Duplicate entry 'Poland' for key 'countries.name'",
  code: 'ER_DUP_ENTRY',
  errno: 1062,
  sql: '\n' +
    '        INSERT INTO countries (\n' +
    '          name, capital, region, population, currency_code, \n' +
    '          exchange_rate, estimated_gdp, flag_url\n' +
    '        ) VALUES (?, ?, ?, ?, ?, ?, ?, ?)\n' +
    '      ',
  sqlState: '23000',
  sqlMessage: "Duplicate entry 'Poland' for key 'countries.name'",
  level: 'warn',
  stack: "Error: Duplicate entry 'Poland' for key 'countries.name'\n" +
    '    at PromisePool.execute (/Users/teajhaney/Desktop/Acode/2025/Project/backend/HNG/country-currency-exchange/node_modules/mysql2/lib/promise/pool.js:54:22)\n' +
    '    at DatabaseService.execute (/Users/teajhaney/Desktop/Acode/2025/Project/backend/HNG/country-currency-exchange/src/common/config/database.ts:29:40)\n' +
    '    at CountryModel.create (/Users/teajhaney/Desktop/Acode/2025/Project/backend/HNG/country-currency-exchange/src/models/country.model.ts:26:37)\n' +
    '    at CountryService.refreshCountries (/Users/teajhaney/Desktop/Acode/2025/Project/backend/HNG/country-currency-exchange/src/services/country.service.ts:29:30)\n' +
    '    at processTicksAndRejections (node:internal/process/task_queues:105:5)\n' +
    '    at async refreshCountries (/Users/teajhaney/Desktop/Acode/2025/Project/backend/HNG/country-currency-exchange/src/controllers/country.controller.ts:13:22)',
  timestamp: '2025-10-24T20:43:20.879Z'
}
{
  service: 'country-currency-exchange',
  message: 'Incorrect arguments to mysqld_stmt_execute',
  code: 'ER_WRONG_ARGUMENTS',
  errno: 1210,
  sql: '\n' +
    '        SELECT * FROM countries \n' +
    '        WHERE estimated_gdp IS NOT NULL \n' +
    '        ORDER BY estimated_gdp DESC \n' +
    '        LIMIT ?\n' +
    '      ',
  sqlState: 'HY000',
  sqlMessage: 'Incorrect arguments to mysqld_stmt_execute',
  level: 'error',
  stack: 'Error: Incorrect arguments to mysqld_stmt_execute\n' +
    '    at PromisePool.execute (/Users/teajhaney/Desktop/Acode/2025/Project/backend/HNG/country-currency-exchange/node_modules/mysql2/lib/promise/pool.js:54:22)\n' +
    '    at DatabaseService.query (/Users/teajhaney/Desktop/Acode/2025/Project/backend/HNG/country-currency-exchange/src/common/config/database.ts:19:38)\n' +
    '    at CountryModel.getTopCountriesByGDP (/Users/teajhaney/Desktop/Acode/2025/Project/backend/HNG/country-currency-exchange/src/models/country.model.ts:215:29)\n' +
    '    at CountryService.refreshCountries (/Users/teajhaney/Desktop/Acode/2025/Project/backend/HNG/country-currency-exchange/src/services/country.service.ts:42:49)\n' +
    '    at processTicksAndRejections (node:internal/process/task_queues:105:5)\n' +
    '    at async refreshCountries (/Users/teajhaney/Desktop/Acode/2025/Project/backend/HNG/country-currency-exchange/src/controllers/country.controller.ts:13:22)',
  timestamp: '2025-10-24T20:43:20.879Z'
}
{
  service: 'country-currency-exchange',
  message: 'Incorrect arguments to mysqld_stmt_execute',
  code: 'ER_WRONG_ARGUMENTS',
  errno: 1210,
  sql: '\n' +
    '        SELECT * FROM countries \n' +
    '        WHERE estimated_gdp IS NOT NULL \n' +
    '        ORDER BY estimated_gdp DESC \n' +
    '        LIMIT ?\n' +
    '      ',
  sqlState: 'HY000',
  sqlMessage: 'Incorrect arguments to mysqld_stmt_execute',
  level: 'error',
  stack: 'Error: Incorrect arguments to mysqld_stmt_execute\n' +
    '    at PromisePool.execute (/Users/teajhaney/Desktop/Acode/2025/Project/backend/HNG/country-currency-exchange/node_modules/mysql2/lib/promise/pool.js:54:22)\n' +
    '    at DatabaseService.query (/Users/teajhaney/Desktop/Acode/2025/Project/backend/HNG/country-currency-exchange/src/common/config/database.ts:19:38)\n' +
    '    at CountryModel.getTopCountriesByGDP (/Users/teajhaney/Desktop/Acode/2025/Project/backend/HNG/country-currency-exchange/src/models/country.model.ts:215:29)\n' +
    '    at CountryService.refreshCountries (/Users/teajhaney/Desktop/Acode/2025/Project/backend/HNG/country-currency-exchange/src/services/country.service.ts:42:49)\n' +
    '    at processTicksAndRejections (node:internal/process/task_queues:105:5)\n' +
    '    at async refreshCountries (/Users/teajhaney/Desktop/Acode/2025/Project/backend/HNG/country-currency-exchange/src/controllers/country.controller.ts:13:22)',
  timestamp: '2025-10-24T20:43:20.880Z'
}
{
  service: 'country-currency-exchange',
  message: 'Incorrect arguments to mysqld_stmt_execute',
  code: 'ER_WRONG_ARGUMENTS',
  errno: 1210,
  sql: '\n' +
    '        SELECT * FROM countries \n' +
    '        WHERE estimated_gdp IS NOT NULL \n' +
    '        ORDER BY estimated_gdp DESC \n' +
    '        LIMIT ?\n' +
    '      ',
  sqlState: 'HY000',
  sqlMessage: 'Incorrect arguments to mysqld_stmt_execute',
  level: 'error',
  stack: 'Error: Incorrect arguments to mysqld_stmt_execute\n' +
    '    at PromisePool.execute (/Users/teajhaney/Desktop/Acode/2025/Project/backend/HNG/country-currency-exchange/node_modules/mysql2/lib/promise/pool.js:54:22)\n' +
    '    at DatabaseService.query (/Users/teajhaney/Desktop/Acode/2025/Project/backend/HNG/country-currency-exchange/src/common/config/database.ts:19:38)\n' +
    '    at CountryModel.getTopCountriesByGDP (/Users/teajhaney/Desktop/Acode/2025/Project/backend/HNG/country-currency-exchange/src/models/country.model.ts:215:29)\n' +
    '    at CountryService.refreshCountries (/Users/teajhaney/Desktop/Acode/2025/Project/backend/HNG/country-currency-exchange/src/services/country.service.ts:42:49)\n' +
    '    at processTicksAndRejections (node:internal/process/task_queues:105:5)\n' +
    '    at async refreshCountries (/Users/teajhaney/Desktop/Acode/2025/Project/backend/HNG/country-currency-exchange/src/controllers/country.controller.ts:13:22)',
  timestamp: '2025-10-24T20:43:20.880Z'
}
{
  message: 'Countries refresh completed successfully. 249 countries processed.',
  level: 'info',
  service: 'country-currency-exchange',
  timestamp: '2025-10-24T20:43:20.881Z'
}
{
  service: 'country-currency-exchange',
  message: "Duplicate entry 'Portugal' for key 'countries.name'",
  code: 'ER_DUP_ENTRY',
  errno: 1062,
  sql: '\n' +
    '        INSERT INTO countries (\n' +
    '          name, capital, region, population, currency_code, \n' +
    '          exchange_rate, estimated_gdp, flag_url\n' +
    '        ) VALUES (?, ?, ?, ?, ?, ?, ?, ?)\n' +
    '      ',
  sqlState: '23000',
  sqlMessage: "Duplicate entry 'Portugal' for key 'countries.name'",
  level: 'error',
  stack: "Error: Duplicate entry 'Portugal' for key 'countries.name'\n" +
    '    at PromisePool.execute (/Users/teajhaney/Desktop/Acode/2025/Project/backend/HNG/country-currency-exchange/node_modules/mysql2/lib/promise/pool.js:54:22)\n' +
    '    at DatabaseService.execute (/Users/teajhaney/Desktop/Acode/2025/Project/backend/HNG/country-currency-exchange/src/common/config/database.ts:29:40)\n' +
    '    at CountryModel.create (/Users/teajhaney/Desktop/Acode/2025/Project/backend/HNG/country-currency-exchange/src/models/country.model.ts:26:37)\n' +
    '    at CountryService.refreshCountries (/Users/teajhaney/Desktop/Acode/2025/Project/backend/HNG/country-currency-exchange/src/services/country.service.ts:29:30)\n' +
    '    at processTicksAndRejections (node:internal/process/task_queues:105:5)\n' +
    '    at async refreshCountries (/Users/teajhaney/Desktop/Acode/2025/Project/backend/HNG/country-currency-exchange/src/controllers/country.controller.ts:13:22)',
  timestamp: '2025-10-24T20:43:22.108Z'
}
{
  service: 'country-currency-exchange',
  message: "Duplicate entry 'Portugal' for key 'countries.name'",
  code: 'ER_DUP_ENTRY',
  errno: 1062,
  sql: '\n' +
    '        INSERT INTO countries (\n' +
    '          name, capital, region, population, currency_code, \n' +
    '          exchange_rate, estimated_gdp, flag_url\n' +
    '        ) VALUES (?, ?, ?, ?, ?, ?, ?, ?)\n' +
    '      ',
  sqlState: '23000',
  sqlMessage: "Duplicate entry 'Portugal' for key 'countries.name'",
  level: 'error',
  stack: "Error: Duplicate entry 'Portugal' for key 'countries.name'\n" +
    '    at PromisePool.execute (/Users/teajhaney/Desktop/Acode/2025/Project/backend/HNG/country-currency-exchange/node_modules/mysql2/lib/promise/pool.js:54:22)\n' +
    '    at DatabaseService.execute (/Users/teajhaney/Desktop/Acode/2025/Project/backend/HNG/country-currency-exchange/src/common/config/database.ts:29:40)\n' +
    '    at CountryModel.create (/Users/teajhaney/Desktop/Acode/2025/Project/backend/HNG/country-currency-exchange/src/models/country.model.ts:26:37)\n' +
    '    at CountryService.refreshCountries (/Users/teajhaney/Desktop/Acode/2025/Project/backend/HNG/country-currency-exchange/src/services/country.service.ts:29:30)\n' +
    '    at processTicksAndRejections (node:internal/process/task_queues:105:5)\n' +
    '    at async refreshCountries (/Users/teajhaney/Desktop/Acode/2025/Project/backend/HNG/country-currency-exchange/src/controllers/country.controller.ts:13:22)',
  timestamp: '2025-10-24T20:43:22.109Z'
}
{
  service: 'country-currency-exchange',
  message: "Duplicate entry 'Portugal' for key 'countries.name'",
  code: 'ER_DUP_ENTRY',
  errno: 1062,
  sql: '\n' +
    '        INSERT INTO countries (\n' +
    '          name, capital, region, population, currency_code, \n' +
    '          exchange_rate, estimated_gdp, flag_url\n' +
    '        ) VALUES (?, ?, ?, ?, ?, ?, ?, ?)\n' +
    '      ',
  sqlState: '23000',
  sqlMessage: "Duplicate entry 'Portugal' for key 'countries.name'",
  level: 'warn',
  stack: "Error: Duplicate entry 'Portugal' for key 'countries.name'\n" +
    '    at PromisePool.execute (/Users/teajhaney/Desktop/Acode/2025/Project/backend/HNG/country-currency-exchange/node_modules/mysql2/lib/promise/pool.js:54:22)\n' +
    '    at DatabaseService.execute (/Users/teajhaney/Desktop/Acode/2025/Project/backend/HNG/country-currency-exchange/src/common/config/database.ts:29:40)\n' +
    '    at CountryModel.create (/Users/teajhaney/Desktop/Acode/2025/Project/backend/HNG/country-currency-exchange/src/models/country.model.ts:26:37)\n' +
    '    at CountryService.refreshCountries (/Users/teajhaney/Desktop/Acode/2025/Project/backend/HNG/country-currency-exchange/src/services/country.service.ts:29:30)\n' +
    '    at processTicksAndRejections (node:internal/process/task_queues:105:5)\n' +
    '    at async refreshCountries (/Users/teajhaney/Desktop/Acode/2025/Project/backend/HNG/country-currency-exchange/src/controllers/country.controller.ts:13:22)',
  timestamp: '2025-10-24T20:43:22.109Z'
}
{
  service: 'country-currency-exchange',
  message: "Duplicate entry 'Puerto Rico' for key 'countries.name'",
  code: 'ER_DUP_ENTRY',
  errno: 1062,
  sql: '\n' +
    '        INSERT INTO countries (\n' +
    '          name, capital, region, population, currency_code, \n' +
    '          exchange_rate, estimated_gdp, flag_url\n' +
    '        ) VALUES (?, ?, ?, ?, ?, ?, ?, ?)\n' +
    '      ',
  sqlState: '23000',
  sqlMessage: "Duplicate entry 'Puerto Rico' for key 'countries.name'",
  level: 'error',
  stack: "Error: Duplicate entry 'Puerto Rico' for key 'countries.name'\n" +
    '    at PromisePool.execute (/Users/teajhaney/Desktop/Acode/2025/Project/backend/HNG/country-currency-exchange/node_modules/mysql2/lib/promise/pool.js:54:22)\n' +
    '    at DatabaseService.execute (/Users/teajhaney/Desktop/Acode/2025/Project/backend/HNG/country-currency-exchange/src/common/config/database.ts:29:40)\n' +
    '    at CountryModel.create (/Users/teajhaney/Desktop/Acode/2025/Project/backend/HNG/country-currency-exchange/src/models/country.model.ts:26:37)\n' +
    '    at CountryService.refreshCountries (/Users/teajhaney/Desktop/Acode/2025/Project/backend/HNG/country-currency-exchange/src/services/country.service.ts:29:30)\n' +
    '    at processTicksAndRejections (node:internal/process/task_queues:105:5)\n' +
    '    at async refreshCountries (/Users/teajhaney/Desktop/Acode/2025/Project/backend/HNG/country-currency-exchange/src/controllers/country.controller.ts:13:22)',
  timestamp: '2025-10-24T20:43:22.571Z'
}
{
  service: 'country-currency-exchange',
  message: "Duplicate entry 'Puerto Rico' for key 'countries.name'",
  code: 'ER_DUP_ENTRY',
  errno: 1062,
  sql: '\n' +
    '        INSERT INTO countries (\n' +
    '          name, capital, region, population, currency_code, \n' +
    '          exchange_rate, estimated_gdp, flag_url\n' +
    '        ) VALUES (?, ?, ?, ?, ?, ?, ?, ?)\n' +
    '      ',
  sqlState: '23000',
  sqlMessage: "Duplicate entry 'Puerto Rico' for key 'countries.name'",
  level: 'error',
  stack: "Error: Duplicate entry 'Puerto Rico' for key 'countries.name'\n" +
    '    at PromisePool.execute (/Users/teajhaney/Desktop/Acode/2025/Project/backend/HNG/country-currency-exchange/node_modules/mysql2/lib/promise/pool.js:54:22)\n' +
    '    at DatabaseService.execute (/Users/teajhaney/Desktop/Acode/2025/Project/backend/HNG/country-currency-exchange/src/common/config/database.ts:29:40)\n' +
    '    at CountryModel.create (/Users/teajhaney/Desktop/Acode/2025/Project/backend/HNG/country-currency-exchange/src/models/country.model.ts:26:37)\n' +
    '    at CountryService.refreshCountries (/Users/teajhaney/Desktop/Acode/2025/Project/backend/HNG/country-currency-exchange/src/services/country.service.ts:29:30)\n' +
    '    at processTicksAndRejections (node:internal/process/task_queues:105:5)\n' +
    '    at async refreshCountries (/Users/teajhaney/Desktop/Acode/2025/Project/backend/HNG/country-currency-exchange/src/controllers/country.controller.ts:13:22)',
  timestamp: '2025-10-24T20:43:22.572Z'
}
{
  service: 'country-currency-exchange',
  message: "Duplicate entry 'Puerto Rico' for key 'countries.name'",
  code: 'ER_DUP_ENTRY',
  errno: 1062,
  sql: '\n' +
    '        INSERT INTO countries (\n' +
    '          name, capital, region, population, currency_code, \n' +
    '          exchange_rate, estimated_gdp, flag_url\n' +
    '        ) VALUES (?, ?, ?, ?, ?, ?, ?, ?)\n' +
    '      ',
  sqlState: '23000',
  sqlMessage: "Duplicate entry 'Puerto Rico' for key 'countries.name'",
  level: 'warn',
  stack: "Error: Duplicate entry 'Puerto Rico' for key 'countries.name'\n" +
    '    at PromisePool.execute (/Users/teajhaney/Desktop/Acode/2025/Project/backend/HNG/country-currency-exchange/node_modules/mysql2/lib/promise/pool.js:54:22)\n' +
    '    at DatabaseService.execute (/Users/teajhaney/Desktop/Acode/2025/Project/backend/HNG/country-currency-exchange/src/common/config/database.ts:29:40)\n' +
    '    at CountryModel.create (/Users/teajhaney/Desktop/Acode/2025/Project/backend/HNG/country-currency-exchange/src/models/country.model.ts:26:37)\n' +
    '    at CountryService.refreshCountries (/Users/teajhaney/Desktop/Acode/2025/Project/backend/HNG/country-currency-exchange/src/services/country.service.ts:29:30)\n' +
    '    at processTicksAndRejections (node:internal/process/task_queues:105:5)\n' +
    '    at async refreshCountries (/Users/teajhaney/Desktop/Acode/2025/Project/backend/HNG/country-currency-exchange/src/controllers/country.controller.ts:13:22)',
  timestamp: '2025-10-24T20:43:22.573Z'
}
{
  service: 'country-currency-exchange',
  message: "Duplicate entry 'Qatar' for key 'countries.name'",
  code: 'ER_DUP_ENTRY',
  errno: 1062,
  sql: '\n' +
    '        INSERT INTO countries (\n' +
    '          name, capital, region, population, currency_code, \n' +
    '          exchange_rate, estimated_gdp, flag_url\n' +
    '        ) VALUES (?, ?, ?, ?, ?, ?, ?, ?)\n' +
    '      ',
  sqlState: '23000',
  sqlMessage: "Duplicate entry 'Qatar' for key 'countries.name'",
  level: 'error',
  stack: "Error: Duplicate entry 'Qatar' for key 'countries.name'\n" +
    '    at PromisePool.execute (/Users/teajhaney/Desktop/Acode/2025/Project/backend/HNG/country-currency-exchange/node_modules/mysql2/lib/promise/pool.js:54:22)\n' +
    '    at DatabaseService.execute (/Users/teajhaney/Desktop/Acode/2025/Project/backend/HNG/country-currency-exchange/src/common/config/database.ts:29:40)\n' +
    '    at CountryModel.create (/Users/teajhaney/Desktop/Acode/2025/Project/backend/HNG/country-currency-exchange/src/models/country.model.ts:26:37)\n' +
    '    at CountryService.refreshCountries (/Users/teajhaney/Desktop/Acode/2025/Project/backend/HNG/country-currency-exchange/src/services/country.service.ts:29:30)\n' +
    '    at processTicksAndRejections (node:internal/process/task_queues:105:5)\n' +
    '    at async refreshCountries (/Users/teajhaney/Desktop/Acode/2025/Project/backend/HNG/country-currency-exchange/src/controllers/country.controller.ts:13:22)',
  timestamp: '2025-10-24T20:43:23.738Z'
}
{
  service: 'country-currency-exchange',
  message: "Duplicate entry 'Qatar' for key 'countries.name'",
  code: 'ER_DUP_ENTRY',
  errno: 1062,
  sql: '\n' +
    '        INSERT INTO countries (\n' +
    '          name, capital, region, population, currency_code, \n' +
    '          exchange_rate, estimated_gdp, flag_url\n' +
    '        ) VALUES (?, ?, ?, ?, ?, ?, ?, ?)\n' +
    '      ',
  sqlState: '23000',
  sqlMessage: "Duplicate entry 'Qatar' for key 'countries.name'",
  level: 'error',
  stack: "Error: Duplicate entry 'Qatar' for key 'countries.name'\n" +
    '    at PromisePool.execute (/Users/teajhaney/Desktop/Acode/2025/Project/backend/HNG/country-currency-exchange/node_modules/mysql2/lib/promise/pool.js:54:22)\n' +
    '    at DatabaseService.execute (/Users/teajhaney/Desktop/Acode/2025/Project/backend/HNG/country-currency-exchange/src/common/config/database.ts:29:40)\n' +
    '    at CountryModel.create (/Users/teajhaney/Desktop/Acode/2025/Project/backend/HNG/country-currency-exchange/src/models/country.model.ts:26:37)\n' +
    '    at CountryService.refreshCountries (/Users/teajhaney/Desktop/Acode/2025/Project/backend/HNG/country-currency-exchange/src/services/country.service.ts:29:30)\n' +
    '    at processTicksAndRejections (node:internal/process/task_queues:105:5)\n' +
    '    at async refreshCountries (/Users/teajhaney/Desktop/Acode/2025/Project/backend/HNG/country-currency-exchange/src/controllers/country.controller.ts:13:22)',
  timestamp: '2025-10-24T20:43:23.738Z'
}
{
  service: 'country-currency-exchange',
  message: "Duplicate entry 'Qatar' for key 'countries.name'",
  code: 'ER_DUP_ENTRY',
  errno: 1062,
  sql: '\n' +
    '        INSERT INTO countries (\n' +
    '          name, capital, region, population, currency_code, \n' +
    '          exchange_rate, estimated_gdp, flag_url\n' +
    '        ) VALUES (?, ?, ?, ?, ?, ?, ?, ?)\n' +
    '      ',
  sqlState: '23000',
  sqlMessage: "Duplicate entry 'Qatar' for key 'countries.name'",
  level: 'warn',
  stack: "Error: Duplicate entry 'Qatar' for key 'countries.name'\n" +
    '    at PromisePool.execute (/Users/teajhaney/Desktop/Acode/2025/Project/backend/HNG/country-currency-exchange/node_modules/mysql2/lib/promise/pool.js:54:22)\n' +
    '    at DatabaseService.execute (/Users/teajhaney/Desktop/Acode/2025/Project/backend/HNG/country-currency-exchange/src/common/config/database.ts:29:40)\n' +
    '    at CountryModel.create (/Users/teajhaney/Desktop/Acode/2025/Project/backend/HNG/country-currency-exchange/src/models/country.model.ts:26:37)\n' +
    '    at CountryService.refreshCountries (/Users/teajhaney/Desktop/Acode/2025/Project/backend/HNG/country-currency-exchange/src/services/country.service.ts:29:30)\n' +
    '    at processTicksAndRejections (node:internal/process/task_queues:105:5)\n' +
    '    at async refreshCountries (/Users/teajhaney/Desktop/Acode/2025/Project/backend/HNG/country-currency-exchange/src/controllers/country.controller.ts:13:22)',
  timestamp: '2025-10-24T20:43:23.738Z'
}
{
  service: 'country-currency-exchange',
  message: "Duplicate entry 'Republic of Kosovo' for key 'countries.name'",
  code: 'ER_DUP_ENTRY',
  errno: 1062,
  sql: '\n' +
    '        INSERT INTO countries (\n' +
    '          name, capital, region, population, currency_code, \n' +
    '          exchange_rate, estimated_gdp, flag_url\n' +
    '        ) VALUES (?, ?, ?, ?, ?, ?, ?, ?)\n' +
    '      ',
  sqlState: '23000',
  sqlMessage: "Duplicate entry 'Republic of Kosovo' for key 'countries.name'",
  level: 'error',
  stack: "Error: Duplicate entry 'Republic of Kosovo' for key 'countries.name'\n" +
    '    at PromisePool.execute (/Users/teajhaney/Desktop/Acode/2025/Project/backend/HNG/country-currency-exchange/node_modules/mysql2/lib/promise/pool.js:54:22)\n' +
    '    at DatabaseService.execute (/Users/teajhaney/Desktop/Acode/2025/Project/backend/HNG/country-currency-exchange/src/common/config/database.ts:29:40)\n' +
    '    at CountryModel.create (/Users/teajhaney/Desktop/Acode/2025/Project/backend/HNG/country-currency-exchange/src/models/country.model.ts:26:37)\n' +
    '    at CountryService.refreshCountries (/Users/teajhaney/Desktop/Acode/2025/Project/backend/HNG/country-currency-exchange/src/services/country.service.ts:29:30)\n' +
    '    at processTicksAndRejections (node:internal/process/task_queues:105:5)\n' +
    '    at async refreshCountries (/Users/teajhaney/Desktop/Acode/2025/Project/backend/HNG/country-currency-exchange/src/controllers/country.controller.ts:13:22)',
  timestamp: '2025-10-24T20:43:24.880Z'
}
{
  service: 'country-currency-exchange',
  message: "Duplicate entry 'Republic of Kosovo' for key 'countries.name'",
  code: 'ER_DUP_ENTRY',
  errno: 1062,
  sql: '\n' +
    '        INSERT INTO countries (\n' +
    '          name, capital, region, population, currency_code, \n' +
    '          exchange_rate, estimated_gdp, flag_url\n' +
    '        ) VALUES (?, ?, ?, ?, ?, ?, ?, ?)\n' +
    '      ',
  sqlState: '23000',
  sqlMessage: "Duplicate entry 'Republic of Kosovo' for key 'countries.name'",
  level: 'error',
  stack: "Error: Duplicate entry 'Republic of Kosovo' for key 'countries.name'\n" +
    '    at PromisePool.execute (/Users/teajhaney/Desktop/Acode/2025/Project/backend/HNG/country-currency-exchange/node_modules/mysql2/lib/promise/pool.js:54:22)\n' +
    '    at DatabaseService.execute (/Users/teajhaney/Desktop/Acode/2025/Project/backend/HNG/country-currency-exchange/src/common/config/database.ts:29:40)\n' +
    '    at CountryModel.create (/Users/teajhaney/Desktop/Acode/2025/Project/backend/HNG/country-currency-exchange/src/models/country.model.ts:26:37)\n' +
    '    at CountryService.refreshCountries (/Users/teajhaney/Desktop/Acode/2025/Project/backend/HNG/country-currency-exchange/src/services/country.service.ts:29:30)\n' +
    '    at processTicksAndRejections (node:internal/process/task_queues:105:5)\n' +
    '    at async refreshCountries (/Users/teajhaney/Desktop/Acode/2025/Project/backend/HNG/country-currency-exchange/src/controllers/country.controller.ts:13:22)',
  timestamp: '2025-10-24T20:43:24.881Z'
}
{
  service: 'country-currency-exchange',
  message: "Duplicate entry 'Republic of Kosovo' for key 'countries.name'",
  code: 'ER_DUP_ENTRY',
  errno: 1062,
  sql: '\n' +
    '        INSERT INTO countries (\n' +
    '          name, capital, region, population, currency_code, \n' +
    '          exchange_rate, estimated_gdp, flag_url\n' +
    '        ) VALUES (?, ?, ?, ?, ?, ?, ?, ?)\n' +
    '      ',
  sqlState: '23000',
  sqlMessage: "Duplicate entry 'Republic of Kosovo' for key 'countries.name'",
  level: 'warn',
  stack: "Error: Duplicate entry 'Republic of Kosovo' for key 'countries.name'\n" +
    '    at PromisePool.execute (/Users/teajhaney/Desktop/Acode/2025/Project/backend/HNG/country-currency-exchange/node_modules/mysql2/lib/promise/pool.js:54:22)\n' +
    '    at DatabaseService.execute (/Users/teajhaney/Desktop/Acode/2025/Project/backend/HNG/country-currency-exchange/src/common/config/database.ts:29:40)\n' +
    '    at CountryModel.create (/Users/teajhaney/Desktop/Acode/2025/Project/backend/HNG/country-currency-exchange/src/models/country.model.ts:26:37)\n' +
    '    at CountryService.refreshCountries (/Users/teajhaney/Desktop/Acode/2025/Project/backend/HNG/country-currency-exchange/src/services/country.service.ts:29:30)\n' +
    '    at processTicksAndRejections (node:internal/process/task_queues:105:5)\n' +
    '    at async refreshCountries (/Users/teajhaney/Desktop/Acode/2025/Project/backend/HNG/country-currency-exchange/src/controllers/country.controller.ts:13:22)',
  timestamp: '2025-10-24T20:43:24.881Z'
}
{
  service: 'country-currency-exchange',
  message: "Duplicate entry 'Réunion' for key 'countries.name'",
  code: 'ER_DUP_ENTRY',
  errno: 1062,
  sql: '\n' +
    '        INSERT INTO countries (\n' +
    '          name, capital, region, population, currency_code, \n' +
    '          exchange_rate, estimated_gdp, flag_url\n' +
    '        ) VALUES (?, ?, ?, ?, ?, ?, ?, ?)\n' +
    '      ',
  sqlState: '23000',
  sqlMessage: "Duplicate entry 'Réunion' for key 'countries.name'",
  level: 'error',
  stack: "Error: Duplicate entry 'Réunion' for key 'countries.name'\n" +
    '    at PromisePool.execute (/Users/teajhaney/Desktop/Acode/2025/Project/backend/HNG/country-currency-exchange/node_modules/mysql2/lib/promise/pool.js:54:22)\n' +
    '    at DatabaseService.execute (/Users/teajhaney/Desktop/Acode/2025/Project/backend/HNG/country-currency-exchange/src/common/config/database.ts:29:40)\n' +
    '    at CountryModel.create (/Users/teajhaney/Desktop/Acode/2025/Project/backend/HNG/country-currency-exchange/src/models/country.model.ts:26:37)\n' +
    '    at CountryService.refreshCountries (/Users/teajhaney/Desktop/Acode/2025/Project/backend/HNG/country-currency-exchange/src/services/country.service.ts:29:30)\n' +
    '    at processTicksAndRejections (node:internal/process/task_queues:105:5)\n' +
    '    at async refreshCountries (/Users/teajhaney/Desktop/Acode/2025/Project/backend/HNG/country-currency-exchange/src/controllers/country.controller.ts:13:22)',
  timestamp: '2025-10-24T20:43:25.348Z'
}
{
  service: 'country-currency-exchange',
  message: "Duplicate entry 'Réunion' for key 'countries.name'",
  code: 'ER_DUP_ENTRY',
  errno: 1062,
  sql: '\n' +
    '        INSERT INTO countries (\n' +
    '          name, capital, region, population, currency_code, \n' +
    '          exchange_rate, estimated_gdp, flag_url\n' +
    '        ) VALUES (?, ?, ?, ?, ?, ?, ?, ?)\n' +
    '      ',
  sqlState: '23000',
  sqlMessage: "Duplicate entry 'Réunion' for key 'countries.name'",
  level: 'error',
  stack: "Error: Duplicate entry 'Réunion' for key 'countries.name'\n" +
    '    at PromisePool.execute (/Users/teajhaney/Desktop/Acode/2025/Project/backend/HNG/country-currency-exchange/node_modules/mysql2/lib/promise/pool.js:54:22)\n' +
    '    at DatabaseService.execute (/Users/teajhaney/Desktop/Acode/2025/Project/backend/HNG/country-currency-exchange/src/common/config/database.ts:29:40)\n' +
    '    at CountryModel.create (/Users/teajhaney/Desktop/Acode/2025/Project/backend/HNG/country-currency-exchange/src/models/country.model.ts:26:37)\n' +
    '    at CountryService.refreshCountries (/Users/teajhaney/Desktop/Acode/2025/Project/backend/HNG/country-currency-exchange/src/services/country.service.ts:29:30)\n' +
    '    at processTicksAndRejections (node:internal/process/task_queues:105:5)\n' +
    '    at async refreshCountries (/Users/teajhaney/Desktop/Acode/2025/Project/backend/HNG/country-currency-exchange/src/controllers/country.controller.ts:13:22)',
  timestamp: '2025-10-24T20:43:25.348Z'
}
{
  service: 'country-currency-exchange',
  message: "Duplicate entry 'Réunion' for key 'countries.name'",
  code: 'ER_DUP_ENTRY',
  errno: 1062,
  sql: '\n' +
    '        INSERT INTO countries (\n' +
    '          name, capital, region, population, currency_code, \n' +
    '          exchange_rate, estimated_gdp, flag_url\n' +
    '        ) VALUES (?, ?, ?, ?, ?, ?, ?, ?)\n' +
    '      ',
  sqlState: '23000',
  sqlMessage: "Duplicate entry 'Réunion' for key 'countries.name'",
  level: 'warn',
  stack: "Error: Duplicate entry 'Réunion' for key 'countries.name'\n" +
    '    at PromisePool.execute (/Users/teajhaney/Desktop/Acode/2025/Project/backend/HNG/country-currency-exchange/node_modules/mysql2/lib/promise/pool.js:54:22)\n' +
    '    at DatabaseService.execute (/Users/teajhaney/Desktop/Acode/2025/Project/backend/HNG/country-currency-exchange/src/common/config/database.ts:29:40)\n' +
    '    at CountryModel.create (/Users/teajhaney/Desktop/Acode/2025/Project/backend/HNG/country-currency-exchange/src/models/country.model.ts:26:37)\n' +
    '    at CountryService.refreshCountries (/Users/teajhaney/Desktop/Acode/2025/Project/backend/HNG/country-currency-exchange/src/services/country.service.ts:29:30)\n' +
    '    at processTicksAndRejections (node:internal/process/task_queues:105:5)\n' +
    '    at async refreshCountries (/Users/teajhaney/Desktop/Acode/2025/Project/backend/HNG/country-currency-exchange/src/controllers/country.controller.ts:13:22)',
  timestamp: '2025-10-24T20:43:25.349Z'
}
{
  service: 'country-currency-exchange',
  message: "Duplicate entry 'Romania' for key 'countries.name'",
  code: 'ER_DUP_ENTRY',
  errno: 1062,
  sql: '\n' +
    '        INSERT INTO countries (\n' +
    '          name, capital, region, population, currency_code, \n' +
    '          exchange_rate, estimated_gdp, flag_url\n' +
    '        ) VALUES (?, ?, ?, ?, ?, ?, ?, ?)\n' +
    '      ',
  sqlState: '23000',
  sqlMessage: "Duplicate entry 'Romania' for key 'countries.name'",
  level: 'error',
  stack: "Error: Duplicate entry 'Romania' for key 'countries.name'\n" +
    '    at PromisePool.execute (/Users/teajhaney/Desktop/Acode/2025/Project/backend/HNG/country-currency-exchange/node_modules/mysql2/lib/promise/pool.js:54:22)\n' +
    '    at DatabaseService.execute (/Users/teajhaney/Desktop/Acode/2025/Project/backend/HNG/country-currency-exchange/src/common/config/database.ts:29:40)\n' +
    '    at CountryModel.create (/Users/teajhaney/Desktop/Acode/2025/Project/backend/HNG/country-currency-exchange/src/models/country.model.ts:26:37)\n' +
    '    at CountryService.refreshCountries (/Users/teajhaney/Desktop/Acode/2025/Project/backend/HNG/country-currency-exchange/src/services/country.service.ts:29:30)\n' +
    '    at processTicksAndRejections (node:internal/process/task_queues:105:5)\n' +
    '    at async refreshCountries (/Users/teajhaney/Desktop/Acode/2025/Project/backend/HNG/country-currency-exchange/src/controllers/country.controller.ts:13:22)',
  timestamp: '2025-10-24T20:43:25.788Z'
}
{
  service: 'country-currency-exchange',
  message: "Duplicate entry 'Romania' for key 'countries.name'",
  code: 'ER_DUP_ENTRY',
  errno: 1062,
  sql: '\n' +
    '        INSERT INTO countries (\n' +
    '          name, capital, region, population, currency_code, \n' +
    '          exchange_rate, estimated_gdp, flag_url\n' +
    '        ) VALUES (?, ?, ?, ?, ?, ?, ?, ?)\n' +
    '      ',
  sqlState: '23000',
  sqlMessage: "Duplicate entry 'Romania' for key 'countries.name'",
  level: 'error',
  stack: "Error: Duplicate entry 'Romania' for key 'countries.name'\n" +
    '    at PromisePool.execute (/Users/teajhaney/Desktop/Acode/2025/Project/backend/HNG/country-currency-exchange/node_modules/mysql2/lib/promise/pool.js:54:22)\n' +
    '    at DatabaseService.execute (/Users/teajhaney/Desktop/Acode/2025/Project/backend/HNG/country-currency-exchange/src/common/config/database.ts:29:40)\n' +
    '    at CountryModel.create (/Users/teajhaney/Desktop/Acode/2025/Project/backend/HNG/country-currency-exchange/src/models/country.model.ts:26:37)\n' +
    '    at CountryService.refreshCountries (/Users/teajhaney/Desktop/Acode/2025/Project/backend/HNG/country-currency-exchange/src/services/country.service.ts:29:30)\n' +
    '    at processTicksAndRejections (node:internal/process/task_queues:105:5)\n' +
    '    at async refreshCountries (/Users/teajhaney/Desktop/Acode/2025/Project/backend/HNG/country-currency-exchange/src/controllers/country.controller.ts:13:22)',
  timestamp: '2025-10-24T20:43:25.788Z'
}
{
  service: 'country-currency-exchange',
  message: "Duplicate entry 'Romania' for key 'countries.name'",
  code: 'ER_DUP_ENTRY',
  errno: 1062,
  sql: '\n' +
    '        INSERT INTO countries (\n' +
    '          name, capital, region, population, currency_code, \n' +
    '          exchange_rate, estimated_gdp, flag_url\n' +
    '        ) VALUES (?, ?, ?, ?, ?, ?, ?, ?)\n' +
    '      ',
  sqlState: '23000',
  sqlMessage: "Duplicate entry 'Romania' for key 'countries.name'",
  level: 'warn',
  stack: "Error: Duplicate entry 'Romania' for key 'countries.name'\n" +
    '    at PromisePool.execute (/Users/teajhaney/Desktop/Acode/2025/Project/backend/HNG/country-currency-exchange/node_modules/mysql2/lib/promise/pool.js:54:22)\n' +
    '    at DatabaseService.execute (/Users/teajhaney/Desktop/Acode/2025/Project/backend/HNG/country-currency-exchange/src/common/config/database.ts:29:40)\n' +
    '    at CountryModel.create (/Users/teajhaney/Desktop/Acode/2025/Project/backend/HNG/country-currency-exchange/src/models/country.model.ts:26:37)\n' +
    '    at CountryService.refreshCountries (/Users/teajhaney/Desktop/Acode/2025/Project/backend/HNG/country-currency-exchange/src/services/country.service.ts:29:30)\n' +
    '    at processTicksAndRejections (node:internal/process/task_queues:105:5)\n' +
    '    at async refreshCountries (/Users/teajhaney/Desktop/Acode/2025/Project/backend/HNG/country-currency-exchange/src/controllers/country.controller.ts:13:22)',
  timestamp: '2025-10-24T20:43:25.788Z'
}
{
  service: 'country-currency-exchange',
  message: "Duplicate entry 'Russian Federation' for key 'countries.name'",
  code: 'ER_DUP_ENTRY',
  errno: 1062,
  sql: '\n' +
    '        INSERT INTO countries (\n' +
    '          name, capital, region, population, currency_code, \n' +
    '          exchange_rate, estimated_gdp, flag_url\n' +
    '        ) VALUES (?, ?, ?, ?, ?, ?, ?, ?)\n' +
    '      ',
  sqlState: '23000',
  sqlMessage: "Duplicate entry 'Russian Federation' for key 'countries.name'",
  level: 'error',
  stack: "Error: Duplicate entry 'Russian Federation' for key 'countries.name'\n" +
    '    at PromisePool.execute (/Users/teajhaney/Desktop/Acode/2025/Project/backend/HNG/country-currency-exchange/node_modules/mysql2/lib/promise/pool.js:54:22)\n' +
    '    at DatabaseService.execute (/Users/teajhaney/Desktop/Acode/2025/Project/backend/HNG/country-currency-exchange/src/common/config/database.ts:29:40)\n' +
    '    at CountryModel.create (/Users/teajhaney/Desktop/Acode/2025/Project/backend/HNG/country-currency-exchange/src/models/country.model.ts:26:37)\n' +
    '    at CountryService.refreshCountries (/Users/teajhaney/Desktop/Acode/2025/Project/backend/HNG/country-currency-exchange/src/services/country.service.ts:29:30)\n' +
    '    at processTicksAndRejections (node:internal/process/task_queues:105:5)\n' +
    '    at async refreshCountries (/Users/teajhaney/Desktop/Acode/2025/Project/backend/HNG/country-currency-exchange/src/controllers/country.controller.ts:13:22)',
  timestamp: '2025-10-24T20:43:26.258Z'
}
{
  service: 'country-currency-exchange',
  message: "Duplicate entry 'Russian Federation' for key 'countries.name'",
  code: 'ER_DUP_ENTRY',
  errno: 1062,
  sql: '\n' +
    '        INSERT INTO countries (\n' +
    '          name, capital, region, population, currency_code, \n' +
    '          exchange_rate, estimated_gdp, flag_url\n' +
    '        ) VALUES (?, ?, ?, ?, ?, ?, ?, ?)\n' +
    '      ',
  sqlState: '23000',
  sqlMessage: "Duplicate entry 'Russian Federation' for key 'countries.name'",
  level: 'error',
  stack: "Error: Duplicate entry 'Russian Federation' for key 'countries.name'\n" +
    '    at PromisePool.execute (/Users/teajhaney/Desktop/Acode/2025/Project/backend/HNG/country-currency-exchange/node_modules/mysql2/lib/promise/pool.js:54:22)\n' +
    '    at DatabaseService.execute (/Users/teajhaney/Desktop/Acode/2025/Project/backend/HNG/country-currency-exchange/src/common/config/database.ts:29:40)\n' +
    '    at CountryModel.create (/Users/teajhaney/Desktop/Acode/2025/Project/backend/HNG/country-currency-exchange/src/models/country.model.ts:26:37)\n' +
    '    at CountryService.refreshCountries (/Users/teajhaney/Desktop/Acode/2025/Project/backend/HNG/country-currency-exchange/src/services/country.service.ts:29:30)\n' +
    '    at processTicksAndRejections (node:internal/process/task_queues:105:5)\n' +
    '    at async refreshCountries (/Users/teajhaney/Desktop/Acode/2025/Project/backend/HNG/country-currency-exchange/src/controllers/country.controller.ts:13:22)',
  timestamp: '2025-10-24T20:43:26.259Z'
}
{
  service: 'country-currency-exchange',
  message: "Duplicate entry 'Russian Federation' for key 'countries.name'",
  code: 'ER_DUP_ENTRY',
  errno: 1062,
  sql: '\n' +
    '        INSERT INTO countries (\n' +
    '          name, capital, region, population, currency_code, \n' +
    '          exchange_rate, estimated_gdp, flag_url\n' +
    '        ) VALUES (?, ?, ?, ?, ?, ?, ?, ?)\n' +
    '      ',
  sqlState: '23000',
  sqlMessage: "Duplicate entry 'Russian Federation' for key 'countries.name'",
  level: 'warn',
  stack: "Error: Duplicate entry 'Russian Federation' for key 'countries.name'\n" +
    '    at PromisePool.execute (/Users/teajhaney/Desktop/Acode/2025/Project/backend/HNG/country-currency-exchange/node_modules/mysql2/lib/promise/pool.js:54:22)\n' +
    '    at DatabaseService.execute (/Users/teajhaney/Desktop/Acode/2025/Project/backend/HNG/country-currency-exchange/src/common/config/database.ts:29:40)\n' +
    '    at CountryModel.create (/Users/teajhaney/Desktop/Acode/2025/Project/backend/HNG/country-currency-exchange/src/models/country.model.ts:26:37)\n' +
    '    at CountryService.refreshCountries (/Users/teajhaney/Desktop/Acode/2025/Project/backend/HNG/country-currency-exchange/src/services/country.service.ts:29:30)\n' +
    '    at processTicksAndRejections (node:internal/process/task_queues:105:5)\n' +
    '    at async refreshCountries (/Users/teajhaney/Desktop/Acode/2025/Project/backend/HNG/country-currency-exchange/src/controllers/country.controller.ts:13:22)',
  timestamp: '2025-10-24T20:43:26.259Z'
}
{
  service: 'country-currency-exchange',
  message: "Duplicate entry 'Rwanda' for key 'countries.name'",
  code: 'ER_DUP_ENTRY',
  errno: 1062,
  sql: '\n' +
    '        INSERT INTO countries (\n' +
    '          name, capital, region, population, currency_code, \n' +
    '          exchange_rate, estimated_gdp, flag_url\n' +
    '        ) VALUES (?, ?, ?, ?, ?, ?, ?, ?)\n' +
    '      ',
  sqlState: '23000',
  sqlMessage: "Duplicate entry 'Rwanda' for key 'countries.name'",
  level: 'error',
  stack: "Error: Duplicate entry 'Rwanda' for key 'countries.name'\n" +
    '    at PromisePool.execute (/Users/teajhaney/Desktop/Acode/2025/Project/backend/HNG/country-currency-exchange/node_modules/mysql2/lib/promise/pool.js:54:22)\n' +
    '    at DatabaseService.execute (/Users/teajhaney/Desktop/Acode/2025/Project/backend/HNG/country-currency-exchange/src/common/config/database.ts:29:40)\n' +
    '    at CountryModel.create (/Users/teajhaney/Desktop/Acode/2025/Project/backend/HNG/country-currency-exchange/src/models/country.model.ts:26:37)\n' +
    '    at CountryService.refreshCountries (/Users/teajhaney/Desktop/Acode/2025/Project/backend/HNG/country-currency-exchange/src/services/country.service.ts:29:30)\n' +
    '    at processTicksAndRejections (node:internal/process/task_queues:105:5)\n' +
    '    at async refreshCountries (/Users/teajhaney/Desktop/Acode/2025/Project/backend/HNG/country-currency-exchange/src/controllers/country.controller.ts:13:22)',
  timestamp: '2025-10-24T20:43:26.710Z'
}
{
  service: 'country-currency-exchange',
  message: "Duplicate entry 'Rwanda' for key 'countries.name'",
  code: 'ER_DUP_ENTRY',
  errno: 1062,
  sql: '\n' +
    '        INSERT INTO countries (\n' +
    '          name, capital, region, population, currency_code, \n' +
    '          exchange_rate, estimated_gdp, flag_url\n' +
    '        ) VALUES (?, ?, ?, ?, ?, ?, ?, ?)\n' +
    '      ',
  sqlState: '23000',
  sqlMessage: "Duplicate entry 'Rwanda' for key 'countries.name'",
  level: 'error',
  stack: "Error: Duplicate entry 'Rwanda' for key 'countries.name'\n" +
    '    at PromisePool.execute (/Users/teajhaney/Desktop/Acode/2025/Project/backend/HNG/country-currency-exchange/node_modules/mysql2/lib/promise/pool.js:54:22)\n' +
    '    at DatabaseService.execute (/Users/teajhaney/Desktop/Acode/2025/Project/backend/HNG/country-currency-exchange/src/common/config/database.ts:29:40)\n' +
    '    at CountryModel.create (/Users/teajhaney/Desktop/Acode/2025/Project/backend/HNG/country-currency-exchange/src/models/country.model.ts:26:37)\n' +
    '    at CountryService.refreshCountries (/Users/teajhaney/Desktop/Acode/2025/Project/backend/HNG/country-currency-exchange/src/services/country.service.ts:29:30)\n' +
    '    at processTicksAndRejections (node:internal/process/task_queues:105:5)\n' +
    '    at async refreshCountries (/Users/teajhaney/Desktop/Acode/2025/Project/backend/HNG/country-currency-exchange/src/controllers/country.controller.ts:13:22)',
  timestamp: '2025-10-24T20:43:26.710Z'
}
{
  service: 'country-currency-exchange',
  message: "Duplicate entry 'Rwanda' for key 'countries.name'",
  code: 'ER_DUP_ENTRY',
  errno: 1062,
  sql: '\n' +
    '        INSERT INTO countries (\n' +
    '          name, capital, region, population, currency_code, \n' +
    '          exchange_rate, estimated_gdp, flag_url\n' +
    '        ) VALUES (?, ?, ?, ?, ?, ?, ?, ?)\n' +
    '      ',
  sqlState: '23000',
  sqlMessage: "Duplicate entry 'Rwanda' for key 'countries.name'",
  level: 'warn',
  stack: "Error: Duplicate entry 'Rwanda' for key 'countries.name'\n" +
    '    at PromisePool.execute (/Users/teajhaney/Desktop/Acode/2025/Project/backend/HNG/country-currency-exchange/node_modules/mysql2/lib/promise/pool.js:54:22)\n' +
    '    at DatabaseService.execute (/Users/teajhaney/Desktop/Acode/2025/Project/backend/HNG/country-currency-exchange/src/common/config/database.ts:29:40)\n' +
    '    at CountryModel.create (/Users/teajhaney/Desktop/Acode/2025/Project/backend/HNG/country-currency-exchange/src/models/country.model.ts:26:37)\n' +
    '    at CountryService.refreshCountries (/Users/teajhaney/Desktop/Acode/2025/Project/backend/HNG/country-currency-exchange/src/services/country.service.ts:29:30)\n' +
    '    at processTicksAndRejections (node:internal/process/task_queues:105:5)\n' +
    '    at async refreshCountries (/Users/teajhaney/Desktop/Acode/2025/Project/backend/HNG/country-currency-exchange/src/controllers/country.controller.ts:13:22)',
  timestamp: '2025-10-24T20:43:26.710Z'
}
{
  service: 'country-currency-exchange',
  message: "Duplicate entry 'Saint Barthélemy' for key 'countries.name'",
  code: 'ER_DUP_ENTRY',
  errno: 1062,
  sql: '\n' +
    '        INSERT INTO countries (\n' +
    '          name, capital, region, population, currency_code, \n' +
    '          exchange_rate, estimated_gdp, flag_url\n' +
    '        ) VALUES (?, ?, ?, ?, ?, ?, ?, ?)\n' +
    '      ',
  sqlState: '23000',
  sqlMessage: "Duplicate entry 'Saint Barthélemy' for key 'countries.name'",
  level: 'error',
  stack: "Error: Duplicate entry 'Saint Barthélemy' for key 'countries.name'\n" +
    '    at PromisePool.execute (/Users/teajhaney/Desktop/Acode/2025/Project/backend/HNG/country-currency-exchange/node_modules/mysql2/lib/promise/pool.js:54:22)\n' +
    '    at DatabaseService.execute (/Users/teajhaney/Desktop/Acode/2025/Project/backend/HNG/country-currency-exchange/src/common/config/database.ts:29:40)\n' +
    '    at CountryModel.create (/Users/teajhaney/Desktop/Acode/2025/Project/backend/HNG/country-currency-exchange/src/models/country.model.ts:26:37)\n' +
    '    at CountryService.refreshCountries (/Users/teajhaney/Desktop/Acode/2025/Project/backend/HNG/country-currency-exchange/src/services/country.service.ts:29:30)\n' +
    '    at processTicksAndRejections (node:internal/process/task_queues:105:5)\n' +
    '    at async refreshCountries (/Users/teajhaney/Desktop/Acode/2025/Project/backend/HNG/country-currency-exchange/src/controllers/country.controller.ts:13:22)',
  timestamp: '2025-10-24T20:43:27.175Z'
}
{
  service: 'country-currency-exchange',
  message: "Duplicate entry 'Saint Barthélemy' for key 'countries.name'",
  code: 'ER_DUP_ENTRY',
  errno: 1062,
  sql: '\n' +
    '        INSERT INTO countries (\n' +
    '          name, capital, region, population, currency_code, \n' +
    '          exchange_rate, estimated_gdp, flag_url\n' +
    '        ) VALUES (?, ?, ?, ?, ?, ?, ?, ?)\n' +
    '      ',
  sqlState: '23000',
  sqlMessage: "Duplicate entry 'Saint Barthélemy' for key 'countries.name'",
  level: 'error',
  stack: "Error: Duplicate entry 'Saint Barthélemy' for key 'countries.name'\n" +
    '    at PromisePool.execute (/Users/teajhaney/Desktop/Acode/2025/Project/backend/HNG/country-currency-exchange/node_modules/mysql2/lib/promise/pool.js:54:22)\n' +
    '    at DatabaseService.execute (/Users/teajhaney/Desktop/Acode/2025/Project/backend/HNG/country-currency-exchange/src/common/config/database.ts:29:40)\n' +
    '    at CountryModel.create (/Users/teajhaney/Desktop/Acode/2025/Project/backend/HNG/country-currency-exchange/src/models/country.model.ts:26:37)\n' +
    '    at CountryService.refreshCountries (/Users/teajhaney/Desktop/Acode/2025/Project/backend/HNG/country-currency-exchange/src/services/country.service.ts:29:30)\n' +
    '    at processTicksAndRejections (node:internal/process/task_queues:105:5)\n' +
    '    at async refreshCountries (/Users/teajhaney/Desktop/Acode/2025/Project/backend/HNG/country-currency-exchange/src/controllers/country.controller.ts:13:22)',
  timestamp: '2025-10-24T20:43:27.175Z'
}
{
  service: 'country-currency-exchange',
  message: "Duplicate entry 'Saint Barthélemy' for key 'countries.name'",
  code: 'ER_DUP_ENTRY',
  errno: 1062,
  sql: '\n' +
    '        INSERT INTO countries (\n' +
    '          name, capital, region, population, currency_code, \n' +
    '          exchange_rate, estimated_gdp, flag_url\n' +
    '        ) VALUES (?, ?, ?, ?, ?, ?, ?, ?)\n' +
    '      ',
  sqlState: '23000',
  sqlMessage: "Duplicate entry 'Saint Barthélemy' for key 'countries.name'",
  level: 'warn',
  stack: "Error: Duplicate entry 'Saint Barthélemy' for key 'countries.name'\n" +
    '    at PromisePool.execute (/Users/teajhaney/Desktop/Acode/2025/Project/backend/HNG/country-currency-exchange/node_modules/mysql2/lib/promise/pool.js:54:22)\n' +
    '    at DatabaseService.execute (/Users/teajhaney/Desktop/Acode/2025/Project/backend/HNG/country-currency-exchange/src/common/config/database.ts:29:40)\n' +
    '    at CountryModel.create (/Users/teajhaney/Desktop/Acode/2025/Project/backend/HNG/country-currency-exchange/src/models/country.model.ts:26:37)\n' +
    '    at CountryService.refreshCountries (/Users/teajhaney/Desktop/Acode/2025/Project/backend/HNG/country-currency-exchange/src/services/country.service.ts:29:30)\n' +
    '    at processTicksAndRejections (node:internal/process/task_queues:105:5)\n' +
    '    at async refreshCountries (/Users/teajhaney/Desktop/Acode/2025/Project/backend/HNG/country-currency-exchange/src/controllers/country.controller.ts:13:22)',
  timestamp: '2025-10-24T20:43:27.176Z'
}
{
  service: 'country-currency-exchange',
  message: "Duplicate entry 'Saint Helena, Ascension and Tristan da Cunha' for key 'countries.name'",
  code: 'ER_DUP_ENTRY',
  errno: 1062,
  sql: '\n' +
    '        INSERT INTO countries (\n' +
    '          name, capital, region, population, currency_code, \n' +
    '          exchange_rate, estimated_gdp, flag_url\n' +
    '        ) VALUES (?, ?, ?, ?, ?, ?, ?, ?)\n' +
    '      ',
  sqlState: '23000',
  sqlMessage: "Duplicate entry 'Saint Helena, Ascension and Tristan da Cunha' for key 'countries.name'",
  level: 'error',
  stack: "Error: Duplicate entry 'Saint Helena, Ascension and Tristan da Cunha' for key 'countries.name'\n" +
    '    at PromisePool.execute (/Users/teajhaney/Desktop/Acode/2025/Project/backend/HNG/country-currency-exchange/node_modules/mysql2/lib/promise/pool.js:54:22)\n' +
    '    at DatabaseService.execute (/Users/teajhaney/Desktop/Acode/2025/Project/backend/HNG/country-currency-exchange/src/common/config/database.ts:29:40)\n' +
    '    at CountryModel.create (/Users/teajhaney/Desktop/Acode/2025/Project/backend/HNG/country-currency-exchange/src/models/country.model.ts:26:37)\n' +
    '    at CountryService.refreshCountries (/Users/teajhaney/Desktop/Acode/2025/Project/backend/HNG/country-currency-exchange/src/services/country.service.ts:29:30)\n' +
    '    at processTicksAndRejections (node:internal/process/task_queues:105:5)\n' +
    '    at async refreshCountries (/Users/teajhaney/Desktop/Acode/2025/Project/backend/HNG/country-currency-exchange/src/controllers/country.controller.ts:13:22)',
  timestamp: '2025-10-24T20:43:27.663Z'
}
{
  service: 'country-currency-exchange',
  message: "Duplicate entry 'Saint Helena, Ascension and Tristan da Cunha' for key 'countries.name'",
  code: 'ER_DUP_ENTRY',
  errno: 1062,
  sql: '\n' +
    '        INSERT INTO countries (\n' +
    '          name, capital, region, population, currency_code, \n' +
    '          exchange_rate, estimated_gdp, flag_url\n' +
    '        ) VALUES (?, ?, ?, ?, ?, ?, ?, ?)\n' +
    '      ',
  sqlState: '23000',
  sqlMessage: "Duplicate entry 'Saint Helena, Ascension and Tristan da Cunha' for key 'countries.name'",
  level: 'error',
  stack: "Error: Duplicate entry 'Saint Helena, Ascension and Tristan da Cunha' for key 'countries.name'\n" +
    '    at PromisePool.execute (/Users/teajhaney/Desktop/Acode/2025/Project/backend/HNG/country-currency-exchange/node_modules/mysql2/lib/promise/pool.js:54:22)\n' +
    '    at DatabaseService.execute (/Users/teajhaney/Desktop/Acode/2025/Project/backend/HNG/country-currency-exchange/src/common/config/database.ts:29:40)\n' +
    '    at CountryModel.create (/Users/teajhaney/Desktop/Acode/2025/Project/backend/HNG/country-currency-exchange/src/models/country.model.ts:26:37)\n' +
    '    at CountryService.refreshCountries (/Users/teajhaney/Desktop/Acode/2025/Project/backend/HNG/country-currency-exchange/src/services/country.service.ts:29:30)\n' +
    '    at processTicksAndRejections (node:internal/process/task_queues:105:5)\n' +
    '    at async refreshCountries (/Users/teajhaney/Desktop/Acode/2025/Project/backend/HNG/country-currency-exchange/src/controllers/country.controller.ts:13:22)',
  timestamp: '2025-10-24T20:43:27.664Z'
}
{
  service: 'country-currency-exchange',
  message: "Duplicate entry 'Saint Helena, Ascension and Tristan da Cunha' for key 'countries.name'",
  code: 'ER_DUP_ENTRY',
  errno: 1062,
  sql: '\n' +
    '        INSERT INTO countries (\n' +
    '          name, capital, region, population, currency_code, \n' +
    '          exchange_rate, estimated_gdp, flag_url\n' +
    '        ) VALUES (?, ?, ?, ?, ?, ?, ?, ?)\n' +
    '      ',
  sqlState: '23000',
  sqlMessage: "Duplicate entry 'Saint Helena, Ascension and Tristan da Cunha' for key 'countries.name'",
  level: 'warn',
  stack: "Error: Duplicate entry 'Saint Helena, Ascension and Tristan da Cunha' for key 'countries.name'\n" +
    '    at PromisePool.execute (/Users/teajhaney/Desktop/Acode/2025/Project/backend/HNG/country-currency-exchange/node_modules/mysql2/lib/promise/pool.js:54:22)\n' +
    '    at DatabaseService.execute (/Users/teajhaney/Desktop/Acode/2025/Project/backend/HNG/country-currency-exchange/src/common/config/database.ts:29:40)\n' +
    '    at CountryModel.create (/Users/teajhaney/Desktop/Acode/2025/Project/backend/HNG/country-currency-exchange/src/models/country.model.ts:26:37)\n' +
    '    at CountryService.refreshCountries (/Users/teajhaney/Desktop/Acode/2025/Project/backend/HNG/country-currency-exchange/src/services/country.service.ts:29:30)\n' +
    '    at processTicksAndRejections (node:internal/process/task_queues:105:5)\n' +
    '    at async refreshCountries (/Users/teajhaney/Desktop/Acode/2025/Project/backend/HNG/country-currency-exchange/src/controllers/country.controller.ts:13:22)',
  timestamp: '2025-10-24T20:43:27.665Z'
}
{
  service: 'country-currency-exchange',
  message: "Duplicate entry 'Saint Kitts and Nevis' for key 'countries.name'",
  code: 'ER_DUP_ENTRY',
  errno: 1062,
  sql: '\n' +
    '        INSERT INTO countries (\n' +
    '          name, capital, region, population, currency_code, \n' +
    '          exchange_rate, estimated_gdp, flag_url\n' +
    '        ) VALUES (?, ?, ?, ?, ?, ?, ?, ?)\n' +
    '      ',
  sqlState: '23000',
  sqlMessage: "Duplicate entry 'Saint Kitts and Nevis' for key 'countries.name'",
  level: 'error',
  stack: "Error: Duplicate entry 'Saint Kitts and Nevis' for key 'countries.name'\n" +
    '    at PromisePool.execute (/Users/teajhaney/Desktop/Acode/2025/Project/backend/HNG/country-currency-exchange/node_modules/mysql2/lib/promise/pool.js:54:22)\n' +
    '    at DatabaseService.execute (/Users/teajhaney/Desktop/Acode/2025/Project/backend/HNG/country-currency-exchange/src/common/config/database.ts:29:40)\n' +
    '    at CountryModel.create (/Users/teajhaney/Desktop/Acode/2025/Project/backend/HNG/country-currency-exchange/src/models/country.model.ts:26:37)\n' +
    '    at CountryService.refreshCountries (/Users/teajhaney/Desktop/Acode/2025/Project/backend/HNG/country-currency-exchange/src/services/country.service.ts:29:30)\n' +
    '    at processTicksAndRejections (node:internal/process/task_queues:105:5)\n' +
    '    at async refreshCountries (/Users/teajhaney/Desktop/Acode/2025/Project/backend/HNG/country-currency-exchange/src/controllers/country.controller.ts:13:22)',
  timestamp: '2025-10-24T20:43:28.146Z'
}
{
  service: 'country-currency-exchange',
  message: "Duplicate entry 'Saint Kitts and Nevis' for key 'countries.name'",
  code: 'ER_DUP_ENTRY',
  errno: 1062,
  sql: '\n' +
    '        INSERT INTO countries (\n' +
    '          name, capital, region, population, currency_code, \n' +
    '          exchange_rate, estimated_gdp, flag_url\n' +
    '        ) VALUES (?, ?, ?, ?, ?, ?, ?, ?)\n' +
    '      ',
  sqlState: '23000',
  sqlMessage: "Duplicate entry 'Saint Kitts and Nevis' for key 'countries.name'",
  level: 'error',
  stack: "Error: Duplicate entry 'Saint Kitts and Nevis' for key 'countries.name'\n" +
    '    at PromisePool.execute (/Users/teajhaney/Desktop/Acode/2025/Project/backend/HNG/country-currency-exchange/node_modules/mysql2/lib/promise/pool.js:54:22)\n' +
    '    at DatabaseService.execute (/Users/teajhaney/Desktop/Acode/2025/Project/backend/HNG/country-currency-exchange/src/common/config/database.ts:29:40)\n' +
    '    at CountryModel.create (/Users/teajhaney/Desktop/Acode/2025/Project/backend/HNG/country-currency-exchange/src/models/country.model.ts:26:37)\n' +
    '    at CountryService.refreshCountries (/Users/teajhaney/Desktop/Acode/2025/Project/backend/HNG/country-currency-exchange/src/services/country.service.ts:29:30)\n' +
    '    at processTicksAndRejections (node:internal/process/task_queues:105:5)\n' +
    '    at async refreshCountries (/Users/teajhaney/Desktop/Acode/2025/Project/backend/HNG/country-currency-exchange/src/controllers/country.controller.ts:13:22)',
  timestamp: '2025-10-24T20:43:28.147Z'
}
{
  service: 'country-currency-exchange',
  message: "Duplicate entry 'Saint Kitts and Nevis' for key 'countries.name'",
  code: 'ER_DUP_ENTRY',
  errno: 1062,
  sql: '\n' +
    '        INSERT INTO countries (\n' +
    '          name, capital, region, population, currency_code, \n' +
    '          exchange_rate, estimated_gdp, flag_url\n' +
    '        ) VALUES (?, ?, ?, ?, ?, ?, ?, ?)\n' +
    '      ',
  sqlState: '23000',
  sqlMessage: "Duplicate entry 'Saint Kitts and Nevis' for key 'countries.name'",
  level: 'warn',
  stack: "Error: Duplicate entry 'Saint Kitts and Nevis' for key 'countries.name'\n" +
    '    at PromisePool.execute (/Users/teajhaney/Desktop/Acode/2025/Project/backend/HNG/country-currency-exchange/node_modules/mysql2/lib/promise/pool.js:54:22)\n' +
    '    at DatabaseService.execute (/Users/teajhaney/Desktop/Acode/2025/Project/backend/HNG/country-currency-exchange/src/common/config/database.ts:29:40)\n' +
    '    at CountryModel.create (/Users/teajhaney/Desktop/Acode/2025/Project/backend/HNG/country-currency-exchange/src/models/country.model.ts:26:37)\n' +
    '    at CountryService.refreshCountries (/Users/teajhaney/Desktop/Acode/2025/Project/backend/HNG/country-currency-exchange/src/services/country.service.ts:29:30)\n' +
    '    at processTicksAndRejections (node:internal/process/task_queues:105:5)\n' +
    '    at async refreshCountries (/Users/teajhaney/Desktop/Acode/2025/Project/backend/HNG/country-currency-exchange/src/controllers/country.controller.ts:13:22)',
  timestamp: '2025-10-24T20:43:28.147Z'
}
{
  service: 'country-currency-exchange',
  message: "Duplicate entry 'Saint Lucia' for key 'countries.name'",
  code: 'ER_DUP_ENTRY',
  errno: 1062,
  sql: '\n' +
    '        INSERT INTO countries (\n' +
    '          name, capital, region, population, currency_code, \n' +
    '          exchange_rate, estimated_gdp, flag_url\n' +
    '        ) VALUES (?, ?, ?, ?, ?, ?, ?, ?)\n' +
    '      ',
  sqlState: '23000',
  sqlMessage: "Duplicate entry 'Saint Lucia' for key 'countries.name'",
  level: 'error',
  stack: "Error: Duplicate entry 'Saint Lucia' for key 'countries.name'\n" +
    '    at PromisePool.execute (/Users/teajhaney/Desktop/Acode/2025/Project/backend/HNG/country-currency-exchange/node_modules/mysql2/lib/promise/pool.js:54:22)\n' +
    '    at DatabaseService.execute (/Users/teajhaney/Desktop/Acode/2025/Project/backend/HNG/country-currency-exchange/src/common/config/database.ts:29:40)\n' +
    '    at CountryModel.create (/Users/teajhaney/Desktop/Acode/2025/Project/backend/HNG/country-currency-exchange/src/models/country.model.ts:26:37)\n' +
    '    at CountryService.refreshCountries (/Users/teajhaney/Desktop/Acode/2025/Project/backend/HNG/country-currency-exchange/src/services/country.service.ts:29:30)\n' +
    '    at processTicksAndRejections (node:internal/process/task_queues:105:5)\n' +
    '    at async refreshCountries (/Users/teajhaney/Desktop/Acode/2025/Project/backend/HNG/country-currency-exchange/src/controllers/country.controller.ts:13:22)',
  timestamp: '2025-10-24T20:43:28.627Z'
}
{
  service: 'country-currency-exchange',
  message: "Duplicate entry 'Saint Lucia' for key 'countries.name'",
  code: 'ER_DUP_ENTRY',
  errno: 1062,
  sql: '\n' +
    '        INSERT INTO countries (\n' +
    '          name, capital, region, population, currency_code, \n' +
    '          exchange_rate, estimated_gdp, flag_url\n' +
    '        ) VALUES (?, ?, ?, ?, ?, ?, ?, ?)\n' +
    '      ',
  sqlState: '23000',
  sqlMessage: "Duplicate entry 'Saint Lucia' for key 'countries.name'",
  level: 'error',
  stack: "Error: Duplicate entry 'Saint Lucia' for key 'countries.name'\n" +
    '    at PromisePool.execute (/Users/teajhaney/Desktop/Acode/2025/Project/backend/HNG/country-currency-exchange/node_modules/mysql2/lib/promise/pool.js:54:22)\n' +
    '    at DatabaseService.execute (/Users/teajhaney/Desktop/Acode/2025/Project/backend/HNG/country-currency-exchange/src/common/config/database.ts:29:40)\n' +
    '    at CountryModel.create (/Users/teajhaney/Desktop/Acode/2025/Project/backend/HNG/country-currency-exchange/src/models/country.model.ts:26:37)\n' +
    '    at CountryService.refreshCountries (/Users/teajhaney/Desktop/Acode/2025/Project/backend/HNG/country-currency-exchange/src/services/country.service.ts:29:30)\n' +
    '    at processTicksAndRejections (node:internal/process/task_queues:105:5)\n' +
    '    at async refreshCountries (/Users/teajhaney/Desktop/Acode/2025/Project/backend/HNG/country-currency-exchange/src/controllers/country.controller.ts:13:22)',
  timestamp: '2025-10-24T20:43:28.627Z'
}
{
  service: 'country-currency-exchange',
  message: "Duplicate entry 'Saint Lucia' for key 'countries.name'",
  code: 'ER_DUP_ENTRY',
  errno: 1062,
  sql: '\n' +
    '        INSERT INTO countries (\n' +
    '          name, capital, region, population, currency_code, \n' +
    '          exchange_rate, estimated_gdp, flag_url\n' +
    '        ) VALUES (?, ?, ?, ?, ?, ?, ?, ?)\n' +
    '      ',
  sqlState: '23000',
  sqlMessage: "Duplicate entry 'Saint Lucia' for key 'countries.name'",
  level: 'warn',
  stack: "Error: Duplicate entry 'Saint Lucia' for key 'countries.name'\n" +
    '    at PromisePool.execute (/Users/teajhaney/Desktop/Acode/2025/Project/backend/HNG/country-currency-exchange/node_modules/mysql2/lib/promise/pool.js:54:22)\n' +
    '    at DatabaseService.execute (/Users/teajhaney/Desktop/Acode/2025/Project/backend/HNG/country-currency-exchange/src/common/config/database.ts:29:40)\n' +
    '    at CountryModel.create (/Users/teajhaney/Desktop/Acode/2025/Project/backend/HNG/country-currency-exchange/src/models/country.model.ts:26:37)\n' +
    '    at CountryService.refreshCountries (/Users/teajhaney/Desktop/Acode/2025/Project/backend/HNG/country-currency-exchange/src/services/country.service.ts:29:30)\n' +
    '    at processTicksAndRejections (node:internal/process/task_queues:105:5)\n' +
    '    at async refreshCountries (/Users/teajhaney/Desktop/Acode/2025/Project/backend/HNG/country-currency-exchange/src/controllers/country.controller.ts:13:22)',
  timestamp: '2025-10-24T20:43:28.627Z'
}
{
  service: 'country-currency-exchange',
  message: "Duplicate entry 'Saint Martin (French part)' for key 'countries.name'",
  code: 'ER_DUP_ENTRY',
  errno: 1062,
  sql: '\n' +
    '        INSERT INTO countries (\n' +
    '          name, capital, region, population, currency_code, \n' +
    '          exchange_rate, estimated_gdp, flag_url\n' +
    '        ) VALUES (?, ?, ?, ?, ?, ?, ?, ?)\n' +
    '      ',
  sqlState: '23000',
  sqlMessage: "Duplicate entry 'Saint Martin (French part)' for key 'countries.name'",
  level: 'error',
  stack: "Error: Duplicate entry 'Saint Martin (French part)' for key 'countries.name'\n" +
    '    at PromisePool.execute (/Users/teajhaney/Desktop/Acode/2025/Project/backend/HNG/country-currency-exchange/node_modules/mysql2/lib/promise/pool.js:54:22)\n' +
    '    at DatabaseService.execute (/Users/teajhaney/Desktop/Acode/2025/Project/backend/HNG/country-currency-exchange/src/common/config/database.ts:29:40)\n' +
    '    at CountryModel.create (/Users/teajhaney/Desktop/Acode/2025/Project/backend/HNG/country-currency-exchange/src/models/country.model.ts:26:37)\n' +
    '    at CountryService.refreshCountries (/Users/teajhaney/Desktop/Acode/2025/Project/backend/HNG/country-currency-exchange/src/services/country.service.ts:29:30)\n' +
    '    at processTicksAndRejections (node:internal/process/task_queues:105:5)\n' +
    '    at async refreshCountries (/Users/teajhaney/Desktop/Acode/2025/Project/backend/HNG/country-currency-exchange/src/controllers/country.controller.ts:13:22)',
  timestamp: '2025-10-24T20:43:29.071Z'
}
{
  service: 'country-currency-exchange',
  message: "Duplicate entry 'Saint Martin (French part)' for key 'countries.name'",
  code: 'ER_DUP_ENTRY',
  errno: 1062,
  sql: '\n' +
    '        INSERT INTO countries (\n' +
    '          name, capital, region, population, currency_code, \n' +
    '          exchange_rate, estimated_gdp, flag_url\n' +
    '        ) VALUES (?, ?, ?, ?, ?, ?, ?, ?)\n' +
    '      ',
  sqlState: '23000',
  sqlMessage: "Duplicate entry 'Saint Martin (French part)' for key 'countries.name'",
  level: 'error',
  stack: "Error: Duplicate entry 'Saint Martin (French part)' for key 'countries.name'\n" +
    '    at PromisePool.execute (/Users/teajhaney/Desktop/Acode/2025/Project/backend/HNG/country-currency-exchange/node_modules/mysql2/lib/promise/pool.js:54:22)\n' +
    '    at DatabaseService.execute (/Users/teajhaney/Desktop/Acode/2025/Project/backend/HNG/country-currency-exchange/src/common/config/database.ts:29:40)\n' +
    '    at CountryModel.create (/Users/teajhaney/Desktop/Acode/2025/Project/backend/HNG/country-currency-exchange/src/models/country.model.ts:26:37)\n' +
    '    at CountryService.refreshCountries (/Users/teajhaney/Desktop/Acode/2025/Project/backend/HNG/country-currency-exchange/src/services/country.service.ts:29:30)\n' +
    '    at processTicksAndRejections (node:internal/process/task_queues:105:5)\n' +
    '    at async refreshCountries (/Users/teajhaney/Desktop/Acode/2025/Project/backend/HNG/country-currency-exchange/src/controllers/country.controller.ts:13:22)',
  timestamp: '2025-10-24T20:43:29.072Z'
}
{
  service: 'country-currency-exchange',
  message: "Duplicate entry 'Saint Martin (French part)' for key 'countries.name'",
  code: 'ER_DUP_ENTRY',
  errno: 1062,
  sql: '\n' +
    '        INSERT INTO countries (\n' +
    '          name, capital, region, population, currency_code, \n' +
    '          exchange_rate, estimated_gdp, flag_url\n' +
    '        ) VALUES (?, ?, ?, ?, ?, ?, ?, ?)\n' +
    '      ',
  sqlState: '23000',
  sqlMessage: "Duplicate entry 'Saint Martin (French part)' for key 'countries.name'",
  level: 'warn',
  stack: "Error: Duplicate entry 'Saint Martin (French part)' for key 'countries.name'\n" +
    '    at PromisePool.execute (/Users/teajhaney/Desktop/Acode/2025/Project/backend/HNG/country-currency-exchange/node_modules/mysql2/lib/promise/pool.js:54:22)\n' +
    '    at DatabaseService.execute (/Users/teajhaney/Desktop/Acode/2025/Project/backend/HNG/country-currency-exchange/src/common/config/database.ts:29:40)\n' +
    '    at CountryModel.create (/Users/teajhaney/Desktop/Acode/2025/Project/backend/HNG/country-currency-exchange/src/models/country.model.ts:26:37)\n' +
    '    at CountryService.refreshCountries (/Users/teajhaney/Desktop/Acode/2025/Project/backend/HNG/country-currency-exchange/src/services/country.service.ts:29:30)\n' +
    '    at processTicksAndRejections (node:internal/process/task_queues:105:5)\n' +
    '    at async refreshCountries (/Users/teajhaney/Desktop/Acode/2025/Project/backend/HNG/country-currency-exchange/src/controllers/country.controller.ts:13:22)',
  timestamp: '2025-10-24T20:43:29.072Z'
}
{
  service: 'country-currency-exchange',
  message: "Duplicate entry 'Saint Pierre and Miquelon' for key 'countries.name'",
  code: 'ER_DUP_ENTRY',
  errno: 1062,
  sql: '\n' +
    '        INSERT INTO countries (\n' +
    '          name, capital, region, population, currency_code, \n' +
    '          exchange_rate, estimated_gdp, flag_url\n' +
    '        ) VALUES (?, ?, ?, ?, ?, ?, ?, ?)\n' +
    '      ',
  sqlState: '23000',
  sqlMessage: "Duplicate entry 'Saint Pierre and Miquelon' for key 'countries.name'",
  level: 'error',
  stack: "Error: Duplicate entry 'Saint Pierre and Miquelon' for key 'countries.name'\n" +
    '    at PromisePool.execute (/Users/teajhaney/Desktop/Acode/2025/Project/backend/HNG/country-currency-exchange/node_modules/mysql2/lib/promise/pool.js:54:22)\n' +
    '    at DatabaseService.execute (/Users/teajhaney/Desktop/Acode/2025/Project/backend/HNG/country-currency-exchange/src/common/config/database.ts:29:40)\n' +
    '    at CountryModel.create (/Users/teajhaney/Desktop/Acode/2025/Project/backend/HNG/country-currency-exchange/src/models/country.model.ts:26:37)\n' +
    '    at CountryService.refreshCountries (/Users/teajhaney/Desktop/Acode/2025/Project/backend/HNG/country-currency-exchange/src/services/country.service.ts:29:30)\n' +
    '    at processTicksAndRejections (node:internal/process/task_queues:105:5)\n' +
    '    at async refreshCountries (/Users/teajhaney/Desktop/Acode/2025/Project/backend/HNG/country-currency-exchange/src/controllers/country.controller.ts:13:22)',
  timestamp: '2025-10-24T20:43:29.549Z'
}
{
  service: 'country-currency-exchange',
  message: "Duplicate entry 'Saint Pierre and Miquelon' for key 'countries.name'",
  code: 'ER_DUP_ENTRY',
  errno: 1062,
  sql: '\n' +
    '        INSERT INTO countries (\n' +
    '          name, capital, region, population, currency_code, \n' +
    '          exchange_rate, estimated_gdp, flag_url\n' +
    '        ) VALUES (?, ?, ?, ?, ?, ?, ?, ?)\n' +
    '      ',
  sqlState: '23000',
  sqlMessage: "Duplicate entry 'Saint Pierre and Miquelon' for key 'countries.name'",
  level: 'error',
  stack: "Error: Duplicate entry 'Saint Pierre and Miquelon' for key 'countries.name'\n" +
    '    at PromisePool.execute (/Users/teajhaney/Desktop/Acode/2025/Project/backend/HNG/country-currency-exchange/node_modules/mysql2/lib/promise/pool.js:54:22)\n' +
    '    at DatabaseService.execute (/Users/teajhaney/Desktop/Acode/2025/Project/backend/HNG/country-currency-exchange/src/common/config/database.ts:29:40)\n' +
    '    at CountryModel.create (/Users/teajhaney/Desktop/Acode/2025/Project/backend/HNG/country-currency-exchange/src/models/country.model.ts:26:37)\n' +
    '    at CountryService.refreshCountries (/Users/teajhaney/Desktop/Acode/2025/Project/backend/HNG/country-currency-exchange/src/services/country.service.ts:29:30)\n' +
    '    at processTicksAndRejections (node:internal/process/task_queues:105:5)\n' +
    '    at async refreshCountries (/Users/teajhaney/Desktop/Acode/2025/Project/backend/HNG/country-currency-exchange/src/controllers/country.controller.ts:13:22)',
  timestamp: '2025-10-24T20:43:29.549Z'
}
{
  service: 'country-currency-exchange',
  message: "Duplicate entry 'Saint Pierre and Miquelon' for key 'countries.name'",
  code: 'ER_DUP_ENTRY',
  errno: 1062,
  sql: '\n' +
    '        INSERT INTO countries (\n' +
    '          name, capital, region, population, currency_code, \n' +
    '          exchange_rate, estimated_gdp, flag_url\n' +
    '        ) VALUES (?, ?, ?, ?, ?, ?, ?, ?)\n' +
    '      ',
  sqlState: '23000',
  sqlMessage: "Duplicate entry 'Saint Pierre and Miquelon' for key 'countries.name'",
  level: 'warn',
  stack: "Error: Duplicate entry 'Saint Pierre and Miquelon' for key 'countries.name'\n" +
    '    at PromisePool.execute (/Users/teajhaney/Desktop/Acode/2025/Project/backend/HNG/country-currency-exchange/node_modules/mysql2/lib/promise/pool.js:54:22)\n' +
    '    at DatabaseService.execute (/Users/teajhaney/Desktop/Acode/2025/Project/backend/HNG/country-currency-exchange/src/common/config/database.ts:29:40)\n' +
    '    at CountryModel.create (/Users/teajhaney/Desktop/Acode/2025/Project/backend/HNG/country-currency-exchange/src/models/country.model.ts:26:37)\n' +
    '    at CountryService.refreshCountries (/Users/teajhaney/Desktop/Acode/2025/Project/backend/HNG/country-currency-exchange/src/services/country.service.ts:29:30)\n' +
    '    at processTicksAndRejections (node:internal/process/task_queues:105:5)\n' +
    '    at async refreshCountries (/Users/teajhaney/Desktop/Acode/2025/Project/backend/HNG/country-currency-exchange/src/controllers/country.controller.ts:13:22)',
  timestamp: '2025-10-24T20:43:29.549Z'
}
{
  service: 'country-currency-exchange',
  message: "Duplicate entry 'Saint Vincent and the Grenadines' for key 'countries.name'",
  code: 'ER_DUP_ENTRY',
  errno: 1062,
  sql: '\n' +
    '        INSERT INTO countries (\n' +
    '          name, capital, region, population, currency_code, \n' +
    '          exchange_rate, estimated_gdp, flag_url\n' +
    '        ) VALUES (?, ?, ?, ?, ?, ?, ?, ?)\n' +
    '      ',
  sqlState: '23000',
  sqlMessage: "Duplicate entry 'Saint Vincent and the Grenadines' for key 'countries.name'",
  level: 'error',
  stack: "Error: Duplicate entry 'Saint Vincent and the Grenadines' for key 'countries.name'\n" +
    '    at PromisePool.execute (/Users/teajhaney/Desktop/Acode/2025/Project/backend/HNG/country-currency-exchange/node_modules/mysql2/lib/promise/pool.js:54:22)\n' +
    '    at DatabaseService.execute (/Users/teajhaney/Desktop/Acode/2025/Project/backend/HNG/country-currency-exchange/src/common/config/database.ts:29:40)\n' +
    '    at CountryModel.create (/Users/teajhaney/Desktop/Acode/2025/Project/backend/HNG/country-currency-exchange/src/models/country.model.ts:26:37)\n' +
    '    at CountryService.refreshCountries (/Users/teajhaney/Desktop/Acode/2025/Project/backend/HNG/country-currency-exchange/src/services/country.service.ts:29:30)\n' +
    '    at processTicksAndRejections (node:internal/process/task_queues:105:5)\n' +
    '    at async refreshCountries (/Users/teajhaney/Desktop/Acode/2025/Project/backend/HNG/country-currency-exchange/src/controllers/country.controller.ts:13:22)',
  timestamp: '2025-10-24T20:43:30.021Z'
}
{
  service: 'country-currency-exchange',
  message: "Duplicate entry 'Saint Vincent and the Grenadines' for key 'countries.name'",
  code: 'ER_DUP_ENTRY',
  errno: 1062,
  sql: '\n' +
    '        INSERT INTO countries (\n' +
    '          name, capital, region, population, currency_code, \n' +
    '          exchange_rate, estimated_gdp, flag_url\n' +
    '        ) VALUES (?, ?, ?, ?, ?, ?, ?, ?)\n' +
    '      ',
  sqlState: '23000',
  sqlMessage: "Duplicate entry 'Saint Vincent and the Grenadines' for key 'countries.name'",
  level: 'error',
  stack: "Error: Duplicate entry 'Saint Vincent and the Grenadines' for key 'countries.name'\n" +
    '    at PromisePool.execute (/Users/teajhaney/Desktop/Acode/2025/Project/backend/HNG/country-currency-exchange/node_modules/mysql2/lib/promise/pool.js:54:22)\n' +
    '    at DatabaseService.execute (/Users/teajhaney/Desktop/Acode/2025/Project/backend/HNG/country-currency-exchange/src/common/config/database.ts:29:40)\n' +
    '    at CountryModel.create (/Users/teajhaney/Desktop/Acode/2025/Project/backend/HNG/country-currency-exchange/src/models/country.model.ts:26:37)\n' +
    '    at CountryService.refreshCountries (/Users/teajhaney/Desktop/Acode/2025/Project/backend/HNG/country-currency-exchange/src/services/country.service.ts:29:30)\n' +
    '    at processTicksAndRejections (node:internal/process/task_queues:105:5)\n' +
    '    at async refreshCountries (/Users/teajhaney/Desktop/Acode/2025/Project/backend/HNG/country-currency-exchange/src/controllers/country.controller.ts:13:22)',
  timestamp: '2025-10-24T20:43:30.022Z'
}
{
  service: 'country-currency-exchange',
  message: "Duplicate entry 'Saint Vincent and the Grenadines' for key 'countries.name'",
  code: 'ER_DUP_ENTRY',
  errno: 1062,
  sql: '\n' +
    '        INSERT INTO countries (\n' +
    '          name, capital, region, population, currency_code, \n' +
    '          exchange_rate, estimated_gdp, flag_url\n' +
    '        ) VALUES (?, ?, ?, ?, ?, ?, ?, ?)\n' +
    '      ',
  sqlState: '23000',
  sqlMessage: "Duplicate entry 'Saint Vincent and the Grenadines' for key 'countries.name'",
  level: 'warn',
  stack: "Error: Duplicate entry 'Saint Vincent and the Grenadines' for key 'countries.name'\n" +
    '    at PromisePool.execute (/Users/teajhaney/Desktop/Acode/2025/Project/backend/HNG/country-currency-exchange/node_modules/mysql2/lib/promise/pool.js:54:22)\n' +
    '    at DatabaseService.execute (/Users/teajhaney/Desktop/Acode/2025/Project/backend/HNG/country-currency-exchange/src/common/config/database.ts:29:40)\n' +
    '    at CountryModel.create (/Users/teajhaney/Desktop/Acode/2025/Project/backend/HNG/country-currency-exchange/src/models/country.model.ts:26:37)\n' +
    '    at CountryService.refreshCountries (/Users/teajhaney/Desktop/Acode/2025/Project/backend/HNG/country-currency-exchange/src/services/country.service.ts:29:30)\n' +
    '    at processTicksAndRejections (node:internal/process/task_queues:105:5)\n' +
    '    at async refreshCountries (/Users/teajhaney/Desktop/Acode/2025/Project/backend/HNG/country-currency-exchange/src/controllers/country.controller.ts:13:22)',
  timestamp: '2025-10-24T20:43:30.022Z'
}
{
  service: 'country-currency-exchange',
  message: "Duplicate entry 'Samoa' for key 'countries.name'",
  code: 'ER_DUP_ENTRY',
  errno: 1062,
  sql: '\n' +
    '        INSERT INTO countries (\n' +
    '          name, capital, region, population, currency_code, \n' +
    '          exchange_rate, estimated_gdp, flag_url\n' +
    '        ) VALUES (?, ?, ?, ?, ?, ?, ?, ?)\n' +
    '      ',
  sqlState: '23000',
  sqlMessage: "Duplicate entry 'Samoa' for key 'countries.name'",
  level: 'error',
  stack: "Error: Duplicate entry 'Samoa' for key 'countries.name'\n" +
    '    at PromisePool.execute (/Users/teajhaney/Desktop/Acode/2025/Project/backend/HNG/country-currency-exchange/node_modules/mysql2/lib/promise/pool.js:54:22)\n' +
    '    at DatabaseService.execute (/Users/teajhaney/Desktop/Acode/2025/Project/backend/HNG/country-currency-exchange/src/common/config/database.ts:29:40)\n' +
    '    at CountryModel.create (/Users/teajhaney/Desktop/Acode/2025/Project/backend/HNG/country-currency-exchange/src/models/country.model.ts:26:37)\n' +
    '    at CountryService.refreshCountries (/Users/teajhaney/Desktop/Acode/2025/Project/backend/HNG/country-currency-exchange/src/services/country.service.ts:29:30)\n' +
    '    at processTicksAndRejections (node:internal/process/task_queues:105:5)\n' +
    '    at async refreshCountries (/Users/teajhaney/Desktop/Acode/2025/Project/backend/HNG/country-currency-exchange/src/controllers/country.controller.ts:13:22)',
  timestamp: '2025-10-24T20:43:30.524Z'
}
{
  service: 'country-currency-exchange',
  message: "Duplicate entry 'Samoa' for key 'countries.name'",
  code: 'ER_DUP_ENTRY',
  errno: 1062,
  sql: '\n' +
    '        INSERT INTO countries (\n' +
    '          name, capital, region, population, currency_code, \n' +
    '          exchange_rate, estimated_gdp, flag_url\n' +
    '        ) VALUES (?, ?, ?, ?, ?, ?, ?, ?)\n' +
    '      ',
  sqlState: '23000',
  sqlMessage: "Duplicate entry 'Samoa' for key 'countries.name'",
  level: 'error',
  stack: "Error: Duplicate entry 'Samoa' for key 'countries.name'\n" +
    '    at PromisePool.execute (/Users/teajhaney/Desktop/Acode/2025/Project/backend/HNG/country-currency-exchange/node_modules/mysql2/lib/promise/pool.js:54:22)\n' +
    '    at DatabaseService.execute (/Users/teajhaney/Desktop/Acode/2025/Project/backend/HNG/country-currency-exchange/src/common/config/database.ts:29:40)\n' +
    '    at CountryModel.create (/Users/teajhaney/Desktop/Acode/2025/Project/backend/HNG/country-currency-exchange/src/models/country.model.ts:26:37)\n' +
    '    at CountryService.refreshCountries (/Users/teajhaney/Desktop/Acode/2025/Project/backend/HNG/country-currency-exchange/src/services/country.service.ts:29:30)\n' +
    '    at processTicksAndRejections (node:internal/process/task_queues:105:5)\n' +
    '    at async refreshCountries (/Users/teajhaney/Desktop/Acode/2025/Project/backend/HNG/country-currency-exchange/src/controllers/country.controller.ts:13:22)',
  timestamp: '2025-10-24T20:43:30.525Z'
}
{
  service: 'country-currency-exchange',
  message: "Duplicate entry 'Samoa' for key 'countries.name'",
  code: 'ER_DUP_ENTRY',
  errno: 1062,
  sql: '\n' +
    '        INSERT INTO countries (\n' +
    '          name, capital, region, population, currency_code, \n' +
    '          exchange_rate, estimated_gdp, flag_url\n' +
    '        ) VALUES (?, ?, ?, ?, ?, ?, ?, ?)\n' +
    '      ',
  sqlState: '23000',
  sqlMessage: "Duplicate entry 'Samoa' for key 'countries.name'",
  level: 'warn',
  stack: "Error: Duplicate entry 'Samoa' for key 'countries.name'\n" +
    '    at PromisePool.execute (/Users/teajhaney/Desktop/Acode/2025/Project/backend/HNG/country-currency-exchange/node_modules/mysql2/lib/promise/pool.js:54:22)\n' +
    '    at DatabaseService.execute (/Users/teajhaney/Desktop/Acode/2025/Project/backend/HNG/country-currency-exchange/src/common/config/database.ts:29:40)\n' +
    '    at CountryModel.create (/Users/teajhaney/Desktop/Acode/2025/Project/backend/HNG/country-currency-exchange/src/models/country.model.ts:26:37)\n' +
    '    at CountryService.refreshCountries (/Users/teajhaney/Desktop/Acode/2025/Project/backend/HNG/country-currency-exchange/src/services/country.service.ts:29:30)\n' +
    '    at processTicksAndRejections (node:internal/process/task_queues:105:5)\n' +
    '    at async refreshCountries (/Users/teajhaney/Desktop/Acode/2025/Project/backend/HNG/country-currency-exchange/src/controllers/country.controller.ts:13:22)',
  timestamp: '2025-10-24T20:43:30.525Z'
}
{
  service: 'country-currency-exchange',
  message: "Duplicate entry 'San Marino' for key 'countries.name'",
  code: 'ER_DUP_ENTRY',
  errno: 1062,
  sql: '\n' +
    '        INSERT INTO countries (\n' +
    '          name, capital, region, population, currency_code, \n' +
    '          exchange_rate, estimated_gdp, flag_url\n' +
    '        ) VALUES (?, ?, ?, ?, ?, ?, ?, ?)\n' +
    '      ',
  sqlState: '23000',
  sqlMessage: "Duplicate entry 'San Marino' for key 'countries.name'",
  level: 'error',
  stack: "Error: Duplicate entry 'San Marino' for key 'countries.name'\n" +
    '    at PromisePool.execute (/Users/teajhaney/Desktop/Acode/2025/Project/backend/HNG/country-currency-exchange/node_modules/mysql2/lib/promise/pool.js:54:22)\n' +
    '    at DatabaseService.execute (/Users/teajhaney/Desktop/Acode/2025/Project/backend/HNG/country-currency-exchange/src/common/config/database.ts:29:40)\n' +
    '    at CountryModel.create (/Users/teajhaney/Desktop/Acode/2025/Project/backend/HNG/country-currency-exchange/src/models/country.model.ts:26:37)\n' +
    '    at CountryService.refreshCountries (/Users/teajhaney/Desktop/Acode/2025/Project/backend/HNG/country-currency-exchange/src/services/country.service.ts:29:30)\n' +
    '    at processTicksAndRejections (node:internal/process/task_queues:105:5)\n' +
    '    at async refreshCountries (/Users/teajhaney/Desktop/Acode/2025/Project/backend/HNG/country-currency-exchange/src/controllers/country.controller.ts:13:22)',
  timestamp: '2025-10-24T20:43:30.975Z'
}
{
  service: 'country-currency-exchange',
  message: "Duplicate entry 'San Marino' for key 'countries.name'",
  code: 'ER_DUP_ENTRY',
  errno: 1062,
  sql: '\n' +
    '        INSERT INTO countries (\n' +
    '          name, capital, region, population, currency_code, \n' +
    '          exchange_rate, estimated_gdp, flag_url\n' +
    '        ) VALUES (?, ?, ?, ?, ?, ?, ?, ?)\n' +
    '      ',
  sqlState: '23000',
  sqlMessage: "Duplicate entry 'San Marino' for key 'countries.name'",
  level: 'error',
  stack: "Error: Duplicate entry 'San Marino' for key 'countries.name'\n" +
    '    at PromisePool.execute (/Users/teajhaney/Desktop/Acode/2025/Project/backend/HNG/country-currency-exchange/node_modules/mysql2/lib/promise/pool.js:54:22)\n' +
    '    at DatabaseService.execute (/Users/teajhaney/Desktop/Acode/2025/Project/backend/HNG/country-currency-exchange/src/common/config/database.ts:29:40)\n' +
    '    at CountryModel.create (/Users/teajhaney/Desktop/Acode/2025/Project/backend/HNG/country-currency-exchange/src/models/country.model.ts:26:37)\n' +
    '    at CountryService.refreshCountries (/Users/teajhaney/Desktop/Acode/2025/Project/backend/HNG/country-currency-exchange/src/services/country.service.ts:29:30)\n' +
    '    at processTicksAndRejections (node:internal/process/task_queues:105:5)\n' +
    '    at async refreshCountries (/Users/teajhaney/Desktop/Acode/2025/Project/backend/HNG/country-currency-exchange/src/controllers/country.controller.ts:13:22)',
  timestamp: '2025-10-24T20:43:30.975Z'
}
{
  service: 'country-currency-exchange',
  message: "Duplicate entry 'San Marino' for key 'countries.name'",
  code: 'ER_DUP_ENTRY',
  errno: 1062,
  sql: '\n' +
    '        INSERT INTO countries (\n' +
    '          name, capital, region, population, currency_code, \n' +
    '          exchange_rate, estimated_gdp, flag_url\n' +
    '        ) VALUES (?, ?, ?, ?, ?, ?, ?, ?)\n' +
    '      ',
  sqlState: '23000',
  sqlMessage: "Duplicate entry 'San Marino' for key 'countries.name'",
  level: 'warn',
  stack: "Error: Duplicate entry 'San Marino' for key 'countries.name'\n" +
    '    at PromisePool.execute (/Users/teajhaney/Desktop/Acode/2025/Project/backend/HNG/country-currency-exchange/node_modules/mysql2/lib/promise/pool.js:54:22)\n' +
    '    at DatabaseService.execute (/Users/teajhaney/Desktop/Acode/2025/Project/backend/HNG/country-currency-exchange/src/common/config/database.ts:29:40)\n' +
    '    at CountryModel.create (/Users/teajhaney/Desktop/Acode/2025/Project/backend/HNG/country-currency-exchange/src/models/country.model.ts:26:37)\n' +
    '    at CountryService.refreshCountries (/Users/teajhaney/Desktop/Acode/2025/Project/backend/HNG/country-currency-exchange/src/services/country.service.ts:29:30)\n' +
    '    at processTicksAndRejections (node:internal/process/task_queues:105:5)\n' +
    '    at async refreshCountries (/Users/teajhaney/Desktop/Acode/2025/Project/backend/HNG/country-currency-exchange/src/controllers/country.controller.ts:13:22)',
  timestamp: '2025-10-24T20:43:30.976Z'
}
{
  service: 'country-currency-exchange',
  message: "Duplicate entry 'Sao Tome and Principe' for key 'countries.name'",
  code: 'ER_DUP_ENTRY',
  errno: 1062,
  sql: '\n' +
    '        INSERT INTO countries (\n' +
    '          name, capital, region, population, currency_code, \n' +
    '          exchange_rate, estimated_gdp, flag_url\n' +
    '        ) VALUES (?, ?, ?, ?, ?, ?, ?, ?)\n' +
    '      ',
  sqlState: '23000',
  sqlMessage: "Duplicate entry 'Sao Tome and Principe' for key 'countries.name'",
  level: 'error',
  stack: "Error: Duplicate entry 'Sao Tome and Principe' for key 'countries.name'\n" +
    '    at PromisePool.execute (/Users/teajhaney/Desktop/Acode/2025/Project/backend/HNG/country-currency-exchange/node_modules/mysql2/lib/promise/pool.js:54:22)\n' +
    '    at DatabaseService.execute (/Users/teajhaney/Desktop/Acode/2025/Project/backend/HNG/country-currency-exchange/src/common/config/database.ts:29:40)\n' +
    '    at CountryModel.create (/Users/teajhaney/Desktop/Acode/2025/Project/backend/HNG/country-currency-exchange/src/models/country.model.ts:26:37)\n' +
    '    at CountryService.refreshCountries (/Users/teajhaney/Desktop/Acode/2025/Project/backend/HNG/country-currency-exchange/src/services/country.service.ts:29:30)\n' +
    '    at processTicksAndRejections (node:internal/process/task_queues:105:5)\n' +
    '    at async refreshCountries (/Users/teajhaney/Desktop/Acode/2025/Project/backend/HNG/country-currency-exchange/src/controllers/country.controller.ts:13:22)',
  timestamp: '2025-10-24T20:43:31.445Z'
}
{
  service: 'country-currency-exchange',
  message: "Duplicate entry 'Sao Tome and Principe' for key 'countries.name'",
  code: 'ER_DUP_ENTRY',
  errno: 1062,
  sql: '\n' +
    '        INSERT INTO countries (\n' +
    '          name, capital, region, population, currency_code, \n' +
    '          exchange_rate, estimated_gdp, flag_url\n' +
    '        ) VALUES (?, ?, ?, ?, ?, ?, ?, ?)\n' +
    '      ',
  sqlState: '23000',
  sqlMessage: "Duplicate entry 'Sao Tome and Principe' for key 'countries.name'",
  level: 'error',
  stack: "Error: Duplicate entry 'Sao Tome and Principe' for key 'countries.name'\n" +
    '    at PromisePool.execute (/Users/teajhaney/Desktop/Acode/2025/Project/backend/HNG/country-currency-exchange/node_modules/mysql2/lib/promise/pool.js:54:22)\n' +
    '    at DatabaseService.execute (/Users/teajhaney/Desktop/Acode/2025/Project/backend/HNG/country-currency-exchange/src/common/config/database.ts:29:40)\n' +
    '    at CountryModel.create (/Users/teajhaney/Desktop/Acode/2025/Project/backend/HNG/country-currency-exchange/src/models/country.model.ts:26:37)\n' +
    '    at CountryService.refreshCountries (/Users/teajhaney/Desktop/Acode/2025/Project/backend/HNG/country-currency-exchange/src/services/country.service.ts:29:30)\n' +
    '    at processTicksAndRejections (node:internal/process/task_queues:105:5)\n' +
    '    at async refreshCountries (/Users/teajhaney/Desktop/Acode/2025/Project/backend/HNG/country-currency-exchange/src/controllers/country.controller.ts:13:22)',
  timestamp: '2025-10-24T20:43:31.445Z'
}
{
  service: 'country-currency-exchange',
  message: "Duplicate entry 'Sao Tome and Principe' for key 'countries.name'",
  code: 'ER_DUP_ENTRY',
  errno: 1062,
  sql: '\n' +
    '        INSERT INTO countries (\n' +
    '          name, capital, region, population, currency_code, \n' +
    '          exchange_rate, estimated_gdp, flag_url\n' +
    '        ) VALUES (?, ?, ?, ?, ?, ?, ?, ?)\n' +
    '      ',
  sqlState: '23000',
  sqlMessage: "Duplicate entry 'Sao Tome and Principe' for key 'countries.name'",
  level: 'warn',
  stack: "Error: Duplicate entry 'Sao Tome and Principe' for key 'countries.name'\n" +
    '    at PromisePool.execute (/Users/teajhaney/Desktop/Acode/2025/Project/backend/HNG/country-currency-exchange/node_modules/mysql2/lib/promise/pool.js:54:22)\n' +
    '    at DatabaseService.execute (/Users/teajhaney/Desktop/Acode/2025/Project/backend/HNG/country-currency-exchange/src/common/config/database.ts:29:40)\n' +
    '    at CountryModel.create (/Users/teajhaney/Desktop/Acode/2025/Project/backend/HNG/country-currency-exchange/src/models/country.model.ts:26:37)\n' +
    '    at CountryService.refreshCountries (/Users/teajhaney/Desktop/Acode/2025/Project/backend/HNG/country-currency-exchange/src/services/country.service.ts:29:30)\n' +
    '    at processTicksAndRejections (node:internal/process/task_queues:105:5)\n' +
    '    at async refreshCountries (/Users/teajhaney/Desktop/Acode/2025/Project/backend/HNG/country-currency-exchange/src/controllers/country.controller.ts:13:22)',
  timestamp: '2025-10-24T20:43:31.445Z'
}
{
  service: 'country-currency-exchange',
  message: "Duplicate entry 'Saudi Arabia' for key 'countries.name'",
  code: 'ER_DUP_ENTRY',
  errno: 1062,
  sql: '\n' +
    '        INSERT INTO countries (\n' +
    '          name, capital, region, population, currency_code, \n' +
    '          exchange_rate, estimated_gdp, flag_url\n' +
    '        ) VALUES (?, ?, ?, ?, ?, ?, ?, ?)\n' +
    '      ',
  sqlState: '23000',
  sqlMessage: "Duplicate entry 'Saudi Arabia' for key 'countries.name'",
  level: 'error',
  stack: "Error: Duplicate entry 'Saudi Arabia' for key 'countries.name'\n" +
    '    at PromisePool.execute (/Users/teajhaney/Desktop/Acode/2025/Project/backend/HNG/country-currency-exchange/node_modules/mysql2/lib/promise/pool.js:54:22)\n' +
    '    at DatabaseService.execute (/Users/teajhaney/Desktop/Acode/2025/Project/backend/HNG/country-currency-exchange/src/common/config/database.ts:29:40)\n' +
    '    at CountryModel.create (/Users/teajhaney/Desktop/Acode/2025/Project/backend/HNG/country-currency-exchange/src/models/country.model.ts:26:37)\n' +
    '    at CountryService.refreshCountries (/Users/teajhaney/Desktop/Acode/2025/Project/backend/HNG/country-currency-exchange/src/services/country.service.ts:29:30)\n' +
    '    at processTicksAndRejections (node:internal/process/task_queues:105:5)\n' +
    '    at async refreshCountries (/Users/teajhaney/Desktop/Acode/2025/Project/backend/HNG/country-currency-exchange/src/controllers/country.controller.ts:13:22)',
  timestamp: '2025-10-24T20:43:31.895Z'
}
{
  service: 'country-currency-exchange',
  message: "Duplicate entry 'Saudi Arabia' for key 'countries.name'",
  code: 'ER_DUP_ENTRY',
  errno: 1062,
  sql: '\n' +
    '        INSERT INTO countries (\n' +
    '          name, capital, region, population, currency_code, \n' +
    '          exchange_rate, estimated_gdp, flag_url\n' +
    '        ) VALUES (?, ?, ?, ?, ?, ?, ?, ?)\n' +
    '      ',
  sqlState: '23000',
  sqlMessage: "Duplicate entry 'Saudi Arabia' for key 'countries.name'",
  level: 'error',
  stack: "Error: Duplicate entry 'Saudi Arabia' for key 'countries.name'\n" +
    '    at PromisePool.execute (/Users/teajhaney/Desktop/Acode/2025/Project/backend/HNG/country-currency-exchange/node_modules/mysql2/lib/promise/pool.js:54:22)\n' +
    '    at DatabaseService.execute (/Users/teajhaney/Desktop/Acode/2025/Project/backend/HNG/country-currency-exchange/src/common/config/database.ts:29:40)\n' +
    '    at CountryModel.create (/Users/teajhaney/Desktop/Acode/2025/Project/backend/HNG/country-currency-exchange/src/models/country.model.ts:26:37)\n' +
    '    at CountryService.refreshCountries (/Users/teajhaney/Desktop/Acode/2025/Project/backend/HNG/country-currency-exchange/src/services/country.service.ts:29:30)\n' +
    '    at processTicksAndRejections (node:internal/process/task_queues:105:5)\n' +
    '    at async refreshCountries (/Users/teajhaney/Desktop/Acode/2025/Project/backend/HNG/country-currency-exchange/src/controllers/country.controller.ts:13:22)',
  timestamp: '2025-10-24T20:43:31.895Z'
}
{
  service: 'country-currency-exchange',
  message: "Duplicate entry 'Saudi Arabia' for key 'countries.name'",
  code: 'ER_DUP_ENTRY',
  errno: 1062,
  sql: '\n' +
    '        INSERT INTO countries (\n' +
    '          name, capital, region, population, currency_code, \n' +
    '          exchange_rate, estimated_gdp, flag_url\n' +
    '        ) VALUES (?, ?, ?, ?, ?, ?, ?, ?)\n' +
    '      ',
  sqlState: '23000',
  sqlMessage: "Duplicate entry 'Saudi Arabia' for key 'countries.name'",
  level: 'warn',
  stack: "Error: Duplicate entry 'Saudi Arabia' for key 'countries.name'\n" +
    '    at PromisePool.execute (/Users/teajhaney/Desktop/Acode/2025/Project/backend/HNG/country-currency-exchange/node_modules/mysql2/lib/promise/pool.js:54:22)\n' +
    '    at DatabaseService.execute (/Users/teajhaney/Desktop/Acode/2025/Project/backend/HNG/country-currency-exchange/src/common/config/database.ts:29:40)\n' +
    '    at CountryModel.create (/Users/teajhaney/Desktop/Acode/2025/Project/backend/HNG/country-currency-exchange/src/models/country.model.ts:26:37)\n' +
    '    at CountryService.refreshCountries (/Users/teajhaney/Desktop/Acode/2025/Project/backend/HNG/country-currency-exchange/src/services/country.service.ts:29:30)\n' +
    '    at processTicksAndRejections (node:internal/process/task_queues:105:5)\n' +
    '    at async refreshCountries (/Users/teajhaney/Desktop/Acode/2025/Project/backend/HNG/country-currency-exchange/src/controllers/country.controller.ts:13:22)',
  timestamp: '2025-10-24T20:43:31.895Z'
}
{
  service: 'country-currency-exchange',
  message: "Duplicate entry 'Senegal' for key 'countries.name'",
  code: 'ER_DUP_ENTRY',
  errno: 1062,
  sql: '\n' +
    '        INSERT INTO countries (\n' +
    '          name, capital, region, population, currency_code, \n' +
    '          exchange_rate, estimated_gdp, flag_url\n' +
    '        ) VALUES (?, ?, ?, ?, ?, ?, ?, ?)\n' +
    '      ',
  sqlState: '23000',
  sqlMessage: "Duplicate entry 'Senegal' for key 'countries.name'",
  level: 'error',
  stack: "Error: Duplicate entry 'Senegal' for key 'countries.name'\n" +
    '    at PromisePool.execute (/Users/teajhaney/Desktop/Acode/2025/Project/backend/HNG/country-currency-exchange/node_modules/mysql2/lib/promise/pool.js:54:22)\n' +
    '    at DatabaseService.execute (/Users/teajhaney/Desktop/Acode/2025/Project/backend/HNG/country-currency-exchange/src/common/config/database.ts:29:40)\n' +
    '    at CountryModel.create (/Users/teajhaney/Desktop/Acode/2025/Project/backend/HNG/country-currency-exchange/src/models/country.model.ts:26:37)\n' +
    '    at CountryService.refreshCountries (/Users/teajhaney/Desktop/Acode/2025/Project/backend/HNG/country-currency-exchange/src/services/country.service.ts:29:30)\n' +
    '    at processTicksAndRejections (node:internal/process/task_queues:105:5)\n' +
    '    at async refreshCountries (/Users/teajhaney/Desktop/Acode/2025/Project/backend/HNG/country-currency-exchange/src/controllers/country.controller.ts:13:22)',
  timestamp: '2025-10-24T20:43:32.371Z'
}
{
  service: 'country-currency-exchange',
  message: "Duplicate entry 'Senegal' for key 'countries.name'",
  code: 'ER_DUP_ENTRY',
  errno: 1062,
  sql: '\n' +
    '        INSERT INTO countries (\n' +
    '          name, capital, region, population, currency_code, \n' +
    '          exchange_rate, estimated_gdp, flag_url\n' +
    '        ) VALUES (?, ?, ?, ?, ?, ?, ?, ?)\n' +
    '      ',
  sqlState: '23000',
  sqlMessage: "Duplicate entry 'Senegal' for key 'countries.name'",
  level: 'error',
  stack: "Error: Duplicate entry 'Senegal' for key 'countries.name'\n" +
    '    at PromisePool.execute (/Users/teajhaney/Desktop/Acode/2025/Project/backend/HNG/country-currency-exchange/node_modules/mysql2/lib/promise/pool.js:54:22)\n' +
    '    at DatabaseService.execute (/Users/teajhaney/Desktop/Acode/2025/Project/backend/HNG/country-currency-exchange/src/common/config/database.ts:29:40)\n' +
    '    at CountryModel.create (/Users/teajhaney/Desktop/Acode/2025/Project/backend/HNG/country-currency-exchange/src/models/country.model.ts:26:37)\n' +
    '    at CountryService.refreshCountries (/Users/teajhaney/Desktop/Acode/2025/Project/backend/HNG/country-currency-exchange/src/services/country.service.ts:29:30)\n' +
    '    at processTicksAndRejections (node:internal/process/task_queues:105:5)\n' +
    '    at async refreshCountries (/Users/teajhaney/Desktop/Acode/2025/Project/backend/HNG/country-currency-exchange/src/controllers/country.controller.ts:13:22)',
  timestamp: '2025-10-24T20:43:32.372Z'
}
{
  service: 'country-currency-exchange',
  message: "Duplicate entry 'Senegal' for key 'countries.name'",
  code: 'ER_DUP_ENTRY',
  errno: 1062,
  sql: '\n' +
    '        INSERT INTO countries (\n' +
    '          name, capital, region, population, currency_code, \n' +
    '          exchange_rate, estimated_gdp, flag_url\n' +
    '        ) VALUES (?, ?, ?, ?, ?, ?, ?, ?)\n' +
    '      ',
  sqlState: '23000',
  sqlMessage: "Duplicate entry 'Senegal' for key 'countries.name'",
  level: 'warn',
  stack: "Error: Duplicate entry 'Senegal' for key 'countries.name'\n" +
    '    at PromisePool.execute (/Users/teajhaney/Desktop/Acode/2025/Project/backend/HNG/country-currency-exchange/node_modules/mysql2/lib/promise/pool.js:54:22)\n' +
    '    at DatabaseService.execute (/Users/teajhaney/Desktop/Acode/2025/Project/backend/HNG/country-currency-exchange/src/common/config/database.ts:29:40)\n' +
    '    at CountryModel.create (/Users/teajhaney/Desktop/Acode/2025/Project/backend/HNG/country-currency-exchange/src/models/country.model.ts:26:37)\n' +
    '    at CountryService.refreshCountries (/Users/teajhaney/Desktop/Acode/2025/Project/backend/HNG/country-currency-exchange/src/services/country.service.ts:29:30)\n' +
    '    at processTicksAndRejections (node:internal/process/task_queues:105:5)\n' +
    '    at async refreshCountries (/Users/teajhaney/Desktop/Acode/2025/Project/backend/HNG/country-currency-exchange/src/controllers/country.controller.ts:13:22)',
  timestamp: '2025-10-24T20:43:32.372Z'
}
{
  service: 'country-currency-exchange',
  message: "Duplicate entry 'Serbia' for key 'countries.name'",
  code: 'ER_DUP_ENTRY',
  errno: 1062,
  sql: '\n' +
    '        INSERT INTO countries (\n' +
    '          name, capital, region, population, currency_code, \n' +
    '          exchange_rate, estimated_gdp, flag_url\n' +
    '        ) VALUES (?, ?, ?, ?, ?, ?, ?, ?)\n' +
    '      ',
  sqlState: '23000',
  sqlMessage: "Duplicate entry 'Serbia' for key 'countries.name'",
  level: 'error',
  stack: "Error: Duplicate entry 'Serbia' for key 'countries.name'\n" +
    '    at PromisePool.execute (/Users/teajhaney/Desktop/Acode/2025/Project/backend/HNG/country-currency-exchange/node_modules/mysql2/lib/promise/pool.js:54:22)\n' +
    '    at DatabaseService.execute (/Users/teajhaney/Desktop/Acode/2025/Project/backend/HNG/country-currency-exchange/src/common/config/database.ts:29:40)\n' +
    '    at CountryModel.create (/Users/teajhaney/Desktop/Acode/2025/Project/backend/HNG/country-currency-exchange/src/models/country.model.ts:26:37)\n' +
    '    at CountryService.refreshCountries (/Users/teajhaney/Desktop/Acode/2025/Project/backend/HNG/country-currency-exchange/src/services/country.service.ts:29:30)\n' +
    '    at processTicksAndRejections (node:internal/process/task_queues:105:5)\n' +
    '    at async refreshCountries (/Users/teajhaney/Desktop/Acode/2025/Project/backend/HNG/country-currency-exchange/src/controllers/country.controller.ts:13:22)',
  timestamp: '2025-10-24T20:43:32.840Z'
}
{
  service: 'country-currency-exchange',
  message: "Duplicate entry 'Serbia' for key 'countries.name'",
  code: 'ER_DUP_ENTRY',
  errno: 1062,
  sql: '\n' +
    '        INSERT INTO countries (\n' +
    '          name, capital, region, population, currency_code, \n' +
    '          exchange_rate, estimated_gdp, flag_url\n' +
    '        ) VALUES (?, ?, ?, ?, ?, ?, ?, ?)\n' +
    '      ',
  sqlState: '23000',
  sqlMessage: "Duplicate entry 'Serbia' for key 'countries.name'",
  level: 'error',
  stack: "Error: Duplicate entry 'Serbia' for key 'countries.name'\n" +
    '    at PromisePool.execute (/Users/teajhaney/Desktop/Acode/2025/Project/backend/HNG/country-currency-exchange/node_modules/mysql2/lib/promise/pool.js:54:22)\n' +
    '    at DatabaseService.execute (/Users/teajhaney/Desktop/Acode/2025/Project/backend/HNG/country-currency-exchange/src/common/config/database.ts:29:40)\n' +
    '    at CountryModel.create (/Users/teajhaney/Desktop/Acode/2025/Project/backend/HNG/country-currency-exchange/src/models/country.model.ts:26:37)\n' +
    '    at CountryService.refreshCountries (/Users/teajhaney/Desktop/Acode/2025/Project/backend/HNG/country-currency-exchange/src/services/country.service.ts:29:30)\n' +
    '    at processTicksAndRejections (node:internal/process/task_queues:105:5)\n' +
    '    at async refreshCountries (/Users/teajhaney/Desktop/Acode/2025/Project/backend/HNG/country-currency-exchange/src/controllers/country.controller.ts:13:22)',
  timestamp: '2025-10-24T20:43:32.840Z'
}
{
  service: 'country-currency-exchange',
  message: "Duplicate entry 'Serbia' for key 'countries.name'",
  code: 'ER_DUP_ENTRY',
  errno: 1062,
  sql: '\n' +
    '        INSERT INTO countries (\n' +
    '          name, capital, region, population, currency_code, \n' +
    '          exchange_rate, estimated_gdp, flag_url\n' +
    '        ) VALUES (?, ?, ?, ?, ?, ?, ?, ?)\n' +
    '      ',
  sqlState: '23000',
  sqlMessage: "Duplicate entry 'Serbia' for key 'countries.name'",
  level: 'warn',
  stack: "Error: Duplicate entry 'Serbia' for key 'countries.name'\n" +
    '    at PromisePool.execute (/Users/teajhaney/Desktop/Acode/2025/Project/backend/HNG/country-currency-exchange/node_modules/mysql2/lib/promise/pool.js:54:22)\n' +
    '    at DatabaseService.execute (/Users/teajhaney/Desktop/Acode/2025/Project/backend/HNG/country-currency-exchange/src/common/config/database.ts:29:40)\n' +
    '    at CountryModel.create (/Users/teajhaney/Desktop/Acode/2025/Project/backend/HNG/country-currency-exchange/src/models/country.model.ts:26:37)\n' +
    '    at CountryService.refreshCountries (/Users/teajhaney/Desktop/Acode/2025/Project/backend/HNG/country-currency-exchange/src/services/country.service.ts:29:30)\n' +
    '    at processTicksAndRejections (node:internal/process/task_queues:105:5)\n' +
    '    at async refreshCountries (/Users/teajhaney/Desktop/Acode/2025/Project/backend/HNG/country-currency-exchange/src/controllers/country.controller.ts:13:22)',
  timestamp: '2025-10-24T20:43:32.841Z'
}
{
  service: 'country-currency-exchange',
  message: "Duplicate entry 'Seychelles' for key 'countries.name'",
  code: 'ER_DUP_ENTRY',
  errno: 1062,
  sql: '\n' +
    '        INSERT INTO countries (\n' +
    '          name, capital, region, population, currency_code, \n' +
    '          exchange_rate, estimated_gdp, flag_url\n' +
    '        ) VALUES (?, ?, ?, ?, ?, ?, ?, ?)\n' +
    '      ',
  sqlState: '23000',
  sqlMessage: "Duplicate entry 'Seychelles' for key 'countries.name'",
  level: 'error',
  stack: "Error: Duplicate entry 'Seychelles' for key 'countries.name'\n" +
    '    at PromisePool.execute (/Users/teajhaney/Desktop/Acode/2025/Project/backend/HNG/country-currency-exchange/node_modules/mysql2/lib/promise/pool.js:54:22)\n' +
    '    at DatabaseService.execute (/Users/teajhaney/Desktop/Acode/2025/Project/backend/HNG/country-currency-exchange/src/common/config/database.ts:29:40)\n' +
    '    at CountryModel.create (/Users/teajhaney/Desktop/Acode/2025/Project/backend/HNG/country-currency-exchange/src/models/country.model.ts:26:37)\n' +
    '    at CountryService.refreshCountries (/Users/teajhaney/Desktop/Acode/2025/Project/backend/HNG/country-currency-exchange/src/services/country.service.ts:29:30)\n' +
    '    at processTicksAndRejections (node:internal/process/task_queues:105:5)\n' +
    '    at async refreshCountries (/Users/teajhaney/Desktop/Acode/2025/Project/backend/HNG/country-currency-exchange/src/controllers/country.controller.ts:13:22)',
  timestamp: '2025-10-24T20:43:33.308Z'
}
{
  service: 'country-currency-exchange',
  message: "Duplicate entry 'Seychelles' for key 'countries.name'",
  code: 'ER_DUP_ENTRY',
  errno: 1062,
  sql: '\n' +
    '        INSERT INTO countries (\n' +
    '          name, capital, region, population, currency_code, \n' +
    '          exchange_rate, estimated_gdp, flag_url\n' +
    '        ) VALUES (?, ?, ?, ?, ?, ?, ?, ?)\n' +
    '      ',
  sqlState: '23000',
  sqlMessage: "Duplicate entry 'Seychelles' for key 'countries.name'",
  level: 'error',
  stack: "Error: Duplicate entry 'Seychelles' for key 'countries.name'\n" +
    '    at PromisePool.execute (/Users/teajhaney/Desktop/Acode/2025/Project/backend/HNG/country-currency-exchange/node_modules/mysql2/lib/promise/pool.js:54:22)\n' +
    '    at DatabaseService.execute (/Users/teajhaney/Desktop/Acode/2025/Project/backend/HNG/country-currency-exchange/src/common/config/database.ts:29:40)\n' +
    '    at CountryModel.create (/Users/teajhaney/Desktop/Acode/2025/Project/backend/HNG/country-currency-exchange/src/models/country.model.ts:26:37)\n' +
    '    at CountryService.refreshCountries (/Users/teajhaney/Desktop/Acode/2025/Project/backend/HNG/country-currency-exchange/src/services/country.service.ts:29:30)\n' +
    '    at processTicksAndRejections (node:internal/process/task_queues:105:5)\n' +
    '    at async refreshCountries (/Users/teajhaney/Desktop/Acode/2025/Project/backend/HNG/country-currency-exchange/src/controllers/country.controller.ts:13:22)',
  timestamp: '2025-10-24T20:43:33.308Z'
}
{
  service: 'country-currency-exchange',
  message: "Duplicate entry 'Seychelles' for key 'countries.name'",
  code: 'ER_DUP_ENTRY',
  errno: 1062,
  sql: '\n' +
    '        INSERT INTO countries (\n' +
    '          name, capital, region, population, currency_code, \n' +
    '          exchange_rate, estimated_gdp, flag_url\n' +
    '        ) VALUES (?, ?, ?, ?, ?, ?, ?, ?)\n' +
    '      ',
  sqlState: '23000',
  sqlMessage: "Duplicate entry 'Seychelles' for key 'countries.name'",
  level: 'warn',
  stack: "Error: Duplicate entry 'Seychelles' for key 'countries.name'\n" +
    '    at PromisePool.execute (/Users/teajhaney/Desktop/Acode/2025/Project/backend/HNG/country-currency-exchange/node_modules/mysql2/lib/promise/pool.js:54:22)\n' +
    '    at DatabaseService.execute (/Users/teajhaney/Desktop/Acode/2025/Project/backend/HNG/country-currency-exchange/src/common/config/database.ts:29:40)\n' +
    '    at CountryModel.create (/Users/teajhaney/Desktop/Acode/2025/Project/backend/HNG/country-currency-exchange/src/models/country.model.ts:26:37)\n' +
    '    at CountryService.refreshCountries (/Users/teajhaney/Desktop/Acode/2025/Project/backend/HNG/country-currency-exchange/src/services/country.service.ts:29:30)\n' +
    '    at processTicksAndRejections (node:internal/process/task_queues:105:5)\n' +
    '    at async refreshCountries (/Users/teajhaney/Desktop/Acode/2025/Project/backend/HNG/country-currency-exchange/src/controllers/country.controller.ts:13:22)',
  timestamp: '2025-10-24T20:43:33.309Z'
}
{
  service: 'country-currency-exchange',
  message: "Duplicate entry 'Sierra Leone' for key 'countries.name'",
  code: 'ER_DUP_ENTRY',
  errno: 1062,
  sql: '\n' +
    '        INSERT INTO countries (\n' +
    '          name, capital, region, population, currency_code, \n' +
    '          exchange_rate, estimated_gdp, flag_url\n' +
    '        ) VALUES (?, ?, ?, ?, ?, ?, ?, ?)\n' +
    '      ',
  sqlState: '23000',
  sqlMessage: "Duplicate entry 'Sierra Leone' for key 'countries.name'",
  level: 'error',
  stack: "Error: Duplicate entry 'Sierra Leone' for key 'countries.name'\n" +
    '    at PromisePool.execute (/Users/teajhaney/Desktop/Acode/2025/Project/backend/HNG/country-currency-exchange/node_modules/mysql2/lib/promise/pool.js:54:22)\n' +
    '    at DatabaseService.execute (/Users/teajhaney/Desktop/Acode/2025/Project/backend/HNG/country-currency-exchange/src/common/config/database.ts:29:40)\n' +
    '    at CountryModel.create (/Users/teajhaney/Desktop/Acode/2025/Project/backend/HNG/country-currency-exchange/src/models/country.model.ts:26:37)\n' +
    '    at CountryService.refreshCountries (/Users/teajhaney/Desktop/Acode/2025/Project/backend/HNG/country-currency-exchange/src/services/country.service.ts:29:30)\n' +
    '    at processTicksAndRejections (node:internal/process/task_queues:105:5)\n' +
    '    at async refreshCountries (/Users/teajhaney/Desktop/Acode/2025/Project/backend/HNG/country-currency-exchange/src/controllers/country.controller.ts:13:22)',
  timestamp: '2025-10-24T20:43:33.803Z'
}
{
  service: 'country-currency-exchange',
  message: "Duplicate entry 'Sierra Leone' for key 'countries.name'",
  code: 'ER_DUP_ENTRY',
  errno: 1062,
  sql: '\n' +
    '        INSERT INTO countries (\n' +
    '          name, capital, region, population, currency_code, \n' +
    '          exchange_rate, estimated_gdp, flag_url\n' +
    '        ) VALUES (?, ?, ?, ?, ?, ?, ?, ?)\n' +
    '      ',
  sqlState: '23000',
  sqlMessage: "Duplicate entry 'Sierra Leone' for key 'countries.name'",
  level: 'error',
  stack: "Error: Duplicate entry 'Sierra Leone' for key 'countries.name'\n" +
    '    at PromisePool.execute (/Users/teajhaney/Desktop/Acode/2025/Project/backend/HNG/country-currency-exchange/node_modules/mysql2/lib/promise/pool.js:54:22)\n' +
    '    at DatabaseService.execute (/Users/teajhaney/Desktop/Acode/2025/Project/backend/HNG/country-currency-exchange/src/common/config/database.ts:29:40)\n' +
    '    at CountryModel.create (/Users/teajhaney/Desktop/Acode/2025/Project/backend/HNG/country-currency-exchange/src/models/country.model.ts:26:37)\n' +
    '    at CountryService.refreshCountries (/Users/teajhaney/Desktop/Acode/2025/Project/backend/HNG/country-currency-exchange/src/services/country.service.ts:29:30)\n' +
    '    at processTicksAndRejections (node:internal/process/task_queues:105:5)\n' +
    '    at async refreshCountries (/Users/teajhaney/Desktop/Acode/2025/Project/backend/HNG/country-currency-exchange/src/controllers/country.controller.ts:13:22)',
  timestamp: '2025-10-24T20:43:33.804Z'
}
{
  service: 'country-currency-exchange',
  message: "Duplicate entry 'Sierra Leone' for key 'countries.name'",
  code: 'ER_DUP_ENTRY',
  errno: 1062,
  sql: '\n' +
    '        INSERT INTO countries (\n' +
    '          name, capital, region, population, currency_code, \n' +
    '          exchange_rate, estimated_gdp, flag_url\n' +
    '        ) VALUES (?, ?, ?, ?, ?, ?, ?, ?)\n' +
    '      ',
  sqlState: '23000',
  sqlMessage: "Duplicate entry 'Sierra Leone' for key 'countries.name'",
  level: 'warn',
  stack: "Error: Duplicate entry 'Sierra Leone' for key 'countries.name'\n" +
    '    at PromisePool.execute (/Users/teajhaney/Desktop/Acode/2025/Project/backend/HNG/country-currency-exchange/node_modules/mysql2/lib/promise/pool.js:54:22)\n' +
    '    at DatabaseService.execute (/Users/teajhaney/Desktop/Acode/2025/Project/backend/HNG/country-currency-exchange/src/common/config/database.ts:29:40)\n' +
    '    at CountryModel.create (/Users/teajhaney/Desktop/Acode/2025/Project/backend/HNG/country-currency-exchange/src/models/country.model.ts:26:37)\n' +
    '    at CountryService.refreshCountries (/Users/teajhaney/Desktop/Acode/2025/Project/backend/HNG/country-currency-exchange/src/services/country.service.ts:29:30)\n' +
    '    at processTicksAndRejections (node:internal/process/task_queues:105:5)\n' +
    '    at async refreshCountries (/Users/teajhaney/Desktop/Acode/2025/Project/backend/HNG/country-currency-exchange/src/controllers/country.controller.ts:13:22)',
  timestamp: '2025-10-24T20:43:33.804Z'
}
{
  service: 'country-currency-exchange',
  message: "Duplicate entry 'Singapore' for key 'countries.name'",
  code: 'ER_DUP_ENTRY',
  errno: 1062,
  sql: '\n' +
    '        INSERT INTO countries (\n' +
    '          name, capital, region, population, currency_code, \n' +
    '          exchange_rate, estimated_gdp, flag_url\n' +
    '        ) VALUES (?, ?, ?, ?, ?, ?, ?, ?)\n' +
    '      ',
  sqlState: '23000',
  sqlMessage: "Duplicate entry 'Singapore' for key 'countries.name'",
  level: 'error',
  stack: "Error: Duplicate entry 'Singapore' for key 'countries.name'\n" +
    '    at PromisePool.execute (/Users/teajhaney/Desktop/Acode/2025/Project/backend/HNG/country-currency-exchange/node_modules/mysql2/lib/promise/pool.js:54:22)\n' +
    '    at DatabaseService.execute (/Users/teajhaney/Desktop/Acode/2025/Project/backend/HNG/country-currency-exchange/src/common/config/database.ts:29:40)\n' +
    '    at CountryModel.create (/Users/teajhaney/Desktop/Acode/2025/Project/backend/HNG/country-currency-exchange/src/models/country.model.ts:26:37)\n' +
    '    at CountryService.refreshCountries (/Users/teajhaney/Desktop/Acode/2025/Project/backend/HNG/country-currency-exchange/src/services/country.service.ts:29:30)\n' +
    '    at processTicksAndRejections (node:internal/process/task_queues:105:5)\n' +
    '    at async refreshCountries (/Users/teajhaney/Desktop/Acode/2025/Project/backend/HNG/country-currency-exchange/src/controllers/country.controller.ts:13:22)',
  timestamp: '2025-10-24T20:43:34.270Z'
}
{
  service: 'country-currency-exchange',
  message: "Duplicate entry 'Singapore' for key 'countries.name'",
  code: 'ER_DUP_ENTRY',
  errno: 1062,
  sql: '\n' +
    '        INSERT INTO countries (\n' +
    '          name, capital, region, population, currency_code, \n' +
    '          exchange_rate, estimated_gdp, flag_url\n' +
    '        ) VALUES (?, ?, ?, ?, ?, ?, ?, ?)\n' +
    '      ',
  sqlState: '23000',
  sqlMessage: "Duplicate entry 'Singapore' for key 'countries.name'",
  level: 'error',
  stack: "Error: Duplicate entry 'Singapore' for key 'countries.name'\n" +
    '    at PromisePool.execute (/Users/teajhaney/Desktop/Acode/2025/Project/backend/HNG/country-currency-exchange/node_modules/mysql2/lib/promise/pool.js:54:22)\n' +
    '    at DatabaseService.execute (/Users/teajhaney/Desktop/Acode/2025/Project/backend/HNG/country-currency-exchange/src/common/config/database.ts:29:40)\n' +
    '    at CountryModel.create (/Users/teajhaney/Desktop/Acode/2025/Project/backend/HNG/country-currency-exchange/src/models/country.model.ts:26:37)\n' +
    '    at CountryService.refreshCountries (/Users/teajhaney/Desktop/Acode/2025/Project/backend/HNG/country-currency-exchange/src/services/country.service.ts:29:30)\n' +
    '    at processTicksAndRejections (node:internal/process/task_queues:105:5)\n' +
    '    at async refreshCountries (/Users/teajhaney/Desktop/Acode/2025/Project/backend/HNG/country-currency-exchange/src/controllers/country.controller.ts:13:22)',
  timestamp: '2025-10-24T20:43:34.270Z'
}
{
  service: 'country-currency-exchange',
  message: "Duplicate entry 'Singapore' for key 'countries.name'",
  code: 'ER_DUP_ENTRY',
  errno: 1062,
  sql: '\n' +
    '        INSERT INTO countries (\n' +
    '          name, capital, region, population, currency_code, \n' +
    '          exchange_rate, estimated_gdp, flag_url\n' +
    '        ) VALUES (?, ?, ?, ?, ?, ?, ?, ?)\n' +
    '      ',
  sqlState: '23000',
  sqlMessage: "Duplicate entry 'Singapore' for key 'countries.name'",
  level: 'warn',
  stack: "Error: Duplicate entry 'Singapore' for key 'countries.name'\n" +
    '    at PromisePool.execute (/Users/teajhaney/Desktop/Acode/2025/Project/backend/HNG/country-currency-exchange/node_modules/mysql2/lib/promise/pool.js:54:22)\n' +
    '    at DatabaseService.execute (/Users/teajhaney/Desktop/Acode/2025/Project/backend/HNG/country-currency-exchange/src/common/config/database.ts:29:40)\n' +
    '    at CountryModel.create (/Users/teajhaney/Desktop/Acode/2025/Project/backend/HNG/country-currency-exchange/src/models/country.model.ts:26:37)\n' +
    '    at CountryService.refreshCountries (/Users/teajhaney/Desktop/Acode/2025/Project/backend/HNG/country-currency-exchange/src/services/country.service.ts:29:30)\n' +
    '    at processTicksAndRejections (node:internal/process/task_queues:105:5)\n' +
    '    at async refreshCountries (/Users/teajhaney/Desktop/Acode/2025/Project/backend/HNG/country-currency-exchange/src/controllers/country.controller.ts:13:22)',
  timestamp: '2025-10-24T20:43:34.270Z'
}
{
  service: 'country-currency-exchange',
  message: "Duplicate entry 'Sint Maarten (Dutch part)' for key 'countries.name'",
  code: 'ER_DUP_ENTRY',
  errno: 1062,
  sql: '\n' +
    '        INSERT INTO countries (\n' +
    '          name, capital, region, population, currency_code, \n' +
    '          exchange_rate, estimated_gdp, flag_url\n' +
    '        ) VALUES (?, ?, ?, ?, ?, ?, ?, ?)\n' +
    '      ',
  sqlState: '23000',
  sqlMessage: "Duplicate entry 'Sint Maarten (Dutch part)' for key 'countries.name'",
  level: 'error',
  stack: "Error: Duplicate entry 'Sint Maarten (Dutch part)' for key 'countries.name'\n" +
    '    at PromisePool.execute (/Users/teajhaney/Desktop/Acode/2025/Project/backend/HNG/country-currency-exchange/node_modules/mysql2/lib/promise/pool.js:54:22)\n' +
    '    at DatabaseService.execute (/Users/teajhaney/Desktop/Acode/2025/Project/backend/HNG/country-currency-exchange/src/common/config/database.ts:29:40)\n' +
    '    at CountryModel.create (/Users/teajhaney/Desktop/Acode/2025/Project/backend/HNG/country-currency-exchange/src/models/country.model.ts:26:37)\n' +
    '    at CountryService.refreshCountries (/Users/teajhaney/Desktop/Acode/2025/Project/backend/HNG/country-currency-exchange/src/services/country.service.ts:29:30)\n' +
    '    at processTicksAndRejections (node:internal/process/task_queues:105:5)\n' +
    '    at async refreshCountries (/Users/teajhaney/Desktop/Acode/2025/Project/backend/HNG/country-currency-exchange/src/controllers/country.controller.ts:13:22)',
  timestamp: '2025-10-24T20:43:34.751Z'
}
{
  service: 'country-currency-exchange',
  message: "Duplicate entry 'Sint Maarten (Dutch part)' for key 'countries.name'",
  code: 'ER_DUP_ENTRY',
  errno: 1062,
  sql: '\n' +
    '        INSERT INTO countries (\n' +
    '          name, capital, region, population, currency_code, \n' +
    '          exchange_rate, estimated_gdp, flag_url\n' +
    '        ) VALUES (?, ?, ?, ?, ?, ?, ?, ?)\n' +
    '      ',
  sqlState: '23000',
  sqlMessage: "Duplicate entry 'Sint Maarten (Dutch part)' for key 'countries.name'",
  level: 'error',
  stack: "Error: Duplicate entry 'Sint Maarten (Dutch part)' for key 'countries.name'\n" +
    '    at PromisePool.execute (/Users/teajhaney/Desktop/Acode/2025/Project/backend/HNG/country-currency-exchange/node_modules/mysql2/lib/promise/pool.js:54:22)\n' +
    '    at DatabaseService.execute (/Users/teajhaney/Desktop/Acode/2025/Project/backend/HNG/country-currency-exchange/src/common/config/database.ts:29:40)\n' +
    '    at CountryModel.create (/Users/teajhaney/Desktop/Acode/2025/Project/backend/HNG/country-currency-exchange/src/models/country.model.ts:26:37)\n' +
    '    at CountryService.refreshCountries (/Users/teajhaney/Desktop/Acode/2025/Project/backend/HNG/country-currency-exchange/src/services/country.service.ts:29:30)\n' +
    '    at processTicksAndRejections (node:internal/process/task_queues:105:5)\n' +
    '    at async refreshCountries (/Users/teajhaney/Desktop/Acode/2025/Project/backend/HNG/country-currency-exchange/src/controllers/country.controller.ts:13:22)',
  timestamp: '2025-10-24T20:43:34.752Z'
}
{
  service: 'country-currency-exchange',
  message: "Duplicate entry 'Sint Maarten (Dutch part)' for key 'countries.name'",
  code: 'ER_DUP_ENTRY',
  errno: 1062,
  sql: '\n' +
    '        INSERT INTO countries (\n' +
    '          name, capital, region, population, currency_code, \n' +
    '          exchange_rate, estimated_gdp, flag_url\n' +
    '        ) VALUES (?, ?, ?, ?, ?, ?, ?, ?)\n' +
    '      ',
  sqlState: '23000',
  sqlMessage: "Duplicate entry 'Sint Maarten (Dutch part)' for key 'countries.name'",
  level: 'warn',
  stack: "Error: Duplicate entry 'Sint Maarten (Dutch part)' for key 'countries.name'\n" +
    '    at PromisePool.execute (/Users/teajhaney/Desktop/Acode/2025/Project/backend/HNG/country-currency-exchange/node_modules/mysql2/lib/promise/pool.js:54:22)\n' +
    '    at DatabaseService.execute (/Users/teajhaney/Desktop/Acode/2025/Project/backend/HNG/country-currency-exchange/src/common/config/database.ts:29:40)\n' +
    '    at CountryModel.create (/Users/teajhaney/Desktop/Acode/2025/Project/backend/HNG/country-currency-exchange/src/models/country.model.ts:26:37)\n' +
    '    at CountryService.refreshCountries (/Users/teajhaney/Desktop/Acode/2025/Project/backend/HNG/country-currency-exchange/src/services/country.service.ts:29:30)\n' +
    '    at processTicksAndRejections (node:internal/process/task_queues:105:5)\n' +
    '    at async refreshCountries (/Users/teajhaney/Desktop/Acode/2025/Project/backend/HNG/country-currency-exchange/src/controllers/country.controller.ts:13:22)',
  timestamp: '2025-10-24T20:43:34.752Z'
}
{
  service: 'country-currency-exchange',
  message: "Duplicate entry 'Slovakia' for key 'countries.name'",
  code: 'ER_DUP_ENTRY',
  errno: 1062,
  sql: '\n' +
    '        INSERT INTO countries (\n' +
    '          name, capital, region, population, currency_code, \n' +
    '          exchange_rate, estimated_gdp, flag_url\n' +
    '        ) VALUES (?, ?, ?, ?, ?, ?, ?, ?)\n' +
    '      ',
  sqlState: '23000',
  sqlMessage: "Duplicate entry 'Slovakia' for key 'countries.name'",
  level: 'error',
  stack: "Error: Duplicate entry 'Slovakia' for key 'countries.name'\n" +
    '    at PromisePool.execute (/Users/teajhaney/Desktop/Acode/2025/Project/backend/HNG/country-currency-exchange/node_modules/mysql2/lib/promise/pool.js:54:22)\n' +
    '    at DatabaseService.execute (/Users/teajhaney/Desktop/Acode/2025/Project/backend/HNG/country-currency-exchange/src/common/config/database.ts:29:40)\n' +
    '    at CountryModel.create (/Users/teajhaney/Desktop/Acode/2025/Project/backend/HNG/country-currency-exchange/src/models/country.model.ts:26:37)\n' +
    '    at CountryService.refreshCountries (/Users/teajhaney/Desktop/Acode/2025/Project/backend/HNG/country-currency-exchange/src/services/country.service.ts:29:30)\n' +
    '    at processTicksAndRejections (node:internal/process/task_queues:105:5)\n' +
    '    at async refreshCountries (/Users/teajhaney/Desktop/Acode/2025/Project/backend/HNG/country-currency-exchange/src/controllers/country.controller.ts:13:22)',
  timestamp: '2025-10-24T20:43:35.947Z'
}
{
  service: 'country-currency-exchange',
  message: "Duplicate entry 'Slovakia' for key 'countries.name'",
  code: 'ER_DUP_ENTRY',
  errno: 1062,
  sql: '\n' +
    '        INSERT INTO countries (\n' +
    '          name, capital, region, population, currency_code, \n' +
    '          exchange_rate, estimated_gdp, flag_url\n' +
    '        ) VALUES (?, ?, ?, ?, ?, ?, ?, ?)\n' +
    '      ',
  sqlState: '23000',
  sqlMessage: "Duplicate entry 'Slovakia' for key 'countries.name'",
  level: 'error',
  stack: "Error: Duplicate entry 'Slovakia' for key 'countries.name'\n" +
    '    at PromisePool.execute (/Users/teajhaney/Desktop/Acode/2025/Project/backend/HNG/country-currency-exchange/node_modules/mysql2/lib/promise/pool.js:54:22)\n' +
    '    at DatabaseService.execute (/Users/teajhaney/Desktop/Acode/2025/Project/backend/HNG/country-currency-exchange/src/common/config/database.ts:29:40)\n' +
    '    at CountryModel.create (/Users/teajhaney/Desktop/Acode/2025/Project/backend/HNG/country-currency-exchange/src/models/country.model.ts:26:37)\n' +
    '    at CountryService.refreshCountries (/Users/teajhaney/Desktop/Acode/2025/Project/backend/HNG/country-currency-exchange/src/services/country.service.ts:29:30)\n' +
    '    at processTicksAndRejections (node:internal/process/task_queues:105:5)\n' +
    '    at async refreshCountries (/Users/teajhaney/Desktop/Acode/2025/Project/backend/HNG/country-currency-exchange/src/controllers/country.controller.ts:13:22)',
  timestamp: '2025-10-24T20:43:35.947Z'
}
{
  service: 'country-currency-exchange',
  message: "Duplicate entry 'Slovakia' for key 'countries.name'",
  code: 'ER_DUP_ENTRY',
  errno: 1062,
  sql: '\n' +
    '        INSERT INTO countries (\n' +
    '          name, capital, region, population, currency_code, \n' +
    '          exchange_rate, estimated_gdp, flag_url\n' +
    '        ) VALUES (?, ?, ?, ?, ?, ?, ?, ?)\n' +
    '      ',
  sqlState: '23000',
  sqlMessage: "Duplicate entry 'Slovakia' for key 'countries.name'",
  level: 'warn',
  stack: "Error: Duplicate entry 'Slovakia' for key 'countries.name'\n" +
    '    at PromisePool.execute (/Users/teajhaney/Desktop/Acode/2025/Project/backend/HNG/country-currency-exchange/node_modules/mysql2/lib/promise/pool.js:54:22)\n' +
    '    at DatabaseService.execute (/Users/teajhaney/Desktop/Acode/2025/Project/backend/HNG/country-currency-exchange/src/common/config/database.ts:29:40)\n' +
    '    at CountryModel.create (/Users/teajhaney/Desktop/Acode/2025/Project/backend/HNG/country-currency-exchange/src/models/country.model.ts:26:37)\n' +
    '    at CountryService.refreshCountries (/Users/teajhaney/Desktop/Acode/2025/Project/backend/HNG/country-currency-exchange/src/services/country.service.ts:29:30)\n' +
    '    at processTicksAndRejections (node:internal/process/task_queues:105:5)\n' +
    '    at async refreshCountries (/Users/teajhaney/Desktop/Acode/2025/Project/backend/HNG/country-currency-exchange/src/controllers/country.controller.ts:13:22)',
  timestamp: '2025-10-24T20:43:35.948Z'
}
{
  service: 'country-currency-exchange',
  message: "Duplicate entry 'Slovenia' for key 'countries.name'",
  code: 'ER_DUP_ENTRY',
  errno: 1062,
  sql: '\n' +
    '        INSERT INTO countries (\n' +
    '          name, capital, region, population, currency_code, \n' +
    '          exchange_rate, estimated_gdp, flag_url\n' +
    '        ) VALUES (?, ?, ?, ?, ?, ?, ?, ?)\n' +
    '      ',
  sqlState: '23000',
  sqlMessage: "Duplicate entry 'Slovenia' for key 'countries.name'",
  level: 'error',
  stack: "Error: Duplicate entry 'Slovenia' for key 'countries.name'\n" +
    '    at PromisePool.execute (/Users/teajhaney/Desktop/Acode/2025/Project/backend/HNG/country-currency-exchange/node_modules/mysql2/lib/promise/pool.js:54:22)\n' +
    '    at DatabaseService.execute (/Users/teajhaney/Desktop/Acode/2025/Project/backend/HNG/country-currency-exchange/src/common/config/database.ts:29:40)\n' +
    '    at CountryModel.create (/Users/teajhaney/Desktop/Acode/2025/Project/backend/HNG/country-currency-exchange/src/models/country.model.ts:26:37)\n' +
    '    at CountryService.refreshCountries (/Users/teajhaney/Desktop/Acode/2025/Project/backend/HNG/country-currency-exchange/src/services/country.service.ts:29:30)\n' +
    '    at processTicksAndRejections (node:internal/process/task_queues:105:5)\n' +
    '    at async refreshCountries (/Users/teajhaney/Desktop/Acode/2025/Project/backend/HNG/country-currency-exchange/src/controllers/country.controller.ts:13:22)',
  timestamp: '2025-10-24T20:43:36.436Z'
}
{
  service: 'country-currency-exchange',
  message: "Duplicate entry 'Slovenia' for key 'countries.name'",
  code: 'ER_DUP_ENTRY',
  errno: 1062,
  sql: '\n' +
    '        INSERT INTO countries (\n' +
    '          name, capital, region, population, currency_code, \n' +
    '          exchange_rate, estimated_gdp, flag_url\n' +
    '        ) VALUES (?, ?, ?, ?, ?, ?, ?, ?)\n' +
    '      ',
  sqlState: '23000',
  sqlMessage: "Duplicate entry 'Slovenia' for key 'countries.name'",
  level: 'error',
  stack: "Error: Duplicate entry 'Slovenia' for key 'countries.name'\n" +
    '    at PromisePool.execute (/Users/teajhaney/Desktop/Acode/2025/Project/backend/HNG/country-currency-exchange/node_modules/mysql2/lib/promise/pool.js:54:22)\n' +
    '    at DatabaseService.execute (/Users/teajhaney/Desktop/Acode/2025/Project/backend/HNG/country-currency-exchange/src/common/config/database.ts:29:40)\n' +
    '    at CountryModel.create (/Users/teajhaney/Desktop/Acode/2025/Project/backend/HNG/country-currency-exchange/src/models/country.model.ts:26:37)\n' +
    '    at CountryService.refreshCountries (/Users/teajhaney/Desktop/Acode/2025/Project/backend/HNG/country-currency-exchange/src/services/country.service.ts:29:30)\n' +
    '    at processTicksAndRejections (node:internal/process/task_queues:105:5)\n' +
    '    at async refreshCountries (/Users/teajhaney/Desktop/Acode/2025/Project/backend/HNG/country-currency-exchange/src/controllers/country.controller.ts:13:22)',
  timestamp: '2025-10-24T20:43:36.437Z'
}
{
  service: 'country-currency-exchange',
  message: "Duplicate entry 'Slovenia' for key 'countries.name'",
  code: 'ER_DUP_ENTRY',
  errno: 1062,
  sql: '\n' +
    '        INSERT INTO countries (\n' +
    '          name, capital, region, population, currency_code, \n' +
    '          exchange_rate, estimated_gdp, flag_url\n' +
    '        ) VALUES (?, ?, ?, ?, ?, ?, ?, ?)\n' +
    '      ',
  sqlState: '23000',
  sqlMessage: "Duplicate entry 'Slovenia' for key 'countries.name'",
  level: 'warn',
  stack: "Error: Duplicate entry 'Slovenia' for key 'countries.name'\n" +
    '    at PromisePool.execute (/Users/teajhaney/Desktop/Acode/2025/Project/backend/HNG/country-currency-exchange/node_modules/mysql2/lib/promise/pool.js:54:22)\n' +
    '    at DatabaseService.execute (/Users/teajhaney/Desktop/Acode/2025/Project/backend/HNG/country-currency-exchange/src/common/config/database.ts:29:40)\n' +
    '    at CountryModel.create (/Users/teajhaney/Desktop/Acode/2025/Project/backend/HNG/country-currency-exchange/src/models/country.model.ts:26:37)\n' +
    '    at CountryService.refreshCountries (/Users/teajhaney/Desktop/Acode/2025/Project/backend/HNG/country-currency-exchange/src/services/country.service.ts:29:30)\n' +
    '    at processTicksAndRejections (node:internal/process/task_queues:105:5)\n' +
    '    at async refreshCountries (/Users/teajhaney/Desktop/Acode/2025/Project/backend/HNG/country-currency-exchange/src/controllers/country.controller.ts:13:22)',
  timestamp: '2025-10-24T20:43:36.438Z'
}
{
  service: 'country-currency-exchange',
  message: "Duplicate entry 'Solomon Islands' for key 'countries.name'",
  code: 'ER_DUP_ENTRY',
  errno: 1062,
  sql: '\n' +
    '        INSERT INTO countries (\n' +
    '          name, capital, region, population, currency_code, \n' +
    '          exchange_rate, estimated_gdp, flag_url\n' +
    '        ) VALUES (?, ?, ?, ?, ?, ?, ?, ?)\n' +
    '      ',
  sqlState: '23000',
  sqlMessage: "Duplicate entry 'Solomon Islands' for key 'countries.name'",
  level: 'error',
  stack: "Error: Duplicate entry 'Solomon Islands' for key 'countries.name'\n" +
    '    at PromisePool.execute (/Users/teajhaney/Desktop/Acode/2025/Project/backend/HNG/country-currency-exchange/node_modules/mysql2/lib/promise/pool.js:54:22)\n' +
    '    at DatabaseService.execute (/Users/teajhaney/Desktop/Acode/2025/Project/backend/HNG/country-currency-exchange/src/common/config/database.ts:29:40)\n' +
    '    at CountryModel.create (/Users/teajhaney/Desktop/Acode/2025/Project/backend/HNG/country-currency-exchange/src/models/country.model.ts:26:37)\n' +
    '    at CountryService.refreshCountries (/Users/teajhaney/Desktop/Acode/2025/Project/backend/HNG/country-currency-exchange/src/services/country.service.ts:29:30)\n' +
    '    at processTicksAndRejections (node:internal/process/task_queues:105:5)\n' +
    '    at async refreshCountries (/Users/teajhaney/Desktop/Acode/2025/Project/backend/HNG/country-currency-exchange/src/controllers/country.controller.ts:13:22)',
  timestamp: '2025-10-24T20:43:38.379Z'
}
{
  service: 'country-currency-exchange',
  message: "Duplicate entry 'Solomon Islands' for key 'countries.name'",
  code: 'ER_DUP_ENTRY',
  errno: 1062,
  sql: '\n' +
    '        INSERT INTO countries (\n' +
    '          name, capital, region, population, currency_code, \n' +
    '          exchange_rate, estimated_gdp, flag_url\n' +
    '        ) VALUES (?, ?, ?, ?, ?, ?, ?, ?)\n' +
    '      ',
  sqlState: '23000',
  sqlMessage: "Duplicate entry 'Solomon Islands' for key 'countries.name'",
  level: 'error',
  stack: "Error: Duplicate entry 'Solomon Islands' for key 'countries.name'\n" +
    '    at PromisePool.execute (/Users/teajhaney/Desktop/Acode/2025/Project/backend/HNG/country-currency-exchange/node_modules/mysql2/lib/promise/pool.js:54:22)\n' +
    '    at DatabaseService.execute (/Users/teajhaney/Desktop/Acode/2025/Project/backend/HNG/country-currency-exchange/src/common/config/database.ts:29:40)\n' +
    '    at CountryModel.create (/Users/teajhaney/Desktop/Acode/2025/Project/backend/HNG/country-currency-exchange/src/models/country.model.ts:26:37)\n' +
    '    at CountryService.refreshCountries (/Users/teajhaney/Desktop/Acode/2025/Project/backend/HNG/country-currency-exchange/src/services/country.service.ts:29:30)\n' +
    '    at processTicksAndRejections (node:internal/process/task_queues:105:5)\n' +
    '    at async refreshCountries (/Users/teajhaney/Desktop/Acode/2025/Project/backend/HNG/country-currency-exchange/src/controllers/country.controller.ts:13:22)',
  timestamp: '2025-10-24T20:43:38.380Z'
}
{
  service: 'country-currency-exchange',
  message: "Duplicate entry 'Solomon Islands' for key 'countries.name'",
  code: 'ER_DUP_ENTRY',
  errno: 1062,
  sql: '\n' +
    '        INSERT INTO countries (\n' +
    '          name, capital, region, population, currency_code, \n' +
    '          exchange_rate, estimated_gdp, flag_url\n' +
    '        ) VALUES (?, ?, ?, ?, ?, ?, ?, ?)\n' +
    '      ',
  sqlState: '23000',
  sqlMessage: "Duplicate entry 'Solomon Islands' for key 'countries.name'",
  level: 'warn',
  stack: "Error: Duplicate entry 'Solomon Islands' for key 'countries.name'\n" +
    '    at PromisePool.execute (/Users/teajhaney/Desktop/Acode/2025/Project/backend/HNG/country-currency-exchange/node_modules/mysql2/lib/promise/pool.js:54:22)\n' +
    '    at DatabaseService.execute (/Users/teajhaney/Desktop/Acode/2025/Project/backend/HNG/country-currency-exchange/src/common/config/database.ts:29:40)\n' +
    '    at CountryModel.create (/Users/teajhaney/Desktop/Acode/2025/Project/backend/HNG/country-currency-exchange/src/models/country.model.ts:26:37)\n' +
    '    at CountryService.refreshCountries (/Users/teajhaney/Desktop/Acode/2025/Project/backend/HNG/country-currency-exchange/src/services/country.service.ts:29:30)\n' +
    '    at processTicksAndRejections (node:internal/process/task_queues:105:5)\n' +
    '    at async refreshCountries (/Users/teajhaney/Desktop/Acode/2025/Project/backend/HNG/country-currency-exchange/src/controllers/country.controller.ts:13:22)',
  timestamp: '2025-10-24T20:43:38.380Z'
}
{
  service: 'country-currency-exchange',
  message: "Duplicate entry 'Somalia' for key 'countries.name'",
  code: 'ER_DUP_ENTRY',
  errno: 1062,
  sql: '\n' +
    '        INSERT INTO countries (\n' +
    '          name, capital, region, population, currency_code, \n' +
    '          exchange_rate, estimated_gdp, flag_url\n' +
    '        ) VALUES (?, ?, ?, ?, ?, ?, ?, ?)\n' +
    '      ',
  sqlState: '23000',
  sqlMessage: "Duplicate entry 'Somalia' for key 'countries.name'",
  level: 'error',
  stack: "Error: Duplicate entry 'Somalia' for key 'countries.name'\n" +
    '    at PromisePool.execute (/Users/teajhaney/Desktop/Acode/2025/Project/backend/HNG/country-currency-exchange/node_modules/mysql2/lib/promise/pool.js:54:22)\n' +
    '    at DatabaseService.execute (/Users/teajhaney/Desktop/Acode/2025/Project/backend/HNG/country-currency-exchange/src/common/config/database.ts:29:40)\n' +
    '    at CountryModel.create (/Users/teajhaney/Desktop/Acode/2025/Project/backend/HNG/country-currency-exchange/src/models/country.model.ts:26:37)\n' +
    '    at CountryService.refreshCountries (/Users/teajhaney/Desktop/Acode/2025/Project/backend/HNG/country-currency-exchange/src/services/country.service.ts:29:30)\n' +
    '    at processTicksAndRejections (node:internal/process/task_queues:105:5)\n' +
    '    at async refreshCountries (/Users/teajhaney/Desktop/Acode/2025/Project/backend/HNG/country-currency-exchange/src/controllers/country.controller.ts:13:22)',
  timestamp: '2025-10-24T20:43:38.908Z'
}
{
  service: 'country-currency-exchange',
  message: "Duplicate entry 'Somalia' for key 'countries.name'",
  code: 'ER_DUP_ENTRY',
  errno: 1062,
  sql: '\n' +
    '        INSERT INTO countries (\n' +
    '          name, capital, region, population, currency_code, \n' +
    '          exchange_rate, estimated_gdp, flag_url\n' +
    '        ) VALUES (?, ?, ?, ?, ?, ?, ?, ?)\n' +
    '      ',
  sqlState: '23000',
  sqlMessage: "Duplicate entry 'Somalia' for key 'countries.name'",
  level: 'error',
  stack: "Error: Duplicate entry 'Somalia' for key 'countries.name'\n" +
    '    at PromisePool.execute (/Users/teajhaney/Desktop/Acode/2025/Project/backend/HNG/country-currency-exchange/node_modules/mysql2/lib/promise/pool.js:54:22)\n' +
    '    at DatabaseService.execute (/Users/teajhaney/Desktop/Acode/2025/Project/backend/HNG/country-currency-exchange/src/common/config/database.ts:29:40)\n' +
    '    at CountryModel.create (/Users/teajhaney/Desktop/Acode/2025/Project/backend/HNG/country-currency-exchange/src/models/country.model.ts:26:37)\n' +
    '    at CountryService.refreshCountries (/Users/teajhaney/Desktop/Acode/2025/Project/backend/HNG/country-currency-exchange/src/services/country.service.ts:29:30)\n' +
    '    at processTicksAndRejections (node:internal/process/task_queues:105:5)\n' +
    '    at async refreshCountries (/Users/teajhaney/Desktop/Acode/2025/Project/backend/HNG/country-currency-exchange/src/controllers/country.controller.ts:13:22)',
  timestamp: '2025-10-24T20:43:38.908Z'
}
{
  service: 'country-currency-exchange',
  message: "Duplicate entry 'Somalia' for key 'countries.name'",
  code: 'ER_DUP_ENTRY',
  errno: 1062,
  sql: '\n' +
    '        INSERT INTO countries (\n' +
    '          name, capital, region, population, currency_code, \n' +
    '          exchange_rate, estimated_gdp, flag_url\n' +
    '        ) VALUES (?, ?, ?, ?, ?, ?, ?, ?)\n' +
    '      ',
  sqlState: '23000',
  sqlMessage: "Duplicate entry 'Somalia' for key 'countries.name'",
  level: 'warn',
  stack: "Error: Duplicate entry 'Somalia' for key 'countries.name'\n" +
    '    at PromisePool.execute (/Users/teajhaney/Desktop/Acode/2025/Project/backend/HNG/country-currency-exchange/node_modules/mysql2/lib/promise/pool.js:54:22)\n' +
    '    at DatabaseService.execute (/Users/teajhaney/Desktop/Acode/2025/Project/backend/HNG/country-currency-exchange/src/common/config/database.ts:29:40)\n' +
    '    at CountryModel.create (/Users/teajhaney/Desktop/Acode/2025/Project/backend/HNG/country-currency-exchange/src/models/country.model.ts:26:37)\n' +
    '    at CountryService.refreshCountries (/Users/teajhaney/Desktop/Acode/2025/Project/backend/HNG/country-currency-exchange/src/services/country.service.ts:29:30)\n' +
    '    at processTicksAndRejections (node:internal/process/task_queues:105:5)\n' +
    '    at async refreshCountries (/Users/teajhaney/Desktop/Acode/2025/Project/backend/HNG/country-currency-exchange/src/controllers/country.controller.ts:13:22)',
  timestamp: '2025-10-24T20:43:38.909Z'
}
{
  service: 'country-currency-exchange',
  message: "Duplicate entry 'South Africa' for key 'countries.name'",
  code: 'ER_DUP_ENTRY',
  errno: 1062,
  sql: '\n' +
    '        INSERT INTO countries (\n' +
    '          name, capital, region, population, currency_code, \n' +
    '          exchange_rate, estimated_gdp, flag_url\n' +
    '        ) VALUES (?, ?, ?, ?, ?, ?, ?, ?)\n' +
    '      ',
  sqlState: '23000',
  sqlMessage: "Duplicate entry 'South Africa' for key 'countries.name'",
  level: 'error',
  stack: "Error: Duplicate entry 'South Africa' for key 'countries.name'\n" +
    '    at PromisePool.execute (/Users/teajhaney/Desktop/Acode/2025/Project/backend/HNG/country-currency-exchange/node_modules/mysql2/lib/promise/pool.js:54:22)\n' +
    '    at DatabaseService.execute (/Users/teajhaney/Desktop/Acode/2025/Project/backend/HNG/country-currency-exchange/src/common/config/database.ts:29:40)\n' +
    '    at CountryModel.create (/Users/teajhaney/Desktop/Acode/2025/Project/backend/HNG/country-currency-exchange/src/models/country.model.ts:26:37)\n' +
    '    at CountryService.refreshCountries (/Users/teajhaney/Desktop/Acode/2025/Project/backend/HNG/country-currency-exchange/src/services/country.service.ts:29:30)\n' +
    '    at processTicksAndRejections (node:internal/process/task_queues:105:5)\n' +
    '    at async refreshCountries (/Users/teajhaney/Desktop/Acode/2025/Project/backend/HNG/country-currency-exchange/src/controllers/country.controller.ts:13:22)',
  timestamp: '2025-10-24T20:43:39.411Z'
}
{
  service: 'country-currency-exchange',
  message: "Duplicate entry 'South Africa' for key 'countries.name'",
  code: 'ER_DUP_ENTRY',
  errno: 1062,
  sql: '\n' +
    '        INSERT INTO countries (\n' +
    '          name, capital, region, population, currency_code, \n' +
    '          exchange_rate, estimated_gdp, flag_url\n' +
    '        ) VALUES (?, ?, ?, ?, ?, ?, ?, ?)\n' +
    '      ',
  sqlState: '23000',
  sqlMessage: "Duplicate entry 'South Africa' for key 'countries.name'",
  level: 'error',
  stack: "Error: Duplicate entry 'South Africa' for key 'countries.name'\n" +
    '    at PromisePool.execute (/Users/teajhaney/Desktop/Acode/2025/Project/backend/HNG/country-currency-exchange/node_modules/mysql2/lib/promise/pool.js:54:22)\n' +
    '    at DatabaseService.execute (/Users/teajhaney/Desktop/Acode/2025/Project/backend/HNG/country-currency-exchange/src/common/config/database.ts:29:40)\n' +
    '    at CountryModel.create (/Users/teajhaney/Desktop/Acode/2025/Project/backend/HNG/country-currency-exchange/src/models/country.model.ts:26:37)\n' +
    '    at CountryService.refreshCountries (/Users/teajhaney/Desktop/Acode/2025/Project/backend/HNG/country-currency-exchange/src/services/country.service.ts:29:30)\n' +
    '    at processTicksAndRejections (node:internal/process/task_queues:105:5)\n' +
    '    at async refreshCountries (/Users/teajhaney/Desktop/Acode/2025/Project/backend/HNG/country-currency-exchange/src/controllers/country.controller.ts:13:22)',
  timestamp: '2025-10-24T20:43:39.411Z'
}
{
  service: 'country-currency-exchange',
  message: "Duplicate entry 'South Africa' for key 'countries.name'",
  code: 'ER_DUP_ENTRY',
  errno: 1062,
  sql: '\n' +
    '        INSERT INTO countries (\n' +
    '          name, capital, region, population, currency_code, \n' +
    '          exchange_rate, estimated_gdp, flag_url\n' +
    '        ) VALUES (?, ?, ?, ?, ?, ?, ?, ?)\n' +
    '      ',
  sqlState: '23000',
  sqlMessage: "Duplicate entry 'South Africa' for key 'countries.name'",
  level: 'warn',
  stack: "Error: Duplicate entry 'South Africa' for key 'countries.name'\n" +
    '    at PromisePool.execute (/Users/teajhaney/Desktop/Acode/2025/Project/backend/HNG/country-currency-exchange/node_modules/mysql2/lib/promise/pool.js:54:22)\n' +
    '    at DatabaseService.execute (/Users/teajhaney/Desktop/Acode/2025/Project/backend/HNG/country-currency-exchange/src/common/config/database.ts:29:40)\n' +
    '    at CountryModel.create (/Users/teajhaney/Desktop/Acode/2025/Project/backend/HNG/country-currency-exchange/src/models/country.model.ts:26:37)\n' +
    '    at CountryService.refreshCountries (/Users/teajhaney/Desktop/Acode/2025/Project/backend/HNG/country-currency-exchange/src/services/country.service.ts:29:30)\n' +
    '    at processTicksAndRejections (node:internal/process/task_queues:105:5)\n' +
    '    at async refreshCountries (/Users/teajhaney/Desktop/Acode/2025/Project/backend/HNG/country-currency-exchange/src/controllers/country.controller.ts:13:22)',
  timestamp: '2025-10-24T20:43:39.411Z'
}
{
  service: 'country-currency-exchange',
  message: "Duplicate entry 'South Georgia and the South Sandwich Islands' for key 'countries.name'",
  code: 'ER_DUP_ENTRY',
  errno: 1062,
  sql: '\n' +
    '        INSERT INTO countries (\n' +
    '          name, capital, region, population, currency_code, \n' +
    '          exchange_rate, estimated_gdp, flag_url\n' +
    '        ) VALUES (?, ?, ?, ?, ?, ?, ?, ?)\n' +
    '      ',
  sqlState: '23000',
  sqlMessage: "Duplicate entry 'South Georgia and the South Sandwich Islands' for key 'countries.name'",
  level: 'error',
  stack: "Error: Duplicate entry 'South Georgia and the South Sandwich Islands' for key 'countries.name'\n" +
    '    at PromisePool.execute (/Users/teajhaney/Desktop/Acode/2025/Project/backend/HNG/country-currency-exchange/node_modules/mysql2/lib/promise/pool.js:54:22)\n' +
    '    at DatabaseService.execute (/Users/teajhaney/Desktop/Acode/2025/Project/backend/HNG/country-currency-exchange/src/common/config/database.ts:29:40)\n' +
    '    at CountryModel.create (/Users/teajhaney/Desktop/Acode/2025/Project/backend/HNG/country-currency-exchange/src/models/country.model.ts:26:37)\n' +
    '    at CountryService.refreshCountries (/Users/teajhaney/Desktop/Acode/2025/Project/backend/HNG/country-currency-exchange/src/services/country.service.ts:29:30)\n' +
    '    at processTicksAndRejections (node:internal/process/task_queues:105:5)\n' +
    '    at async refreshCountries (/Users/teajhaney/Desktop/Acode/2025/Project/backend/HNG/country-currency-exchange/src/controllers/country.controller.ts:13:22)',
  timestamp: '2025-10-24T20:43:39.934Z'
}
{
  service: 'country-currency-exchange',
  message: "Duplicate entry 'South Georgia and the South Sandwich Islands' for key 'countries.name'",
  code: 'ER_DUP_ENTRY',
  errno: 1062,
  sql: '\n' +
    '        INSERT INTO countries (\n' +
    '          name, capital, region, population, currency_code, \n' +
    '          exchange_rate, estimated_gdp, flag_url\n' +
    '        ) VALUES (?, ?, ?, ?, ?, ?, ?, ?)\n' +
    '      ',
  sqlState: '23000',
  sqlMessage: "Duplicate entry 'South Georgia and the South Sandwich Islands' for key 'countries.name'",
  level: 'error',
  stack: "Error: Duplicate entry 'South Georgia and the South Sandwich Islands' for key 'countries.name'\n" +
    '    at PromisePool.execute (/Users/teajhaney/Desktop/Acode/2025/Project/backend/HNG/country-currency-exchange/node_modules/mysql2/lib/promise/pool.js:54:22)\n' +
    '    at DatabaseService.execute (/Users/teajhaney/Desktop/Acode/2025/Project/backend/HNG/country-currency-exchange/src/common/config/database.ts:29:40)\n' +
    '    at CountryModel.create (/Users/teajhaney/Desktop/Acode/2025/Project/backend/HNG/country-currency-exchange/src/models/country.model.ts:26:37)\n' +
    '    at CountryService.refreshCountries (/Users/teajhaney/Desktop/Acode/2025/Project/backend/HNG/country-currency-exchange/src/services/country.service.ts:29:30)\n' +
    '    at processTicksAndRejections (node:internal/process/task_queues:105:5)\n' +
    '    at async refreshCountries (/Users/teajhaney/Desktop/Acode/2025/Project/backend/HNG/country-currency-exchange/src/controllers/country.controller.ts:13:22)',
  timestamp: '2025-10-24T20:43:39.934Z'
}
{
  service: 'country-currency-exchange',
  message: "Duplicate entry 'South Georgia and the South Sandwich Islands' for key 'countries.name'",
  code: 'ER_DUP_ENTRY',
  errno: 1062,
  sql: '\n' +
    '        INSERT INTO countries (\n' +
    '          name, capital, region, population, currency_code, \n' +
    '          exchange_rate, estimated_gdp, flag_url\n' +
    '        ) VALUES (?, ?, ?, ?, ?, ?, ?, ?)\n' +
    '      ',
  sqlState: '23000',
  sqlMessage: "Duplicate entry 'South Georgia and the South Sandwich Islands' for key 'countries.name'",
  level: 'warn',
  stack: "Error: Duplicate entry 'South Georgia and the South Sandwich Islands' for key 'countries.name'\n" +
    '    at PromisePool.execute (/Users/teajhaney/Desktop/Acode/2025/Project/backend/HNG/country-currency-exchange/node_modules/mysql2/lib/promise/pool.js:54:22)\n' +
    '    at DatabaseService.execute (/Users/teajhaney/Desktop/Acode/2025/Project/backend/HNG/country-currency-exchange/src/common/config/database.ts:29:40)\n' +
    '    at CountryModel.create (/Users/teajhaney/Desktop/Acode/2025/Project/backend/HNG/country-currency-exchange/src/models/country.model.ts:26:37)\n' +
    '    at CountryService.refreshCountries (/Users/teajhaney/Desktop/Acode/2025/Project/backend/HNG/country-currency-exchange/src/services/country.service.ts:29:30)\n' +
    '    at processTicksAndRejections (node:internal/process/task_queues:105:5)\n' +
    '    at async refreshCountries (/Users/teajhaney/Desktop/Acode/2025/Project/backend/HNG/country-currency-exchange/src/controllers/country.controller.ts:13:22)',
  timestamp: '2025-10-24T20:43:39.934Z'
}
{
  service: 'country-currency-exchange',
  message: "Duplicate entry 'Korea (Republic of)' for key 'countries.name'",
  code: 'ER_DUP_ENTRY',
  errno: 1062,
  sql: '\n' +
    '        INSERT INTO countries (\n' +
    '          name, capital, region, population, currency_code, \n' +
    '          exchange_rate, estimated_gdp, flag_url\n' +
    '        ) VALUES (?, ?, ?, ?, ?, ?, ?, ?)\n' +
    '      ',
  sqlState: '23000',
  sqlMessage: "Duplicate entry 'Korea (Republic of)' for key 'countries.name'",
  level: 'error',
  stack: "Error: Duplicate entry 'Korea (Republic of)' for key 'countries.name'\n" +
    '    at PromisePool.execute (/Users/teajhaney/Desktop/Acode/2025/Project/backend/HNG/country-currency-exchange/node_modules/mysql2/lib/promise/pool.js:54:22)\n' +
    '    at DatabaseService.execute (/Users/teajhaney/Desktop/Acode/2025/Project/backend/HNG/country-currency-exchange/src/common/config/database.ts:29:40)\n' +
    '    at CountryModel.create (/Users/teajhaney/Desktop/Acode/2025/Project/backend/HNG/country-currency-exchange/src/models/country.model.ts:26:37)\n' +
    '    at CountryService.refreshCountries (/Users/teajhaney/Desktop/Acode/2025/Project/backend/HNG/country-currency-exchange/src/services/country.service.ts:29:30)\n' +
    '    at processTicksAndRejections (node:internal/process/task_queues:105:5)\n' +
    '    at async refreshCountries (/Users/teajhaney/Desktop/Acode/2025/Project/backend/HNG/country-currency-exchange/src/controllers/country.controller.ts:13:22)',
  timestamp: '2025-10-24T20:43:40.448Z'
}
{
  service: 'country-currency-exchange',
  message: "Duplicate entry 'Korea (Republic of)' for key 'countries.name'",
  code: 'ER_DUP_ENTRY',
  errno: 1062,
  sql: '\n' +
    '        INSERT INTO countries (\n' +
    '          name, capital, region, population, currency_code, \n' +
    '          exchange_rate, estimated_gdp, flag_url\n' +
    '        ) VALUES (?, ?, ?, ?, ?, ?, ?, ?)\n' +
    '      ',
  sqlState: '23000',
  sqlMessage: "Duplicate entry 'Korea (Republic of)' for key 'countries.name'",
  level: 'error',
  stack: "Error: Duplicate entry 'Korea (Republic of)' for key 'countries.name'\n" +
    '    at PromisePool.execute (/Users/teajhaney/Desktop/Acode/2025/Project/backend/HNG/country-currency-exchange/node_modules/mysql2/lib/promise/pool.js:54:22)\n' +
    '    at DatabaseService.execute (/Users/teajhaney/Desktop/Acode/2025/Project/backend/HNG/country-currency-exchange/src/common/config/database.ts:29:40)\n' +
    '    at CountryModel.create (/Users/teajhaney/Desktop/Acode/2025/Project/backend/HNG/country-currency-exchange/src/models/country.model.ts:26:37)\n' +
    '    at CountryService.refreshCountries (/Users/teajhaney/Desktop/Acode/2025/Project/backend/HNG/country-currency-exchange/src/services/country.service.ts:29:30)\n' +
    '    at processTicksAndRejections (node:internal/process/task_queues:105:5)\n' +
    '    at async refreshCountries (/Users/teajhaney/Desktop/Acode/2025/Project/backend/HNG/country-currency-exchange/src/controllers/country.controller.ts:13:22)',
  timestamp: '2025-10-24T20:43:40.448Z'
}
{
  service: 'country-currency-exchange',
  message: "Duplicate entry 'Korea (Republic of)' for key 'countries.name'",
  code: 'ER_DUP_ENTRY',
  errno: 1062,
  sql: '\n' +
    '        INSERT INTO countries (\n' +
    '          name, capital, region, population, currency_code, \n' +
    '          exchange_rate, estimated_gdp, flag_url\n' +
    '        ) VALUES (?, ?, ?, ?, ?, ?, ?, ?)\n' +
    '      ',
  sqlState: '23000',
  sqlMessage: "Duplicate entry 'Korea (Republic of)' for key 'countries.name'",
  level: 'warn',
  stack: "Error: Duplicate entry 'Korea (Republic of)' for key 'countries.name'\n" +
    '    at PromisePool.execute (/Users/teajhaney/Desktop/Acode/2025/Project/backend/HNG/country-currency-exchange/node_modules/mysql2/lib/promise/pool.js:54:22)\n' +
    '    at DatabaseService.execute (/Users/teajhaney/Desktop/Acode/2025/Project/backend/HNG/country-currency-exchange/src/common/config/database.ts:29:40)\n' +
    '    at CountryModel.create (/Users/teajhaney/Desktop/Acode/2025/Project/backend/HNG/country-currency-exchange/src/models/country.model.ts:26:37)\n' +
    '    at CountryService.refreshCountries (/Users/teajhaney/Desktop/Acode/2025/Project/backend/HNG/country-currency-exchange/src/services/country.service.ts:29:30)\n' +
    '    at processTicksAndRejections (node:internal/process/task_queues:105:5)\n' +
    '    at async refreshCountries (/Users/teajhaney/Desktop/Acode/2025/Project/backend/HNG/country-currency-exchange/src/controllers/country.controller.ts:13:22)',
  timestamp: '2025-10-24T20:43:40.449Z'
}
{
  service: 'country-currency-exchange',
  message: "Duplicate entry 'Spain' for key 'countries.name'",
  code: 'ER_DUP_ENTRY',
  errno: 1062,
  sql: '\n' +
    '        INSERT INTO countries (\n' +
    '          name, capital, region, population, currency_code, \n' +
    '          exchange_rate, estimated_gdp, flag_url\n' +
    '        ) VALUES (?, ?, ?, ?, ?, ?, ?, ?)\n' +
    '      ',
  sqlState: '23000',
  sqlMessage: "Duplicate entry 'Spain' for key 'countries.name'",
  level: 'error',
  stack: "Error: Duplicate entry 'Spain' for key 'countries.name'\n" +
    '    at PromisePool.execute (/Users/teajhaney/Desktop/Acode/2025/Project/backend/HNG/country-currency-exchange/node_modules/mysql2/lib/promise/pool.js:54:22)\n' +
    '    at DatabaseService.execute (/Users/teajhaney/Desktop/Acode/2025/Project/backend/HNG/country-currency-exchange/src/common/config/database.ts:29:40)\n' +
    '    at CountryModel.create (/Users/teajhaney/Desktop/Acode/2025/Project/backend/HNG/country-currency-exchange/src/models/country.model.ts:26:37)\n' +
    '    at CountryService.refreshCountries (/Users/teajhaney/Desktop/Acode/2025/Project/backend/HNG/country-currency-exchange/src/services/country.service.ts:29:30)\n' +
    '    at processTicksAndRejections (node:internal/process/task_queues:105:5)\n' +
    '    at async refreshCountries (/Users/teajhaney/Desktop/Acode/2025/Project/backend/HNG/country-currency-exchange/src/controllers/country.controller.ts:13:22)',
  timestamp: '2025-10-24T20:43:40.981Z'
}
{
  service: 'country-currency-exchange',
  message: "Duplicate entry 'Spain' for key 'countries.name'",
  code: 'ER_DUP_ENTRY',
  errno: 1062,
  sql: '\n' +
    '        INSERT INTO countries (\n' +
    '          name, capital, region, population, currency_code, \n' +
    '          exchange_rate, estimated_gdp, flag_url\n' +
    '        ) VALUES (?, ?, ?, ?, ?, ?, ?, ?)\n' +
    '      ',
  sqlState: '23000',
  sqlMessage: "Duplicate entry 'Spain' for key 'countries.name'",
  level: 'error',
  stack: "Error: Duplicate entry 'Spain' for key 'countries.name'\n" +
    '    at PromisePool.execute (/Users/teajhaney/Desktop/Acode/2025/Project/backend/HNG/country-currency-exchange/node_modules/mysql2/lib/promise/pool.js:54:22)\n' +
    '    at DatabaseService.execute (/Users/teajhaney/Desktop/Acode/2025/Project/backend/HNG/country-currency-exchange/src/common/config/database.ts:29:40)\n' +
    '    at CountryModel.create (/Users/teajhaney/Desktop/Acode/2025/Project/backend/HNG/country-currency-exchange/src/models/country.model.ts:26:37)\n' +
    '    at CountryService.refreshCountries (/Users/teajhaney/Desktop/Acode/2025/Project/backend/HNG/country-currency-exchange/src/services/country.service.ts:29:30)\n' +
    '    at processTicksAndRejections (node:internal/process/task_queues:105:5)\n' +
    '    at async refreshCountries (/Users/teajhaney/Desktop/Acode/2025/Project/backend/HNG/country-currency-exchange/src/controllers/country.controller.ts:13:22)',
  timestamp: '2025-10-24T20:43:40.981Z'
}
{
  service: 'country-currency-exchange',
  message: "Duplicate entry 'Spain' for key 'countries.name'",
  code: 'ER_DUP_ENTRY',
  errno: 1062,
  sql: '\n' +
    '        INSERT INTO countries (\n' +
    '          name, capital, region, population, currency_code, \n' +
    '          exchange_rate, estimated_gdp, flag_url\n' +
    '        ) VALUES (?, ?, ?, ?, ?, ?, ?, ?)\n' +
    '      ',
  sqlState: '23000',
  sqlMessage: "Duplicate entry 'Spain' for key 'countries.name'",
  level: 'warn',
  stack: "Error: Duplicate entry 'Spain' for key 'countries.name'\n" +
    '    at PromisePool.execute (/Users/teajhaney/Desktop/Acode/2025/Project/backend/HNG/country-currency-exchange/node_modules/mysql2/lib/promise/pool.js:54:22)\n' +
    '    at DatabaseService.execute (/Users/teajhaney/Desktop/Acode/2025/Project/backend/HNG/country-currency-exchange/src/common/config/database.ts:29:40)\n' +
    '    at CountryModel.create (/Users/teajhaney/Desktop/Acode/2025/Project/backend/HNG/country-currency-exchange/src/models/country.model.ts:26:37)\n' +
    '    at CountryService.refreshCountries (/Users/teajhaney/Desktop/Acode/2025/Project/backend/HNG/country-currency-exchange/src/services/country.service.ts:29:30)\n' +
    '    at processTicksAndRejections (node:internal/process/task_queues:105:5)\n' +
    '    at async refreshCountries (/Users/teajhaney/Desktop/Acode/2025/Project/backend/HNG/country-currency-exchange/src/controllers/country.controller.ts:13:22)',
  timestamp: '2025-10-24T20:43:40.981Z'
}
{
  service: 'country-currency-exchange',
  message: "Duplicate entry 'Sri Lanka' for key 'countries.name'",
  code: 'ER_DUP_ENTRY',
  errno: 1062,
  sql: '\n' +
    '        INSERT INTO countries (\n' +
    '          name, capital, region, population, currency_code, \n' +
    '          exchange_rate, estimated_gdp, flag_url\n' +
    '        ) VALUES (?, ?, ?, ?, ?, ?, ?, ?)\n' +
    '      ',
  sqlState: '23000',
  sqlMessage: "Duplicate entry 'Sri Lanka' for key 'countries.name'",
  level: 'error',
  stack: "Error: Duplicate entry 'Sri Lanka' for key 'countries.name'\n" +
    '    at PromisePool.execute (/Users/teajhaney/Desktop/Acode/2025/Project/backend/HNG/country-currency-exchange/node_modules/mysql2/lib/promise/pool.js:54:22)\n' +
    '    at DatabaseService.execute (/Users/teajhaney/Desktop/Acode/2025/Project/backend/HNG/country-currency-exchange/src/common/config/database.ts:29:40)\n' +
    '    at CountryModel.create (/Users/teajhaney/Desktop/Acode/2025/Project/backend/HNG/country-currency-exchange/src/models/country.model.ts:26:37)\n' +
    '    at CountryService.refreshCountries (/Users/teajhaney/Desktop/Acode/2025/Project/backend/HNG/country-currency-exchange/src/services/country.service.ts:29:30)\n' +
    '    at processTicksAndRejections (node:internal/process/task_queues:105:5)\n' +
    '    at async refreshCountries (/Users/teajhaney/Desktop/Acode/2025/Project/backend/HNG/country-currency-exchange/src/controllers/country.controller.ts:13:22)',
  timestamp: '2025-10-24T20:43:41.461Z'
}
{
  service: 'country-currency-exchange',
  message: "Duplicate entry 'Sri Lanka' for key 'countries.name'",
  code: 'ER_DUP_ENTRY',
  errno: 1062,
  sql: '\n' +
    '        INSERT INTO countries (\n' +
    '          name, capital, region, population, currency_code, \n' +
    '          exchange_rate, estimated_gdp, flag_url\n' +
    '        ) VALUES (?, ?, ?, ?, ?, ?, ?, ?)\n' +
    '      ',
  sqlState: '23000',
  sqlMessage: "Duplicate entry 'Sri Lanka' for key 'countries.name'",
  level: 'error',
  stack: "Error: Duplicate entry 'Sri Lanka' for key 'countries.name'\n" +
    '    at PromisePool.execute (/Users/teajhaney/Desktop/Acode/2025/Project/backend/HNG/country-currency-exchange/node_modules/mysql2/lib/promise/pool.js:54:22)\n' +
    '    at DatabaseService.execute (/Users/teajhaney/Desktop/Acode/2025/Project/backend/HNG/country-currency-exchange/src/common/config/database.ts:29:40)\n' +
    '    at CountryModel.create (/Users/teajhaney/Desktop/Acode/2025/Project/backend/HNG/country-currency-exchange/src/models/country.model.ts:26:37)\n' +
    '    at CountryService.refreshCountries (/Users/teajhaney/Desktop/Acode/2025/Project/backend/HNG/country-currency-exchange/src/services/country.service.ts:29:30)\n' +
    '    at processTicksAndRejections (node:internal/process/task_queues:105:5)\n' +
    '    at async refreshCountries (/Users/teajhaney/Desktop/Acode/2025/Project/backend/HNG/country-currency-exchange/src/controllers/country.controller.ts:13:22)',
  timestamp: '2025-10-24T20:43:41.462Z'
}
{
  service: 'country-currency-exchange',
  message: "Duplicate entry 'Sri Lanka' for key 'countries.name'",
  code: 'ER_DUP_ENTRY',
  errno: 1062,
  sql: '\n' +
    '        INSERT INTO countries (\n' +
    '          name, capital, region, population, currency_code, \n' +
    '          exchange_rate, estimated_gdp, flag_url\n' +
    '        ) VALUES (?, ?, ?, ?, ?, ?, ?, ?)\n' +
    '      ',
  sqlState: '23000',
  sqlMessage: "Duplicate entry 'Sri Lanka' for key 'countries.name'",
  level: 'warn',
  stack: "Error: Duplicate entry 'Sri Lanka' for key 'countries.name'\n" +
    '    at PromisePool.execute (/Users/teajhaney/Desktop/Acode/2025/Project/backend/HNG/country-currency-exchange/node_modules/mysql2/lib/promise/pool.js:54:22)\n' +
    '    at DatabaseService.execute (/Users/teajhaney/Desktop/Acode/2025/Project/backend/HNG/country-currency-exchange/src/common/config/database.ts:29:40)\n' +
    '    at CountryModel.create (/Users/teajhaney/Desktop/Acode/2025/Project/backend/HNG/country-currency-exchange/src/models/country.model.ts:26:37)\n' +
    '    at CountryService.refreshCountries (/Users/teajhaney/Desktop/Acode/2025/Project/backend/HNG/country-currency-exchange/src/services/country.service.ts:29:30)\n' +
    '    at processTicksAndRejections (node:internal/process/task_queues:105:5)\n' +
    '    at async refreshCountries (/Users/teajhaney/Desktop/Acode/2025/Project/backend/HNG/country-currency-exchange/src/controllers/country.controller.ts:13:22)',
  timestamp: '2025-10-24T20:43:41.462Z'
}
{
  service: 'country-currency-exchange',
  message: "Duplicate entry 'Sudan' for key 'countries.name'",
  code: 'ER_DUP_ENTRY',
  errno: 1062,
  sql: '\n' +
    '        INSERT INTO countries (\n' +
    '          name, capital, region, population, currency_code, \n' +
    '          exchange_rate, estimated_gdp, flag_url\n' +
    '        ) VALUES (?, ?, ?, ?, ?, ?, ?, ?)\n' +
    '      ',
  sqlState: '23000',
  sqlMessage: "Duplicate entry 'Sudan' for key 'countries.name'",
  level: 'error',
  stack: "Error: Duplicate entry 'Sudan' for key 'countries.name'\n" +
    '    at PromisePool.execute (/Users/teajhaney/Desktop/Acode/2025/Project/backend/HNG/country-currency-exchange/node_modules/mysql2/lib/promise/pool.js:54:22)\n' +
    '    at DatabaseService.execute (/Users/teajhaney/Desktop/Acode/2025/Project/backend/HNG/country-currency-exchange/src/common/config/database.ts:29:40)\n' +
    '    at CountryModel.create (/Users/teajhaney/Desktop/Acode/2025/Project/backend/HNG/country-currency-exchange/src/models/country.model.ts:26:37)\n' +
    '    at CountryService.refreshCountries (/Users/teajhaney/Desktop/Acode/2025/Project/backend/HNG/country-currency-exchange/src/services/country.service.ts:29:30)\n' +
    '    at processTicksAndRejections (node:internal/process/task_queues:105:5)\n' +
    '    at async refreshCountries (/Users/teajhaney/Desktop/Acode/2025/Project/backend/HNG/country-currency-exchange/src/controllers/country.controller.ts:13:22)',
  timestamp: '2025-10-24T20:43:41.965Z'
}
{
  service: 'country-currency-exchange',
  message: "Duplicate entry 'Sudan' for key 'countries.name'",
  code: 'ER_DUP_ENTRY',
  errno: 1062,
  sql: '\n' +
    '        INSERT INTO countries (\n' +
    '          name, capital, region, population, currency_code, \n' +
    '          exchange_rate, estimated_gdp, flag_url\n' +
    '        ) VALUES (?, ?, ?, ?, ?, ?, ?, ?)\n' +
    '      ',
  sqlState: '23000',
  sqlMessage: "Duplicate entry 'Sudan' for key 'countries.name'",
  level: 'error',
  stack: "Error: Duplicate entry 'Sudan' for key 'countries.name'\n" +
    '    at PromisePool.execute (/Users/teajhaney/Desktop/Acode/2025/Project/backend/HNG/country-currency-exchange/node_modules/mysql2/lib/promise/pool.js:54:22)\n' +
    '    at DatabaseService.execute (/Users/teajhaney/Desktop/Acode/2025/Project/backend/HNG/country-currency-exchange/src/common/config/database.ts:29:40)\n' +
    '    at CountryModel.create (/Users/teajhaney/Desktop/Acode/2025/Project/backend/HNG/country-currency-exchange/src/models/country.model.ts:26:37)\n' +
    '    at CountryService.refreshCountries (/Users/teajhaney/Desktop/Acode/2025/Project/backend/HNG/country-currency-exchange/src/services/country.service.ts:29:30)\n' +
    '    at processTicksAndRejections (node:internal/process/task_queues:105:5)\n' +
    '    at async refreshCountries (/Users/teajhaney/Desktop/Acode/2025/Project/backend/HNG/country-currency-exchange/src/controllers/country.controller.ts:13:22)',
  timestamp: '2025-10-24T20:43:41.965Z'
}
{
  service: 'country-currency-exchange',
  message: "Duplicate entry 'Sudan' for key 'countries.name'",
  code: 'ER_DUP_ENTRY',
  errno: 1062,
  sql: '\n' +
    '        INSERT INTO countries (\n' +
    '          name, capital, region, population, currency_code, \n' +
    '          exchange_rate, estimated_gdp, flag_url\n' +
    '        ) VALUES (?, ?, ?, ?, ?, ?, ?, ?)\n' +
    '      ',
  sqlState: '23000',
  sqlMessage: "Duplicate entry 'Sudan' for key 'countries.name'",
  level: 'warn',
  stack: "Error: Duplicate entry 'Sudan' for key 'countries.name'\n" +
    '    at PromisePool.execute (/Users/teajhaney/Desktop/Acode/2025/Project/backend/HNG/country-currency-exchange/node_modules/mysql2/lib/promise/pool.js:54:22)\n' +
    '    at DatabaseService.execute (/Users/teajhaney/Desktop/Acode/2025/Project/backend/HNG/country-currency-exchange/src/common/config/database.ts:29:40)\n' +
    '    at CountryModel.create (/Users/teajhaney/Desktop/Acode/2025/Project/backend/HNG/country-currency-exchange/src/models/country.model.ts:26:37)\n' +
    '    at CountryService.refreshCountries (/Users/teajhaney/Desktop/Acode/2025/Project/backend/HNG/country-currency-exchange/src/services/country.service.ts:29:30)\n' +
    '    at processTicksAndRejections (node:internal/process/task_queues:105:5)\n' +
    '    at async refreshCountries (/Users/teajhaney/Desktop/Acode/2025/Project/backend/HNG/country-currency-exchange/src/controllers/country.controller.ts:13:22)',
  timestamp: '2025-10-24T20:43:41.965Z'
}
{
  service: 'country-currency-exchange',
  message: "Duplicate entry 'South Sudan' for key 'countries.name'",
  code: 'ER_DUP_ENTRY',
  errno: 1062,
  sql: '\n' +
    '        INSERT INTO countries (\n' +
    '          name, capital, region, population, currency_code, \n' +
    '          exchange_rate, estimated_gdp, flag_url\n' +
    '        ) VALUES (?, ?, ?, ?, ?, ?, ?, ?)\n' +
    '      ',
  sqlState: '23000',
  sqlMessage: "Duplicate entry 'South Sudan' for key 'countries.name'",
  level: 'error',
  stack: "Error: Duplicate entry 'South Sudan' for key 'countries.name'\n" +
    '    at PromisePool.execute (/Users/teajhaney/Desktop/Acode/2025/Project/backend/HNG/country-currency-exchange/node_modules/mysql2/lib/promise/pool.js:54:22)\n' +
    '    at DatabaseService.execute (/Users/teajhaney/Desktop/Acode/2025/Project/backend/HNG/country-currency-exchange/src/common/config/database.ts:29:40)\n' +
    '    at CountryModel.create (/Users/teajhaney/Desktop/Acode/2025/Project/backend/HNG/country-currency-exchange/src/models/country.model.ts:26:37)\n' +
    '    at CountryService.refreshCountries (/Users/teajhaney/Desktop/Acode/2025/Project/backend/HNG/country-currency-exchange/src/services/country.service.ts:29:30)\n' +
    '    at processTicksAndRejections (node:internal/process/task_queues:105:5)\n' +
    '    at async refreshCountries (/Users/teajhaney/Desktop/Acode/2025/Project/backend/HNG/country-currency-exchange/src/controllers/country.controller.ts:13:22)',
  timestamp: '2025-10-24T20:43:43.235Z'
}
{
  service: 'country-currency-exchange',
  message: "Duplicate entry 'South Sudan' for key 'countries.name'",
  code: 'ER_DUP_ENTRY',
  errno: 1062,
  sql: '\n' +
    '        INSERT INTO countries (\n' +
    '          name, capital, region, population, currency_code, \n' +
    '          exchange_rate, estimated_gdp, flag_url\n' +
    '        ) VALUES (?, ?, ?, ?, ?, ?, ?, ?)\n' +
    '      ',
  sqlState: '23000',
  sqlMessage: "Duplicate entry 'South Sudan' for key 'countries.name'",
  level: 'error',
  stack: "Error: Duplicate entry 'South Sudan' for key 'countries.name'\n" +
    '    at PromisePool.execute (/Users/teajhaney/Desktop/Acode/2025/Project/backend/HNG/country-currency-exchange/node_modules/mysql2/lib/promise/pool.js:54:22)\n' +
    '    at DatabaseService.execute (/Users/teajhaney/Desktop/Acode/2025/Project/backend/HNG/country-currency-exchange/src/common/config/database.ts:29:40)\n' +
    '    at CountryModel.create (/Users/teajhaney/Desktop/Acode/2025/Project/backend/HNG/country-currency-exchange/src/models/country.model.ts:26:37)\n' +
    '    at CountryService.refreshCountries (/Users/teajhaney/Desktop/Acode/2025/Project/backend/HNG/country-currency-exchange/src/services/country.service.ts:29:30)\n' +
    '    at processTicksAndRejections (node:internal/process/task_queues:105:5)\n' +
    '    at async refreshCountries (/Users/teajhaney/Desktop/Acode/2025/Project/backend/HNG/country-currency-exchange/src/controllers/country.controller.ts:13:22)',
  timestamp: '2025-10-24T20:43:43.236Z'
}
{
  service: 'country-currency-exchange',
  message: "Duplicate entry 'South Sudan' for key 'countries.name'",
  code: 'ER_DUP_ENTRY',
  errno: 1062,
  sql: '\n' +
    '        INSERT INTO countries (\n' +
    '          name, capital, region, population, currency_code, \n' +
    '          exchange_rate, estimated_gdp, flag_url\n' +
    '        ) VALUES (?, ?, ?, ?, ?, ?, ?, ?)\n' +
    '      ',
  sqlState: '23000',
  sqlMessage: "Duplicate entry 'South Sudan' for key 'countries.name'",
  level: 'warn',
  stack: "Error: Duplicate entry 'South Sudan' for key 'countries.name'\n" +
    '    at PromisePool.execute (/Users/teajhaney/Desktop/Acode/2025/Project/backend/HNG/country-currency-exchange/node_modules/mysql2/lib/promise/pool.js:54:22)\n' +
    '    at DatabaseService.execute (/Users/teajhaney/Desktop/Acode/2025/Project/backend/HNG/country-currency-exchange/src/common/config/database.ts:29:40)\n' +
    '    at CountryModel.create (/Users/teajhaney/Desktop/Acode/2025/Project/backend/HNG/country-currency-exchange/src/models/country.model.ts:26:37)\n' +
    '    at CountryService.refreshCountries (/Users/teajhaney/Desktop/Acode/2025/Project/backend/HNG/country-currency-exchange/src/services/country.service.ts:29:30)\n' +
    '    at processTicksAndRejections (node:internal/process/task_queues:105:5)\n' +
    '    at async refreshCountries (/Users/teajhaney/Desktop/Acode/2025/Project/backend/HNG/country-currency-exchange/src/controllers/country.controller.ts:13:22)',
  timestamp: '2025-10-24T20:43:43.237Z'
}
{
  service: 'country-currency-exchange',
  message: "Duplicate entry 'Suriname' for key 'countries.name'",
  code: 'ER_DUP_ENTRY',
  errno: 1062,
  sql: '\n' +
    '        INSERT INTO countries (\n' +
    '          name, capital, region, population, currency_code, \n' +
    '          exchange_rate, estimated_gdp, flag_url\n' +
    '        ) VALUES (?, ?, ?, ?, ?, ?, ?, ?)\n' +
    '      ',
  sqlState: '23000',
  sqlMessage: "Duplicate entry 'Suriname' for key 'countries.name'",
  level: 'error',
  stack: "Error: Duplicate entry 'Suriname' for key 'countries.name'\n" +
    '    at PromisePool.execute (/Users/teajhaney/Desktop/Acode/2025/Project/backend/HNG/country-currency-exchange/node_modules/mysql2/lib/promise/pool.js:54:22)\n' +
    '    at DatabaseService.execute (/Users/teajhaney/Desktop/Acode/2025/Project/backend/HNG/country-currency-exchange/src/common/config/database.ts:29:40)\n' +
    '    at CountryModel.create (/Users/teajhaney/Desktop/Acode/2025/Project/backend/HNG/country-currency-exchange/src/models/country.model.ts:26:37)\n' +
    '    at CountryService.refreshCountries (/Users/teajhaney/Desktop/Acode/2025/Project/backend/HNG/country-currency-exchange/src/services/country.service.ts:29:30)\n' +
    '    at processTicksAndRejections (node:internal/process/task_queues:105:5)\n' +
    '    at async refreshCountries (/Users/teajhaney/Desktop/Acode/2025/Project/backend/HNG/country-currency-exchange/src/controllers/country.controller.ts:13:22)',
  timestamp: '2025-10-24T20:43:43.742Z'
}
{
  service: 'country-currency-exchange',
  message: "Duplicate entry 'Suriname' for key 'countries.name'",
  code: 'ER_DUP_ENTRY',
  errno: 1062,
  sql: '\n' +
    '        INSERT INTO countries (\n' +
    '          name, capital, region, population, currency_code, \n' +
    '          exchange_rate, estimated_gdp, flag_url\n' +
    '        ) VALUES (?, ?, ?, ?, ?, ?, ?, ?)\n' +
    '      ',
  sqlState: '23000',
  sqlMessage: "Duplicate entry 'Suriname' for key 'countries.name'",
  level: 'error',
  stack: "Error: Duplicate entry 'Suriname' for key 'countries.name'\n" +
    '    at PromisePool.execute (/Users/teajhaney/Desktop/Acode/2025/Project/backend/HNG/country-currency-exchange/node_modules/mysql2/lib/promise/pool.js:54:22)\n' +
    '    at DatabaseService.execute (/Users/teajhaney/Desktop/Acode/2025/Project/backend/HNG/country-currency-exchange/src/common/config/database.ts:29:40)\n' +
    '    at CountryModel.create (/Users/teajhaney/Desktop/Acode/2025/Project/backend/HNG/country-currency-exchange/src/models/country.model.ts:26:37)\n' +
    '    at CountryService.refreshCountries (/Users/teajhaney/Desktop/Acode/2025/Project/backend/HNG/country-currency-exchange/src/services/country.service.ts:29:30)\n' +
    '    at processTicksAndRejections (node:internal/process/task_queues:105:5)\n' +
    '    at async refreshCountries (/Users/teajhaney/Desktop/Acode/2025/Project/backend/HNG/country-currency-exchange/src/controllers/country.controller.ts:13:22)',
  timestamp: '2025-10-24T20:43:43.743Z'
}
{
  service: 'country-currency-exchange',
  message: "Duplicate entry 'Suriname' for key 'countries.name'",
  code: 'ER_DUP_ENTRY',
  errno: 1062,
  sql: '\n' +
    '        INSERT INTO countries (\n' +
    '          name, capital, region, population, currency_code, \n' +
    '          exchange_rate, estimated_gdp, flag_url\n' +
    '        ) VALUES (?, ?, ?, ?, ?, ?, ?, ?)\n' +
    '      ',
  sqlState: '23000',
  sqlMessage: "Duplicate entry 'Suriname' for key 'countries.name'",
  level: 'warn',
  stack: "Error: Duplicate entry 'Suriname' for key 'countries.name'\n" +
    '    at PromisePool.execute (/Users/teajhaney/Desktop/Acode/2025/Project/backend/HNG/country-currency-exchange/node_modules/mysql2/lib/promise/pool.js:54:22)\n' +
    '    at DatabaseService.execute (/Users/teajhaney/Desktop/Acode/2025/Project/backend/HNG/country-currency-exchange/src/common/config/database.ts:29:40)\n' +
    '    at CountryModel.create (/Users/teajhaney/Desktop/Acode/2025/Project/backend/HNG/country-currency-exchange/src/models/country.model.ts:26:37)\n' +
    '    at CountryService.refreshCountries (/Users/teajhaney/Desktop/Acode/2025/Project/backend/HNG/country-currency-exchange/src/services/country.service.ts:29:30)\n' +
    '    at processTicksAndRejections (node:internal/process/task_queues:105:5)\n' +
    '    at async refreshCountries (/Users/teajhaney/Desktop/Acode/2025/Project/backend/HNG/country-currency-exchange/src/controllers/country.controller.ts:13:22)',
  timestamp: '2025-10-24T20:43:43.743Z'
}
{
  service: 'country-currency-exchange',
  message: "Duplicate entry 'Svalbard and Jan Mayen' for key 'countries.name'",
  code: 'ER_DUP_ENTRY',
  errno: 1062,
  sql: '\n' +
    '        INSERT INTO countries (\n' +
    '          name, capital, region, population, currency_code, \n' +
    '          exchange_rate, estimated_gdp, flag_url\n' +
    '        ) VALUES (?, ?, ?, ?, ?, ?, ?, ?)\n' +
    '      ',
  sqlState: '23000',
  sqlMessage: "Duplicate entry 'Svalbard and Jan Mayen' for key 'countries.name'",
  level: 'error',
  stack: "Error: Duplicate entry 'Svalbard and Jan Mayen' for key 'countries.name'\n" +
    '    at PromisePool.execute (/Users/teajhaney/Desktop/Acode/2025/Project/backend/HNG/country-currency-exchange/node_modules/mysql2/lib/promise/pool.js:54:22)\n' +
    '    at DatabaseService.execute (/Users/teajhaney/Desktop/Acode/2025/Project/backend/HNG/country-currency-exchange/src/common/config/database.ts:29:40)\n' +
    '    at CountryModel.create (/Users/teajhaney/Desktop/Acode/2025/Project/backend/HNG/country-currency-exchange/src/models/country.model.ts:26:37)\n' +
    '    at CountryService.refreshCountries (/Users/teajhaney/Desktop/Acode/2025/Project/backend/HNG/country-currency-exchange/src/services/country.service.ts:29:30)\n' +
    '    at processTicksAndRejections (node:internal/process/task_queues:105:5)\n' +
    '    at async refreshCountries (/Users/teajhaney/Desktop/Acode/2025/Project/backend/HNG/country-currency-exchange/src/controllers/country.controller.ts:13:22)',
  timestamp: '2025-10-24T20:43:44.248Z'
}
{
  service: 'country-currency-exchange',
  message: "Duplicate entry 'Svalbard and Jan Mayen' for key 'countries.name'",
  code: 'ER_DUP_ENTRY',
  errno: 1062,
  sql: '\n' +
    '        INSERT INTO countries (\n' +
    '          name, capital, region, population, currency_code, \n' +
    '          exchange_rate, estimated_gdp, flag_url\n' +
    '        ) VALUES (?, ?, ?, ?, ?, ?, ?, ?)\n' +
    '      ',
  sqlState: '23000',
  sqlMessage: "Duplicate entry 'Svalbard and Jan Mayen' for key 'countries.name'",
  level: 'error',
  stack: "Error: Duplicate entry 'Svalbard and Jan Mayen' for key 'countries.name'\n" +
    '    at PromisePool.execute (/Users/teajhaney/Desktop/Acode/2025/Project/backend/HNG/country-currency-exchange/node_modules/mysql2/lib/promise/pool.js:54:22)\n' +
    '    at DatabaseService.execute (/Users/teajhaney/Desktop/Acode/2025/Project/backend/HNG/country-currency-exchange/src/common/config/database.ts:29:40)\n' +
    '    at CountryModel.create (/Users/teajhaney/Desktop/Acode/2025/Project/backend/HNG/country-currency-exchange/src/models/country.model.ts:26:37)\n' +
    '    at CountryService.refreshCountries (/Users/teajhaney/Desktop/Acode/2025/Project/backend/HNG/country-currency-exchange/src/services/country.service.ts:29:30)\n' +
    '    at processTicksAndRejections (node:internal/process/task_queues:105:5)\n' +
    '    at async refreshCountries (/Users/teajhaney/Desktop/Acode/2025/Project/backend/HNG/country-currency-exchange/src/controllers/country.controller.ts:13:22)',
  timestamp: '2025-10-24T20:43:44.249Z'
}
{
  service: 'country-currency-exchange',
  message: "Duplicate entry 'Svalbard and Jan Mayen' for key 'countries.name'",
  code: 'ER_DUP_ENTRY',
  errno: 1062,
  sql: '\n' +
    '        INSERT INTO countries (\n' +
    '          name, capital, region, population, currency_code, \n' +
    '          exchange_rate, estimated_gdp, flag_url\n' +
    '        ) VALUES (?, ?, ?, ?, ?, ?, ?, ?)\n' +
    '      ',
  sqlState: '23000',
  sqlMessage: "Duplicate entry 'Svalbard and Jan Mayen' for key 'countries.name'",
  level: 'warn',
  stack: "Error: Duplicate entry 'Svalbard and Jan Mayen' for key 'countries.name'\n" +
    '    at PromisePool.execute (/Users/teajhaney/Desktop/Acode/2025/Project/backend/HNG/country-currency-exchange/node_modules/mysql2/lib/promise/pool.js:54:22)\n' +
    '    at DatabaseService.execute (/Users/teajhaney/Desktop/Acode/2025/Project/backend/HNG/country-currency-exchange/src/common/config/database.ts:29:40)\n' +
    '    at CountryModel.create (/Users/teajhaney/Desktop/Acode/2025/Project/backend/HNG/country-currency-exchange/src/models/country.model.ts:26:37)\n' +
    '    at CountryService.refreshCountries (/Users/teajhaney/Desktop/Acode/2025/Project/backend/HNG/country-currency-exchange/src/services/country.service.ts:29:30)\n' +
    '    at processTicksAndRejections (node:internal/process/task_queues:105:5)\n' +
    '    at async refreshCountries (/Users/teajhaney/Desktop/Acode/2025/Project/backend/HNG/country-currency-exchange/src/controllers/country.controller.ts:13:22)',
  timestamp: '2025-10-24T20:43:44.249Z'
}
{
  service: 'country-currency-exchange',
  message: "Duplicate entry 'Swaziland' for key 'countries.name'",
  code: 'ER_DUP_ENTRY',
  errno: 1062,
  sql: '\n' +
    '        INSERT INTO countries (\n' +
    '          name, capital, region, population, currency_code, \n' +
    '          exchange_rate, estimated_gdp, flag_url\n' +
    '        ) VALUES (?, ?, ?, ?, ?, ?, ?, ?)\n' +
    '      ',
  sqlState: '23000',
  sqlMessage: "Duplicate entry 'Swaziland' for key 'countries.name'",
  level: 'error',
  stack: "Error: Duplicate entry 'Swaziland' for key 'countries.name'\n" +
    '    at PromisePool.execute (/Users/teajhaney/Desktop/Acode/2025/Project/backend/HNG/country-currency-exchange/node_modules/mysql2/lib/promise/pool.js:54:22)\n' +
    '    at DatabaseService.execute (/Users/teajhaney/Desktop/Acode/2025/Project/backend/HNG/country-currency-exchange/src/common/config/database.ts:29:40)\n' +
    '    at CountryModel.create (/Users/teajhaney/Desktop/Acode/2025/Project/backend/HNG/country-currency-exchange/src/models/country.model.ts:26:37)\n' +
    '    at CountryService.refreshCountries (/Users/teajhaney/Desktop/Acode/2025/Project/backend/HNG/country-currency-exchange/src/services/country.service.ts:29:30)\n' +
    '    at processTicksAndRejections (node:internal/process/task_queues:105:5)\n' +
    '    at async refreshCountries (/Users/teajhaney/Desktop/Acode/2025/Project/backend/HNG/country-currency-exchange/src/controllers/country.controller.ts:13:22)',
  timestamp: '2025-10-24T20:43:44.774Z'
}
{
  service: 'country-currency-exchange',
  message: "Duplicate entry 'Swaziland' for key 'countries.name'",
  code: 'ER_DUP_ENTRY',
  errno: 1062,
  sql: '\n' +
    '        INSERT INTO countries (\n' +
    '          name, capital, region, population, currency_code, \n' +
    '          exchange_rate, estimated_gdp, flag_url\n' +
    '        ) VALUES (?, ?, ?, ?, ?, ?, ?, ?)\n' +
    '      ',
  sqlState: '23000',
  sqlMessage: "Duplicate entry 'Swaziland' for key 'countries.name'",
  level: 'error',
  stack: "Error: Duplicate entry 'Swaziland' for key 'countries.name'\n" +
    '    at PromisePool.execute (/Users/teajhaney/Desktop/Acode/2025/Project/backend/HNG/country-currency-exchange/node_modules/mysql2/lib/promise/pool.js:54:22)\n' +
    '    at DatabaseService.execute (/Users/teajhaney/Desktop/Acode/2025/Project/backend/HNG/country-currency-exchange/src/common/config/database.ts:29:40)\n' +
    '    at CountryModel.create (/Users/teajhaney/Desktop/Acode/2025/Project/backend/HNG/country-currency-exchange/src/models/country.model.ts:26:37)\n' +
    '    at CountryService.refreshCountries (/Users/teajhaney/Desktop/Acode/2025/Project/backend/HNG/country-currency-exchange/src/services/country.service.ts:29:30)\n' +
    '    at processTicksAndRejections (node:internal/process/task_queues:105:5)\n' +
    '    at async refreshCountries (/Users/teajhaney/Desktop/Acode/2025/Project/backend/HNG/country-currency-exchange/src/controllers/country.controller.ts:13:22)',
  timestamp: '2025-10-24T20:43:44.776Z'
}
{
  service: 'country-currency-exchange',
  message: "Duplicate entry 'Swaziland' for key 'countries.name'",
  code: 'ER_DUP_ENTRY',
  errno: 1062,
  sql: '\n' +
    '        INSERT INTO countries (\n' +
    '          name, capital, region, population, currency_code, \n' +
    '          exchange_rate, estimated_gdp, flag_url\n' +
    '        ) VALUES (?, ?, ?, ?, ?, ?, ?, ?)\n' +
    '      ',
  sqlState: '23000',
  sqlMessage: "Duplicate entry 'Swaziland' for key 'countries.name'",
  level: 'warn',
  stack: "Error: Duplicate entry 'Swaziland' for key 'countries.name'\n" +
    '    at PromisePool.execute (/Users/teajhaney/Desktop/Acode/2025/Project/backend/HNG/country-currency-exchange/node_modules/mysql2/lib/promise/pool.js:54:22)\n' +
    '    at DatabaseService.execute (/Users/teajhaney/Desktop/Acode/2025/Project/backend/HNG/country-currency-exchange/src/common/config/database.ts:29:40)\n' +
    '    at CountryModel.create (/Users/teajhaney/Desktop/Acode/2025/Project/backend/HNG/country-currency-exchange/src/models/country.model.ts:26:37)\n' +
    '    at CountryService.refreshCountries (/Users/teajhaney/Desktop/Acode/2025/Project/backend/HNG/country-currency-exchange/src/services/country.service.ts:29:30)\n' +
    '    at processTicksAndRejections (node:internal/process/task_queues:105:5)\n' +
    '    at async refreshCountries (/Users/teajhaney/Desktop/Acode/2025/Project/backend/HNG/country-currency-exchange/src/controllers/country.controller.ts:13:22)',
  timestamp: '2025-10-24T20:43:44.777Z'
}
{
  service: 'country-currency-exchange',
  message: "Duplicate entry 'Sweden' for key 'countries.name'",
  code: 'ER_DUP_ENTRY',
  errno: 1062,
  sql: '\n' +
    '        INSERT INTO countries (\n' +
    '          name, capital, region, population, currency_code, \n' +
    '          exchange_rate, estimated_gdp, flag_url\n' +
    '        ) VALUES (?, ?, ?, ?, ?, ?, ?, ?)\n' +
    '      ',
  sqlState: '23000',
  sqlMessage: "Duplicate entry 'Sweden' for key 'countries.name'",
  level: 'error',
  stack: "Error: Duplicate entry 'Sweden' for key 'countries.name'\n" +
    '    at PromisePool.execute (/Users/teajhaney/Desktop/Acode/2025/Project/backend/HNG/country-currency-exchange/node_modules/mysql2/lib/promise/pool.js:54:22)\n' +
    '    at DatabaseService.execute (/Users/teajhaney/Desktop/Acode/2025/Project/backend/HNG/country-currency-exchange/src/common/config/database.ts:29:40)\n' +
    '    at CountryModel.create (/Users/teajhaney/Desktop/Acode/2025/Project/backend/HNG/country-currency-exchange/src/models/country.model.ts:26:37)\n' +
    '    at CountryService.refreshCountries (/Users/teajhaney/Desktop/Acode/2025/Project/backend/HNG/country-currency-exchange/src/services/country.service.ts:29:30)\n' +
    '    at processTicksAndRejections (node:internal/process/task_queues:105:5)\n' +
    '    at async refreshCountries (/Users/teajhaney/Desktop/Acode/2025/Project/backend/HNG/country-currency-exchange/src/controllers/country.controller.ts:13:22)',
  timestamp: '2025-10-24T20:43:45.271Z'
}
{
  service: 'country-currency-exchange',
  message: "Duplicate entry 'Sweden' for key 'countries.name'",
  code: 'ER_DUP_ENTRY',
  errno: 1062,
  sql: '\n' +
    '        INSERT INTO countries (\n' +
    '          name, capital, region, population, currency_code, \n' +
    '          exchange_rate, estimated_gdp, flag_url\n' +
    '        ) VALUES (?, ?, ?, ?, ?, ?, ?, ?)\n' +
    '      ',
  sqlState: '23000',
  sqlMessage: "Duplicate entry 'Sweden' for key 'countries.name'",
  level: 'error',
  stack: "Error: Duplicate entry 'Sweden' for key 'countries.name'\n" +
    '    at PromisePool.execute (/Users/teajhaney/Desktop/Acode/2025/Project/backend/HNG/country-currency-exchange/node_modules/mysql2/lib/promise/pool.js:54:22)\n' +
    '    at DatabaseService.execute (/Users/teajhaney/Desktop/Acode/2025/Project/backend/HNG/country-currency-exchange/src/common/config/database.ts:29:40)\n' +
    '    at CountryModel.create (/Users/teajhaney/Desktop/Acode/2025/Project/backend/HNG/country-currency-exchange/src/models/country.model.ts:26:37)\n' +
    '    at CountryService.refreshCountries (/Users/teajhaney/Desktop/Acode/2025/Project/backend/HNG/country-currency-exchange/src/services/country.service.ts:29:30)\n' +
    '    at processTicksAndRejections (node:internal/process/task_queues:105:5)\n' +
    '    at async refreshCountries (/Users/teajhaney/Desktop/Acode/2025/Project/backend/HNG/country-currency-exchange/src/controllers/country.controller.ts:13:22)',
  timestamp: '2025-10-24T20:43:45.271Z'
}
{
  service: 'country-currency-exchange',
  message: "Duplicate entry 'Sweden' for key 'countries.name'",
  code: 'ER_DUP_ENTRY',
  errno: 1062,
  sql: '\n' +
    '        INSERT INTO countries (\n' +
    '          name, capital, region, population, currency_code, \n' +
    '          exchange_rate, estimated_gdp, flag_url\n' +
    '        ) VALUES (?, ?, ?, ?, ?, ?, ?, ?)\n' +
    '      ',
  sqlState: '23000',
  sqlMessage: "Duplicate entry 'Sweden' for key 'countries.name'",
  level: 'warn',
  stack: "Error: Duplicate entry 'Sweden' for key 'countries.name'\n" +
    '    at PromisePool.execute (/Users/teajhaney/Desktop/Acode/2025/Project/backend/HNG/country-currency-exchange/node_modules/mysql2/lib/promise/pool.js:54:22)\n' +
    '    at DatabaseService.execute (/Users/teajhaney/Desktop/Acode/2025/Project/backend/HNG/country-currency-exchange/src/common/config/database.ts:29:40)\n' +
    '    at CountryModel.create (/Users/teajhaney/Desktop/Acode/2025/Project/backend/HNG/country-currency-exchange/src/models/country.model.ts:26:37)\n' +
    '    at CountryService.refreshCountries (/Users/teajhaney/Desktop/Acode/2025/Project/backend/HNG/country-currency-exchange/src/services/country.service.ts:29:30)\n' +
    '    at processTicksAndRejections (node:internal/process/task_queues:105:5)\n' +
    '    at async refreshCountries (/Users/teajhaney/Desktop/Acode/2025/Project/backend/HNG/country-currency-exchange/src/controllers/country.controller.ts:13:22)',
  timestamp: '2025-10-24T20:43:45.271Z'
}
{
  service: 'country-currency-exchange',
  message: "Duplicate entry 'Switzerland' for key 'countries.name'",
  code: 'ER_DUP_ENTRY',
  errno: 1062,
  sql: '\n' +
    '        INSERT INTO countries (\n' +
    '          name, capital, region, population, currency_code, \n' +
    '          exchange_rate, estimated_gdp, flag_url\n' +
    '        ) VALUES (?, ?, ?, ?, ?, ?, ?, ?)\n' +
    '      ',
  sqlState: '23000',
  sqlMessage: "Duplicate entry 'Switzerland' for key 'countries.name'",
  level: 'error',
  stack: "Error: Duplicate entry 'Switzerland' for key 'countries.name'\n" +
    '    at PromisePool.execute (/Users/teajhaney/Desktop/Acode/2025/Project/backend/HNG/country-currency-exchange/node_modules/mysql2/lib/promise/pool.js:54:22)\n' +
    '    at DatabaseService.execute (/Users/teajhaney/Desktop/Acode/2025/Project/backend/HNG/country-currency-exchange/src/common/config/database.ts:29:40)\n' +
    '    at CountryModel.create (/Users/teajhaney/Desktop/Acode/2025/Project/backend/HNG/country-currency-exchange/src/models/country.model.ts:26:37)\n' +
    '    at CountryService.refreshCountries (/Users/teajhaney/Desktop/Acode/2025/Project/backend/HNG/country-currency-exchange/src/services/country.service.ts:29:30)\n' +
    '    at processTicksAndRejections (node:internal/process/task_queues:105:5)\n' +
    '    at async refreshCountries (/Users/teajhaney/Desktop/Acode/2025/Project/backend/HNG/country-currency-exchange/src/controllers/country.controller.ts:13:22)',
  timestamp: '2025-10-24T20:43:45.814Z'
}
{
  service: 'country-currency-exchange',
  message: "Duplicate entry 'Switzerland' for key 'countries.name'",
  code: 'ER_DUP_ENTRY',
  errno: 1062,
  sql: '\n' +
    '        INSERT INTO countries (\n' +
    '          name, capital, region, population, currency_code, \n' +
    '          exchange_rate, estimated_gdp, flag_url\n' +
    '        ) VALUES (?, ?, ?, ?, ?, ?, ?, ?)\n' +
    '      ',
  sqlState: '23000',
  sqlMessage: "Duplicate entry 'Switzerland' for key 'countries.name'",
  level: 'error',
  stack: "Error: Duplicate entry 'Switzerland' for key 'countries.name'\n" +
    '    at PromisePool.execute (/Users/teajhaney/Desktop/Acode/2025/Project/backend/HNG/country-currency-exchange/node_modules/mysql2/lib/promise/pool.js:54:22)\n' +
    '    at DatabaseService.execute (/Users/teajhaney/Desktop/Acode/2025/Project/backend/HNG/country-currency-exchange/src/common/config/database.ts:29:40)\n' +
    '    at CountryModel.create (/Users/teajhaney/Desktop/Acode/2025/Project/backend/HNG/country-currency-exchange/src/models/country.model.ts:26:37)\n' +
    '    at CountryService.refreshCountries (/Users/teajhaney/Desktop/Acode/2025/Project/backend/HNG/country-currency-exchange/src/services/country.service.ts:29:30)\n' +
    '    at processTicksAndRejections (node:internal/process/task_queues:105:5)\n' +
    '    at async refreshCountries (/Users/teajhaney/Desktop/Acode/2025/Project/backend/HNG/country-currency-exchange/src/controllers/country.controller.ts:13:22)',
  timestamp: '2025-10-24T20:43:45.815Z'
}
{
  service: 'country-currency-exchange',
  message: "Duplicate entry 'Switzerland' for key 'countries.name'",
  code: 'ER_DUP_ENTRY',
  errno: 1062,
  sql: '\n' +
    '        INSERT INTO countries (\n' +
    '          name, capital, region, population, currency_code, \n' +
    '          exchange_rate, estimated_gdp, flag_url\n' +
    '        ) VALUES (?, ?, ?, ?, ?, ?, ?, ?)\n' +
    '      ',
  sqlState: '23000',
  sqlMessage: "Duplicate entry 'Switzerland' for key 'countries.name'",
  level: 'warn',
  stack: "Error: Duplicate entry 'Switzerland' for key 'countries.name'\n" +
    '    at PromisePool.execute (/Users/teajhaney/Desktop/Acode/2025/Project/backend/HNG/country-currency-exchange/node_modules/mysql2/lib/promise/pool.js:54:22)\n' +
    '    at DatabaseService.execute (/Users/teajhaney/Desktop/Acode/2025/Project/backend/HNG/country-currency-exchange/src/common/config/database.ts:29:40)\n' +
    '    at CountryModel.create (/Users/teajhaney/Desktop/Acode/2025/Project/backend/HNG/country-currency-exchange/src/models/country.model.ts:26:37)\n' +
    '    at CountryService.refreshCountries (/Users/teajhaney/Desktop/Acode/2025/Project/backend/HNG/country-currency-exchange/src/services/country.service.ts:29:30)\n' +
    '    at processTicksAndRejections (node:internal/process/task_queues:105:5)\n' +
    '    at async refreshCountries (/Users/teajhaney/Desktop/Acode/2025/Project/backend/HNG/country-currency-exchange/src/controllers/country.controller.ts:13:22)',
  timestamp: '2025-10-24T20:43:45.815Z'
}
{
  service: 'country-currency-exchange',
  message: "Duplicate entry 'Syrian Arab Republic' for key 'countries.name'",
  code: 'ER_DUP_ENTRY',
  errno: 1062,
  sql: '\n' +
    '        INSERT INTO countries (\n' +
    '          name, capital, region, population, currency_code, \n' +
    '          exchange_rate, estimated_gdp, flag_url\n' +
    '        ) VALUES (?, ?, ?, ?, ?, ?, ?, ?)\n' +
    '      ',
  sqlState: '23000',
  sqlMessage: "Duplicate entry 'Syrian Arab Republic' for key 'countries.name'",
  level: 'error',
  stack: "Error: Duplicate entry 'Syrian Arab Republic' for key 'countries.name'\n" +
    '    at PromisePool.execute (/Users/teajhaney/Desktop/Acode/2025/Project/backend/HNG/country-currency-exchange/node_modules/mysql2/lib/promise/pool.js:54:22)\n' +
    '    at DatabaseService.execute (/Users/teajhaney/Desktop/Acode/2025/Project/backend/HNG/country-currency-exchange/src/common/config/database.ts:29:40)\n' +
    '    at CountryModel.create (/Users/teajhaney/Desktop/Acode/2025/Project/backend/HNG/country-currency-exchange/src/models/country.model.ts:26:37)\n' +
    '    at CountryService.refreshCountries (/Users/teajhaney/Desktop/Acode/2025/Project/backend/HNG/country-currency-exchange/src/services/country.service.ts:29:30)\n' +
    '    at processTicksAndRejections (node:internal/process/task_queues:105:5)\n' +
    '    at async refreshCountries (/Users/teajhaney/Desktop/Acode/2025/Project/backend/HNG/country-currency-exchange/src/controllers/country.controller.ts:13:22)',
  timestamp: '2025-10-24T20:43:46.358Z'
}
{
  service: 'country-currency-exchange',
  message: "Duplicate entry 'Syrian Arab Republic' for key 'countries.name'",
  code: 'ER_DUP_ENTRY',
  errno: 1062,
  sql: '\n' +
    '        INSERT INTO countries (\n' +
    '          name, capital, region, population, currency_code, \n' +
    '          exchange_rate, estimated_gdp, flag_url\n' +
    '        ) VALUES (?, ?, ?, ?, ?, ?, ?, ?)\n' +
    '      ',
  sqlState: '23000',
  sqlMessage: "Duplicate entry 'Syrian Arab Republic' for key 'countries.name'",
  level: 'error',
  stack: "Error: Duplicate entry 'Syrian Arab Republic' for key 'countries.name'\n" +
    '    at PromisePool.execute (/Users/teajhaney/Desktop/Acode/2025/Project/backend/HNG/country-currency-exchange/node_modules/mysql2/lib/promise/pool.js:54:22)\n' +
    '    at DatabaseService.execute (/Users/teajhaney/Desktop/Acode/2025/Project/backend/HNG/country-currency-exchange/src/common/config/database.ts:29:40)\n' +
    '    at CountryModel.create (/Users/teajhaney/Desktop/Acode/2025/Project/backend/HNG/country-currency-exchange/src/models/country.model.ts:26:37)\n' +
    '    at CountryService.refreshCountries (/Users/teajhaney/Desktop/Acode/2025/Project/backend/HNG/country-currency-exchange/src/services/country.service.ts:29:30)\n' +
    '    at processTicksAndRejections (node:internal/process/task_queues:105:5)\n' +
    '    at async refreshCountries (/Users/teajhaney/Desktop/Acode/2025/Project/backend/HNG/country-currency-exchange/src/controllers/country.controller.ts:13:22)',
  timestamp: '2025-10-24T20:43:46.358Z'
}
{
  service: 'country-currency-exchange',
  message: "Duplicate entry 'Syrian Arab Republic' for key 'countries.name'",
  code: 'ER_DUP_ENTRY',
  errno: 1062,
  sql: '\n' +
    '        INSERT INTO countries (\n' +
    '          name, capital, region, population, currency_code, \n' +
    '          exchange_rate, estimated_gdp, flag_url\n' +
    '        ) VALUES (?, ?, ?, ?, ?, ?, ?, ?)\n' +
    '      ',
  sqlState: '23000',
  sqlMessage: "Duplicate entry 'Syrian Arab Republic' for key 'countries.name'",
  level: 'warn',
  stack: "Error: Duplicate entry 'Syrian Arab Republic' for key 'countries.name'\n" +
    '    at PromisePool.execute (/Users/teajhaney/Desktop/Acode/2025/Project/backend/HNG/country-currency-exchange/node_modules/mysql2/lib/promise/pool.js:54:22)\n' +
    '    at DatabaseService.execute (/Users/teajhaney/Desktop/Acode/2025/Project/backend/HNG/country-currency-exchange/src/common/config/database.ts:29:40)\n' +
    '    at CountryModel.create (/Users/teajhaney/Desktop/Acode/2025/Project/backend/HNG/country-currency-exchange/src/models/country.model.ts:26:37)\n' +
    '    at CountryService.refreshCountries (/Users/teajhaney/Desktop/Acode/2025/Project/backend/HNG/country-currency-exchange/src/services/country.service.ts:29:30)\n' +
    '    at processTicksAndRejections (node:internal/process/task_queues:105:5)\n' +
    '    at async refreshCountries (/Users/teajhaney/Desktop/Acode/2025/Project/backend/HNG/country-currency-exchange/src/controllers/country.controller.ts:13:22)',
  timestamp: '2025-10-24T20:43:46.359Z'
}
{
  service: 'country-currency-exchange',
  message: "Duplicate entry 'Taiwan' for key 'countries.name'",
  code: 'ER_DUP_ENTRY',
  errno: 1062,
  sql: '\n' +
    '        INSERT INTO countries (\n' +
    '          name, capital, region, population, currency_code, \n' +
    '          exchange_rate, estimated_gdp, flag_url\n' +
    '        ) VALUES (?, ?, ?, ?, ?, ?, ?, ?)\n' +
    '      ',
  sqlState: '23000',
  sqlMessage: "Duplicate entry 'Taiwan' for key 'countries.name'",
  level: 'error',
  stack: "Error: Duplicate entry 'Taiwan' for key 'countries.name'\n" +
    '    at PromisePool.execute (/Users/teajhaney/Desktop/Acode/2025/Project/backend/HNG/country-currency-exchange/node_modules/mysql2/lib/promise/pool.js:54:22)\n' +
    '    at DatabaseService.execute (/Users/teajhaney/Desktop/Acode/2025/Project/backend/HNG/country-currency-exchange/src/common/config/database.ts:29:40)\n' +
    '    at CountryModel.create (/Users/teajhaney/Desktop/Acode/2025/Project/backend/HNG/country-currency-exchange/src/models/country.model.ts:26:37)\n' +
    '    at CountryService.refreshCountries (/Users/teajhaney/Desktop/Acode/2025/Project/backend/HNG/country-currency-exchange/src/services/country.service.ts:29:30)\n' +
    '    at processTicksAndRejections (node:internal/process/task_queues:105:5)\n' +
    '    at async refreshCountries (/Users/teajhaney/Desktop/Acode/2025/Project/backend/HNG/country-currency-exchange/src/controllers/country.controller.ts:13:22)',
  timestamp: '2025-10-24T20:43:46.867Z'
}
{
  service: 'country-currency-exchange',
  message: "Duplicate entry 'Taiwan' for key 'countries.name'",
  code: 'ER_DUP_ENTRY',
  errno: 1062,
  sql: '\n' +
    '        INSERT INTO countries (\n' +
    '          name, capital, region, population, currency_code, \n' +
    '          exchange_rate, estimated_gdp, flag_url\n' +
    '        ) VALUES (?, ?, ?, ?, ?, ?, ?, ?)\n' +
    '      ',
  sqlState: '23000',
  sqlMessage: "Duplicate entry 'Taiwan' for key 'countries.name'",
  level: 'error',
  stack: "Error: Duplicate entry 'Taiwan' for key 'countries.name'\n" +
    '    at PromisePool.execute (/Users/teajhaney/Desktop/Acode/2025/Project/backend/HNG/country-currency-exchange/node_modules/mysql2/lib/promise/pool.js:54:22)\n' +
    '    at DatabaseService.execute (/Users/teajhaney/Desktop/Acode/2025/Project/backend/HNG/country-currency-exchange/src/common/config/database.ts:29:40)\n' +
    '    at CountryModel.create (/Users/teajhaney/Desktop/Acode/2025/Project/backend/HNG/country-currency-exchange/src/models/country.model.ts:26:37)\n' +
    '    at CountryService.refreshCountries (/Users/teajhaney/Desktop/Acode/2025/Project/backend/HNG/country-currency-exchange/src/services/country.service.ts:29:30)\n' +
    '    at processTicksAndRejections (node:internal/process/task_queues:105:5)\n' +
    '    at async refreshCountries (/Users/teajhaney/Desktop/Acode/2025/Project/backend/HNG/country-currency-exchange/src/controllers/country.controller.ts:13:22)',
  timestamp: '2025-10-24T20:43:46.868Z'
}
{
  service: 'country-currency-exchange',
  message: "Duplicate entry 'Taiwan' for key 'countries.name'",
  code: 'ER_DUP_ENTRY',
  errno: 1062,
  sql: '\n' +
    '        INSERT INTO countries (\n' +
    '          name, capital, region, population, currency_code, \n' +
    '          exchange_rate, estimated_gdp, flag_url\n' +
    '        ) VALUES (?, ?, ?, ?, ?, ?, ?, ?)\n' +
    '      ',
  sqlState: '23000',
  sqlMessage: "Duplicate entry 'Taiwan' for key 'countries.name'",
  level: 'warn',
  stack: "Error: Duplicate entry 'Taiwan' for key 'countries.name'\n" +
    '    at PromisePool.execute (/Users/teajhaney/Desktop/Acode/2025/Project/backend/HNG/country-currency-exchange/node_modules/mysql2/lib/promise/pool.js:54:22)\n' +
    '    at DatabaseService.execute (/Users/teajhaney/Desktop/Acode/2025/Project/backend/HNG/country-currency-exchange/src/common/config/database.ts:29:40)\n' +
    '    at CountryModel.create (/Users/teajhaney/Desktop/Acode/2025/Project/backend/HNG/country-currency-exchange/src/models/country.model.ts:26:37)\n' +
    '    at CountryService.refreshCountries (/Users/teajhaney/Desktop/Acode/2025/Project/backend/HNG/country-currency-exchange/src/services/country.service.ts:29:30)\n' +
    '    at processTicksAndRejections (node:internal/process/task_queues:105:5)\n' +
    '    at async refreshCountries (/Users/teajhaney/Desktop/Acode/2025/Project/backend/HNG/country-currency-exchange/src/controllers/country.controller.ts:13:22)',
  timestamp: '2025-10-24T20:43:46.868Z'
}
{
  service: 'country-currency-exchange',
  message: "Duplicate entry 'Tajikistan' for key 'countries.name'",
  code: 'ER_DUP_ENTRY',
  errno: 1062,
  sql: '\n' +
    '        INSERT INTO countries (\n' +
    '          name, capital, region, population, currency_code, \n' +
    '          exchange_rate, estimated_gdp, flag_url\n' +
    '        ) VALUES (?, ?, ?, ?, ?, ?, ?, ?)\n' +
    '      ',
  sqlState: '23000',
  sqlMessage: "Duplicate entry 'Tajikistan' for key 'countries.name'",
  level: 'error',
  stack: "Error: Duplicate entry 'Tajikistan' for key 'countries.name'\n" +
    '    at PromisePool.execute (/Users/teajhaney/Desktop/Acode/2025/Project/backend/HNG/country-currency-exchange/node_modules/mysql2/lib/promise/pool.js:54:22)\n' +
    '    at DatabaseService.execute (/Users/teajhaney/Desktop/Acode/2025/Project/backend/HNG/country-currency-exchange/src/common/config/database.ts:29:40)\n' +
    '    at CountryModel.create (/Users/teajhaney/Desktop/Acode/2025/Project/backend/HNG/country-currency-exchange/src/models/country.model.ts:26:37)\n' +
    '    at CountryService.refreshCountries (/Users/teajhaney/Desktop/Acode/2025/Project/backend/HNG/country-currency-exchange/src/services/country.service.ts:29:30)\n' +
    '    at processTicksAndRejections (node:internal/process/task_queues:105:5)\n' +
    '    at async refreshCountries (/Users/teajhaney/Desktop/Acode/2025/Project/backend/HNG/country-currency-exchange/src/controllers/country.controller.ts:13:22)',
  timestamp: '2025-10-24T20:43:47.383Z'
}
{
  service: 'country-currency-exchange',
  message: "Duplicate entry 'Tajikistan' for key 'countries.name'",
  code: 'ER_DUP_ENTRY',
  errno: 1062,
  sql: '\n' +
    '        INSERT INTO countries (\n' +
    '          name, capital, region, population, currency_code, \n' +
    '          exchange_rate, estimated_gdp, flag_url\n' +
    '        ) VALUES (?, ?, ?, ?, ?, ?, ?, ?)\n' +
    '      ',
  sqlState: '23000',
  sqlMessage: "Duplicate entry 'Tajikistan' for key 'countries.name'",
  level: 'error',
  stack: "Error: Duplicate entry 'Tajikistan' for key 'countries.name'\n" +
    '    at PromisePool.execute (/Users/teajhaney/Desktop/Acode/2025/Project/backend/HNG/country-currency-exchange/node_modules/mysql2/lib/promise/pool.js:54:22)\n' +
    '    at DatabaseService.execute (/Users/teajhaney/Desktop/Acode/2025/Project/backend/HNG/country-currency-exchange/src/common/config/database.ts:29:40)\n' +
    '    at CountryModel.create (/Users/teajhaney/Desktop/Acode/2025/Project/backend/HNG/country-currency-exchange/src/models/country.model.ts:26:37)\n' +
    '    at CountryService.refreshCountries (/Users/teajhaney/Desktop/Acode/2025/Project/backend/HNG/country-currency-exchange/src/services/country.service.ts:29:30)\n' +
    '    at processTicksAndRejections (node:internal/process/task_queues:105:5)\n' +
    '    at async refreshCountries (/Users/teajhaney/Desktop/Acode/2025/Project/backend/HNG/country-currency-exchange/src/controllers/country.controller.ts:13:22)',
  timestamp: '2025-10-24T20:43:47.383Z'
}
{
  service: 'country-currency-exchange',
  message: "Duplicate entry 'Tajikistan' for key 'countries.name'",
  code: 'ER_DUP_ENTRY',
  errno: 1062,
  sql: '\n' +
    '        INSERT INTO countries (\n' +
    '          name, capital, region, population, currency_code, \n' +
    '          exchange_rate, estimated_gdp, flag_url\n' +
    '        ) VALUES (?, ?, ?, ?, ?, ?, ?, ?)\n' +
    '      ',
  sqlState: '23000',
  sqlMessage: "Duplicate entry 'Tajikistan' for key 'countries.name'",
  level: 'warn',
  stack: "Error: Duplicate entry 'Tajikistan' for key 'countries.name'\n" +
    '    at PromisePool.execute (/Users/teajhaney/Desktop/Acode/2025/Project/backend/HNG/country-currency-exchange/node_modules/mysql2/lib/promise/pool.js:54:22)\n' +
    '    at DatabaseService.execute (/Users/teajhaney/Desktop/Acode/2025/Project/backend/HNG/country-currency-exchange/src/common/config/database.ts:29:40)\n' +
    '    at CountryModel.create (/Users/teajhaney/Desktop/Acode/2025/Project/backend/HNG/country-currency-exchange/src/models/country.model.ts:26:37)\n' +
    '    at CountryService.refreshCountries (/Users/teajhaney/Desktop/Acode/2025/Project/backend/HNG/country-currency-exchange/src/services/country.service.ts:29:30)\n' +
    '    at processTicksAndRejections (node:internal/process/task_queues:105:5)\n' +
    '    at async refreshCountries (/Users/teajhaney/Desktop/Acode/2025/Project/backend/HNG/country-currency-exchange/src/controllers/country.controller.ts:13:22)',
  timestamp: '2025-10-24T20:43:47.383Z'
}
{
  service: 'country-currency-exchange',
  message: "Duplicate entry 'Tanzania, United Republic of' for key 'countries.name'",
  code: 'ER_DUP_ENTRY',
  errno: 1062,
  sql: '\n' +
    '        INSERT INTO countries (\n' +
    '          name, capital, region, population, currency_code, \n' +
    '          exchange_rate, estimated_gdp, flag_url\n' +
    '        ) VALUES (?, ?, ?, ?, ?, ?, ?, ?)\n' +
    '      ',
  sqlState: '23000',
  sqlMessage: "Duplicate entry 'Tanzania, United Republic of' for key 'countries.name'",
  level: 'error',
  stack: "Error: Duplicate entry 'Tanzania, United Republic of' for key 'countries.name'\n" +
    '    at PromisePool.execute (/Users/teajhaney/Desktop/Acode/2025/Project/backend/HNG/country-currency-exchange/node_modules/mysql2/lib/promise/pool.js:54:22)\n' +
    '    at DatabaseService.execute (/Users/teajhaney/Desktop/Acode/2025/Project/backend/HNG/country-currency-exchange/src/common/config/database.ts:29:40)\n' +
    '    at CountryModel.create (/Users/teajhaney/Desktop/Acode/2025/Project/backend/HNG/country-currency-exchange/src/models/country.model.ts:26:37)\n' +
    '    at CountryService.refreshCountries (/Users/teajhaney/Desktop/Acode/2025/Project/backend/HNG/country-currency-exchange/src/services/country.service.ts:29:30)\n' +
    '    at processTicksAndRejections (node:internal/process/task_queues:105:5)\n' +
    '    at async refreshCountries (/Users/teajhaney/Desktop/Acode/2025/Project/backend/HNG/country-currency-exchange/src/controllers/country.controller.ts:13:22)',
  timestamp: '2025-10-24T20:43:47.918Z'
}
{
  service: 'country-currency-exchange',
  message: "Duplicate entry 'Tanzania, United Republic of' for key 'countries.name'",
  code: 'ER_DUP_ENTRY',
  errno: 1062,
  sql: '\n' +
    '        INSERT INTO countries (\n' +
    '          name, capital, region, population, currency_code, \n' +
    '          exchange_rate, estimated_gdp, flag_url\n' +
    '        ) VALUES (?, ?, ?, ?, ?, ?, ?, ?)\n' +
    '      ',
  sqlState: '23000',
  sqlMessage: "Duplicate entry 'Tanzania, United Republic of' for key 'countries.name'",
  level: 'error',
  stack: "Error: Duplicate entry 'Tanzania, United Republic of' for key 'countries.name'\n" +
    '    at PromisePool.execute (/Users/teajhaney/Desktop/Acode/2025/Project/backend/HNG/country-currency-exchange/node_modules/mysql2/lib/promise/pool.js:54:22)\n' +
    '    at DatabaseService.execute (/Users/teajhaney/Desktop/Acode/2025/Project/backend/HNG/country-currency-exchange/src/common/config/database.ts:29:40)\n' +
    '    at CountryModel.create (/Users/teajhaney/Desktop/Acode/2025/Project/backend/HNG/country-currency-exchange/src/models/country.model.ts:26:37)\n' +
    '    at CountryService.refreshCountries (/Users/teajhaney/Desktop/Acode/2025/Project/backend/HNG/country-currency-exchange/src/services/country.service.ts:29:30)\n' +
    '    at processTicksAndRejections (node:internal/process/task_queues:105:5)\n' +
    '    at async refreshCountries (/Users/teajhaney/Desktop/Acode/2025/Project/backend/HNG/country-currency-exchange/src/controllers/country.controller.ts:13:22)',
  timestamp: '2025-10-24T20:43:47.918Z'
}
{
  service: 'country-currency-exchange',
  message: "Duplicate entry 'Tanzania, United Republic of' for key 'countries.name'",
  code: 'ER_DUP_ENTRY',
  errno: 1062,
  sql: '\n' +
    '        INSERT INTO countries (\n' +
    '          name, capital, region, population, currency_code, \n' +
    '          exchange_rate, estimated_gdp, flag_url\n' +
    '        ) VALUES (?, ?, ?, ?, ?, ?, ?, ?)\n' +
    '      ',
  sqlState: '23000',
  sqlMessage: "Duplicate entry 'Tanzania, United Republic of' for key 'countries.name'",
  level: 'warn',
  stack: "Error: Duplicate entry 'Tanzania, United Republic of' for key 'countries.name'\n" +
    '    at PromisePool.execute (/Users/teajhaney/Desktop/Acode/2025/Project/backend/HNG/country-currency-exchange/node_modules/mysql2/lib/promise/pool.js:54:22)\n' +
    '    at DatabaseService.execute (/Users/teajhaney/Desktop/Acode/2025/Project/backend/HNG/country-currency-exchange/src/common/config/database.ts:29:40)\n' +
    '    at CountryModel.create (/Users/teajhaney/Desktop/Acode/2025/Project/backend/HNG/country-currency-exchange/src/models/country.model.ts:26:37)\n' +
    '    at CountryService.refreshCountries (/Users/teajhaney/Desktop/Acode/2025/Project/backend/HNG/country-currency-exchange/src/services/country.service.ts:29:30)\n' +
    '    at processTicksAndRejections (node:internal/process/task_queues:105:5)\n' +
    '    at async refreshCountries (/Users/teajhaney/Desktop/Acode/2025/Project/backend/HNG/country-currency-exchange/src/controllers/country.controller.ts:13:22)',
  timestamp: '2025-10-24T20:43:47.918Z'
}
{
  service: 'country-currency-exchange',
  message: "Duplicate entry 'Thailand' for key 'countries.name'",
  code: 'ER_DUP_ENTRY',
  errno: 1062,
  sql: '\n' +
    '        INSERT INTO countries (\n' +
    '          name, capital, region, population, currency_code, \n' +
    '          exchange_rate, estimated_gdp, flag_url\n' +
    '        ) VALUES (?, ?, ?, ?, ?, ?, ?, ?)\n' +
    '      ',
  sqlState: '23000',
  sqlMessage: "Duplicate entry 'Thailand' for key 'countries.name'",
  level: 'error',
  stack: "Error: Duplicate entry 'Thailand' for key 'countries.name'\n" +
    '    at PromisePool.execute (/Users/teajhaney/Desktop/Acode/2025/Project/backend/HNG/country-currency-exchange/node_modules/mysql2/lib/promise/pool.js:54:22)\n' +
    '    at DatabaseService.execute (/Users/teajhaney/Desktop/Acode/2025/Project/backend/HNG/country-currency-exchange/src/common/config/database.ts:29:40)\n' +
    '    at CountryModel.create (/Users/teajhaney/Desktop/Acode/2025/Project/backend/HNG/country-currency-exchange/src/models/country.model.ts:26:37)\n' +
    '    at CountryService.refreshCountries (/Users/teajhaney/Desktop/Acode/2025/Project/backend/HNG/country-currency-exchange/src/services/country.service.ts:29:30)\n' +
    '    at processTicksAndRejections (node:internal/process/task_queues:105:5)\n' +
    '    at async refreshCountries (/Users/teajhaney/Desktop/Acode/2025/Project/backend/HNG/country-currency-exchange/src/controllers/country.controller.ts:13:22)',
  timestamp: '2025-10-24T20:43:48.427Z'
}
{
  service: 'country-currency-exchange',
  message: "Duplicate entry 'Thailand' for key 'countries.name'",
  code: 'ER_DUP_ENTRY',
  errno: 1062,
  sql: '\n' +
    '        INSERT INTO countries (\n' +
    '          name, capital, region, population, currency_code, \n' +
    '          exchange_rate, estimated_gdp, flag_url\n' +
    '        ) VALUES (?, ?, ?, ?, ?, ?, ?, ?)\n' +
    '      ',
  sqlState: '23000',
  sqlMessage: "Duplicate entry 'Thailand' for key 'countries.name'",
  level: 'error',
  stack: "Error: Duplicate entry 'Thailand' for key 'countries.name'\n" +
    '    at PromisePool.execute (/Users/teajhaney/Desktop/Acode/2025/Project/backend/HNG/country-currency-exchange/node_modules/mysql2/lib/promise/pool.js:54:22)\n' +
    '    at DatabaseService.execute (/Users/teajhaney/Desktop/Acode/2025/Project/backend/HNG/country-currency-exchange/src/common/config/database.ts:29:40)\n' +
    '    at CountryModel.create (/Users/teajhaney/Desktop/Acode/2025/Project/backend/HNG/country-currency-exchange/src/models/country.model.ts:26:37)\n' +
    '    at CountryService.refreshCountries (/Users/teajhaney/Desktop/Acode/2025/Project/backend/HNG/country-currency-exchange/src/services/country.service.ts:29:30)\n' +
    '    at processTicksAndRejections (node:internal/process/task_queues:105:5)\n' +
    '    at async refreshCountries (/Users/teajhaney/Desktop/Acode/2025/Project/backend/HNG/country-currency-exchange/src/controllers/country.controller.ts:13:22)',
  timestamp: '2025-10-24T20:43:48.428Z'
}
{
  service: 'country-currency-exchange',
  message: "Duplicate entry 'Thailand' for key 'countries.name'",
  code: 'ER_DUP_ENTRY',
  errno: 1062,
  sql: '\n' +
    '        INSERT INTO countries (\n' +
    '          name, capital, region, population, currency_code, \n' +
    '          exchange_rate, estimated_gdp, flag_url\n' +
    '        ) VALUES (?, ?, ?, ?, ?, ?, ?, ?)\n' +
    '      ',
  sqlState: '23000',
  sqlMessage: "Duplicate entry 'Thailand' for key 'countries.name'",
  level: 'warn',
  stack: "Error: Duplicate entry 'Thailand' for key 'countries.name'\n" +
    '    at PromisePool.execute (/Users/teajhaney/Desktop/Acode/2025/Project/backend/HNG/country-currency-exchange/node_modules/mysql2/lib/promise/pool.js:54:22)\n' +
    '    at DatabaseService.execute (/Users/teajhaney/Desktop/Acode/2025/Project/backend/HNG/country-currency-exchange/src/common/config/database.ts:29:40)\n' +
    '    at CountryModel.create (/Users/teajhaney/Desktop/Acode/2025/Project/backend/HNG/country-currency-exchange/src/models/country.model.ts:26:37)\n' +
    '    at CountryService.refreshCountries (/Users/teajhaney/Desktop/Acode/2025/Project/backend/HNG/country-currency-exchange/src/services/country.service.ts:29:30)\n' +
    '    at processTicksAndRejections (node:internal/process/task_queues:105:5)\n' +
    '    at async refreshCountries (/Users/teajhaney/Desktop/Acode/2025/Project/backend/HNG/country-currency-exchange/src/controllers/country.controller.ts:13:22)',
  timestamp: '2025-10-24T20:43:48.428Z'
}
{
  message: 'Database connection successful',
  level: 'info',
  service: 'country-currency-exchange',
  timestamp: '2025-10-24T20:46:24.424Z'
}
{
  message: 'Database tables initialized successfully',
  level: 'info',
  service: 'country-currency-exchange',
  timestamp: '2025-10-24T20:46:27.511Z'
}
{
  message: 'Server started successfully on port 3000',
  level: 'info',
  service: 'country-currency-exchange',
  timestamp: '2025-10-24T20:46:27.514Z'
}
{
  service: 'country-currency-exchange',
  level: 'error',
  message: 'Error deleting country: Country not found',
  stack: 'Error: Country not found\n' +
    '    at CountryService.deleteCountryByName (/Users/teajhaney/Desktop/Acode/2025/Project/backend/HNG/country-currency-exchange/src/services/country.service.ts:93:15)\n' +
    '    at processTicksAndRejections (node:internal/process/task_queues:105:5)\n' +
    '    at async deleteCountryByName (/Users/teajhaney/Desktop/Acode/2025/Project/backend/HNG/country-currency-exchange/src/controllers/country.controller.ts:78:23)',
  timestamp: '2025-10-24T20:52:01.506Z'
}
{
  service: 'country-currency-exchange',
  level: 'error',
  message: 'Error in deleteCountryByName controller: Country not found',
  stack: 'Error: Country not found\n' +
    '    at CountryService.deleteCountryByName (/Users/teajhaney/Desktop/Acode/2025/Project/backend/HNG/country-currency-exchange/src/services/country.service.ts:93:15)\n' +
    '    at processTicksAndRejections (node:internal/process/task_queues:105:5)\n' +
    '    at async deleteCountryByName (/Users/teajhaney/Desktop/Acode/2025/Project/backend/HNG/country-currency-exchange/src/controllers/country.controller.ts:78:23)',
  timestamp: '2025-10-24T20:52:01.512Z'
}
{
  message: 'Refresh status updated: 249 countries',
  level: 'info',
  service: 'country-currency-exchange',
  timestamp: '2025-10-24T20:52:28.124Z'
}
{
  service: 'country-currency-exchange',
  level: 'error',
  message: 'Error getting country by name: Country not found',
  stack: 'Error: Country not found\n' +
    '    at CountryService.getCountryByName (/Users/teajhaney/Desktop/Acode/2025/Project/backend/HNG/country-currency-exchange/src/services/country.service.ts:80:15)\n' +
    '    at processTicksAndRejections (node:internal/process/task_queues:105:5)\n' +
    '    at async getCountryByName (/Users/teajhaney/Desktop/Acode/2025/Project/backend/HNG/country-currency-exchange/src/controllers/country.controller.ts:62:23)',
  timestamp: '2025-10-24T20:53:24.398Z'
}
{
  service: 'country-currency-exchange',
  level: 'error',
  message: 'Error in getCountryByName controller: Country not found',
  stack: 'Error: Country not found\n' +
    '    at CountryService.getCountryByName (/Users/teajhaney/Desktop/Acode/2025/Project/backend/HNG/country-currency-exchange/src/services/country.service.ts:80:15)\n' +
    '    at processTicksAndRejections (node:internal/process/task_queues:105:5)\n' +
    '    at async getCountryByName (/Users/teajhaney/Desktop/Acode/2025/Project/backend/HNG/country-currency-exchange/src/controllers/country.controller.ts:62:23)',
  timestamp: '2025-10-24T20:53:24.400Z'
}
{
  message: 'Database connection successful',
  level: 'info',
  service: 'country-currency-exchange',
  timestamp: '2025-10-24T20:53:55.856Z'
}
{
  message: 'Database connection successful',
  level: 'info',
  service: 'country-currency-exchange',
  timestamp: '2025-10-24T20:53:55.921Z'
}
{
  message: 'Database connection successful',
  level: 'info',
  service: 'country-currency-exchange',
  timestamp: '2025-10-24T20:53:59.469Z'
}
{
  message: 'Database tables initialized successfully',
  level: 'info',
  service: 'country-currency-exchange',
  timestamp: '2025-10-24T20:54:00.676Z'
}
{
  message: 'Server started successfully on port 3000',
  level: 'info',
  service: 'country-currency-exchange',
  timestamp: '2025-10-24T20:54:00.681Z'
}
{
  message: 'Database tables initialized successfully',
  level: 'info',
  service: 'country-currency-exchange',
  timestamp: '2025-10-24T20:54:02.466Z'
}
{
  message: 'Database tables initialized successfully',
  level: 'info',
  service: 'country-currency-exchange',
  timestamp: '2025-10-24T20:54:04.538Z'
}
{
  service: 'country-currency-exchange',
  level: 'error',
  message: 'Error getting summary image: Summary image not found',
  stack: 'Error: Summary image not found\n' +
    '    at CountryService.getSummaryImage (/Users/teajhaney/Desktop/Acode/2025/Project/backend/HNG/country-currency-exchange/src/services/country.service.ts:130:15)\n' +
    '    at getSummaryImage (/Users/teajhaney/Desktop/Acode/2025/Project/backend/HNG/country-currency-exchange/src/controllers/country.controller.ts:114:43)\n' +
    '    at Layer.handle [as handle_request] (/Users/teajhaney/Desktop/Acode/2025/Project/backend/HNG/country-currency-exchange/node_modules/express/lib/router/layer.js:95:5)\n' +
    '    at next (/Users/teajhaney/Desktop/Acode/2025/Project/backend/HNG/country-currency-exchange/node_modules/express/lib/router/route.js:149:13)\n' +
    '    at Route.dispatch (/Users/teajhaney/Desktop/Acode/2025/Project/backend/HNG/country-currency-exchange/node_modules/express/lib/router/route.js:119:3)\n' +
    '    at Layer.handle [as handle_request] (/Users/teajhaney/Desktop/Acode/2025/Project/backend/HNG/country-currency-exchange/node_modules/express/lib/router/layer.js:95:5)\n' +
    '    at /Users/teajhaney/Desktop/Acode/2025/Project/backend/HNG/country-currency-exchange/node_modules/express/lib/router/index.js:284:15\n' +
    '    at router.process_params (/Users/teajhaney/Desktop/Acode/2025/Project/backend/HNG/country-currency-exchange/node_modules/express/lib/router/index.js:346:12)\n' +
    '    at next (/Users/teajhaney/Desktop/Acode/2025/Project/backend/HNG/country-currency-exchange/node_modules/express/lib/router/index.js:280:10)\n' +
    '    at router.handle (/Users/teajhaney/Desktop/Acode/2025/Project/backend/HNG/country-currency-exchange/node_modules/express/lib/router/index.js:175:3)',
  timestamp: '2025-10-24T20:54:05.074Z'
}
{
  service: 'country-currency-exchange',
  level: 'error',
  message: 'Error in getSummaryImage controller: Summary image not found',
  stack: 'Error: Summary image not found\n' +
    '    at CountryService.getSummaryImage (/Users/teajhaney/Desktop/Acode/2025/Project/backend/HNG/country-currency-exchange/src/services/country.service.ts:130:15)\n' +
    '    at getSummaryImage (/Users/teajhaney/Desktop/Acode/2025/Project/backend/HNG/country-currency-exchange/src/controllers/country.controller.ts:114:43)\n' +
    '    at Layer.handle [as handle_request] (/Users/teajhaney/Desktop/Acode/2025/Project/backend/HNG/country-currency-exchange/node_modules/express/lib/router/layer.js:95:5)\n' +
    '    at next (/Users/teajhaney/Desktop/Acode/2025/Project/backend/HNG/country-currency-exchange/node_modules/express/lib/router/route.js:149:13)\n' +
    '    at Route.dispatch (/Users/teajhaney/Desktop/Acode/2025/Project/backend/HNG/country-currency-exchange/node_modules/express/lib/router/route.js:119:3)\n' +
    '    at Layer.handle [as handle_request] (/Users/teajhaney/Desktop/Acode/2025/Project/backend/HNG/country-currency-exchange/node_modules/express/lib/router/layer.js:95:5)\n' +
    '    at /Users/teajhaney/Desktop/Acode/2025/Project/backend/HNG/country-currency-exchange/node_modules/express/lib/router/index.js:284:15\n' +
    '    at router.process_params (/Users/teajhaney/Desktop/Acode/2025/Project/backend/HNG/country-currency-exchange/node_modules/express/lib/router/index.js:346:12)\n' +
    '    at next (/Users/teajhaney/Desktop/Acode/2025/Project/backend/HNG/country-currency-exchange/node_modules/express/lib/router/index.js:280:10)\n' +
    '    at router.handle (/Users/teajhaney/Desktop/Acode/2025/Project/backend/HNG/country-currency-exchange/node_modules/express/lib/router/index.js:175:3)',
  timestamp: '2025-10-24T20:54:05.075Z'
}
{
  service: 'country-currency-exchange',
  level: 'error',
  message: 'Error getting summary image: Summary image not found',
  stack: 'Error: Summary image not found\n' +
    '    at CountryService.getSummaryImage (/Users/teajhaney/Desktop/Acode/2025/Project/backend/HNG/country-currency-exchange/src/services/country.service.ts:130:15)\n' +
    '    at getSummaryImage (/Users/teajhaney/Desktop/Acode/2025/Project/backend/HNG/country-currency-exchange/src/controllers/country.controller.ts:114:43)\n' +
    '    at Layer.handle [as handle_request] (/Users/teajhaney/Desktop/Acode/2025/Project/backend/HNG/country-currency-exchange/node_modules/express/lib/router/layer.js:95:5)\n' +
    '    at next (/Users/teajhaney/Desktop/Acode/2025/Project/backend/HNG/country-currency-exchange/node_modules/express/lib/router/route.js:149:13)\n' +
    '    at Route.dispatch (/Users/teajhaney/Desktop/Acode/2025/Project/backend/HNG/country-currency-exchange/node_modules/express/lib/router/route.js:119:3)\n' +
    '    at Layer.handle [as handle_request] (/Users/teajhaney/Desktop/Acode/2025/Project/backend/HNG/country-currency-exchange/node_modules/express/lib/router/layer.js:95:5)\n' +
    '    at /Users/teajhaney/Desktop/Acode/2025/Project/backend/HNG/country-currency-exchange/node_modules/express/lib/router/index.js:284:15\n' +
    '    at router.process_params (/Users/teajhaney/Desktop/Acode/2025/Project/backend/HNG/country-currency-exchange/node_modules/express/lib/router/index.js:346:12)\n' +
    '    at next (/Users/teajhaney/Desktop/Acode/2025/Project/backend/HNG/country-currency-exchange/node_modules/express/lib/router/index.js:280:10)\n' +
    '    at router.handle (/Users/teajhaney/Desktop/Acode/2025/Project/backend/HNG/country-currency-exchange/node_modules/express/lib/router/index.js:175:3)',
  timestamp: '2025-10-24T20:54:08.085Z'
}
{
  service: 'country-currency-exchange',
  level: 'error',
  message: 'Error in getSummaryImage controller: Summary image not found',
  stack: 'Error: Summary image not found\n' +
    '    at CountryService.getSummaryImage (/Users/teajhaney/Desktop/Acode/2025/Project/backend/HNG/country-currency-exchange/src/services/country.service.ts:130:15)\n' +
    '    at getSummaryImage (/Users/teajhaney/Desktop/Acode/2025/Project/backend/HNG/country-currency-exchange/src/controllers/country.controller.ts:114:43)\n' +
    '    at Layer.handle [as handle_request] (/Users/teajhaney/Desktop/Acode/2025/Project/backend/HNG/country-currency-exchange/node_modules/express/lib/router/layer.js:95:5)\n' +
    '    at next (/Users/teajhaney/Desktop/Acode/2025/Project/backend/HNG/country-currency-exchange/node_modules/express/lib/router/route.js:149:13)\n' +
    '    at Route.dispatch (/Users/teajhaney/Desktop/Acode/2025/Project/backend/HNG/country-currency-exchange/node_modules/express/lib/router/route.js:119:3)\n' +
    '    at Layer.handle [as handle_request] (/Users/teajhaney/Desktop/Acode/2025/Project/backend/HNG/country-currency-exchange/node_modules/express/lib/router/layer.js:95:5)\n' +
    '    at /Users/teajhaney/Desktop/Acode/2025/Project/backend/HNG/country-currency-exchange/node_modules/express/lib/router/index.js:284:15\n' +
    '    at router.process_params (/Users/teajhaney/Desktop/Acode/2025/Project/backend/HNG/country-currency-exchange/node_modules/express/lib/router/index.js:346:12)\n' +
    '    at next (/Users/teajhaney/Desktop/Acode/2025/Project/backend/HNG/country-currency-exchange/node_modules/express/lib/router/index.js:280:10)\n' +
    '    at router.handle (/Users/teajhaney/Desktop/Acode/2025/Project/backend/HNG/country-currency-exchange/node_modules/express/lib/router/index.js:175:3)',
  timestamp: '2025-10-24T20:54:08.086Z'
}
{
  message: 'Starting countries refresh process...',
  level: 'info',
  service: 'country-currency-exchange',
  timestamp: '2025-10-24T20:55:08.661Z'
}
{
  message: 'Starting to fetch and process all external data...',
  level: 'info',
  service: 'country-currency-exchange',
  timestamp: '2025-10-24T20:55:08.662Z'
}
{
  message: 'Fetching countries from external API...',
  level: 'info',
  service: 'country-currency-exchange',
  timestamp: '2025-10-24T20:55:08.663Z'
}
{
  message: 'Fetching exchange rates from external API...',
  level: 'info',
  service: 'country-currency-exchange',
  timestamp: '2025-10-24T20:55:08.677Z'
}
{
  message: 'Successfully fetched exchange rates for 165 currencies',
  level: 'info',
  service: 'country-currency-exchange',
  timestamp: '2025-10-24T20:55:10.579Z'
}
{
  message: 'Successfully fetched 250 countries',
  level: 'info',
  service: 'country-currency-exchange',
  timestamp: '2025-10-24T20:55:11.752Z'
}
{
  message: 'Processing countries data with exchange rates...',
  level: 'info',
  service: 'country-currency-exchange',
  timestamp: '2025-10-24T20:55:11.753Z'
}
{
  message: 'Successfully processed 250 countries',
  level: 'info',
  service: 'country-currency-exchange',
  timestamp: '2025-10-24T20:55:11.754Z'
}
{
  message: 'All countries cleared from database',
  level: 'info',
  service: 'country-currency-exchange',
  timestamp: '2025-10-24T20:55:12.715Z'
}
{
  service: 'country-currency-exchange',
  level: 'error',
  message: 'Error getting summary image: Summary image not found',
  stack: 'Error: Summary image not found\n' +
    '    at CountryService.getSummaryImage (/Users/teajhaney/Desktop/Acode/2025/Project/backend/HNG/country-currency-exchange/src/services/country.service.ts:130:15)\n' +
    '    at getSummaryImage (/Users/teajhaney/Desktop/Acode/2025/Project/backend/HNG/country-currency-exchange/src/controllers/country.controller.ts:114:43)\n' +
    '    at Layer.handle [as handle_request] (/Users/teajhaney/Desktop/Acode/2025/Project/backend/HNG/country-currency-exchange/node_modules/express/lib/router/layer.js:95:5)\n' +
    '    at next (/Users/teajhaney/Desktop/Acode/2025/Project/backend/HNG/country-currency-exchange/node_modules/express/lib/router/route.js:149:13)\n' +
    '    at Route.dispatch (/Users/teajhaney/Desktop/Acode/2025/Project/backend/HNG/country-currency-exchange/node_modules/express/lib/router/route.js:119:3)\n' +
    '    at Layer.handle [as handle_request] (/Users/teajhaney/Desktop/Acode/2025/Project/backend/HNG/country-currency-exchange/node_modules/express/lib/router/layer.js:95:5)\n' +
    '    at /Users/teajhaney/Desktop/Acode/2025/Project/backend/HNG/country-currency-exchange/node_modules/express/lib/router/index.js:284:15\n' +
    '    at router.process_params (/Users/teajhaney/Desktop/Acode/2025/Project/backend/HNG/country-currency-exchange/node_modules/express/lib/router/index.js:346:12)\n' +
    '    at next (/Users/teajhaney/Desktop/Acode/2025/Project/backend/HNG/country-currency-exchange/node_modules/express/lib/router/index.js:280:10)\n' +
    '    at router.handle (/Users/teajhaney/Desktop/Acode/2025/Project/backend/HNG/country-currency-exchange/node_modules/express/lib/router/index.js:175:3)',
  timestamp: '2025-10-24T20:55:14.229Z'
}
{
  service: 'country-currency-exchange',
  level: 'error',
  message: 'Error in getSummaryImage controller: Summary image not found',
  stack: 'Error: Summary image not found\n' +
    '    at CountryService.getSummaryImage (/Users/teajhaney/Desktop/Acode/2025/Project/backend/HNG/country-currency-exchange/src/services/country.service.ts:130:15)\n' +
    '    at getSummaryImage (/Users/teajhaney/Desktop/Acode/2025/Project/backend/HNG/country-currency-exchange/src/controllers/country.controller.ts:114:43)\n' +
    '    at Layer.handle [as handle_request] (/Users/teajhaney/Desktop/Acode/2025/Project/backend/HNG/country-currency-exchange/node_modules/express/lib/router/layer.js:95:5)\n' +
    '    at next (/Users/teajhaney/Desktop/Acode/2025/Project/backend/HNG/country-currency-exchange/node_modules/express/lib/router/route.js:149:13)\n' +
    '    at Route.dispatch (/Users/teajhaney/Desktop/Acode/2025/Project/backend/HNG/country-currency-exchange/node_modules/express/lib/router/route.js:119:3)\n' +
    '    at Layer.handle [as handle_request] (/Users/teajhaney/Desktop/Acode/2025/Project/backend/HNG/country-currency-exchange/node_modules/express/lib/router/layer.js:95:5)\n' +
    '    at /Users/teajhaney/Desktop/Acode/2025/Project/backend/HNG/country-currency-exchange/node_modules/express/lib/router/index.js:284:15\n' +
    '    at router.process_params (/Users/teajhaney/Desktop/Acode/2025/Project/backend/HNG/country-currency-exchange/node_modules/express/lib/router/index.js:346:12)\n' +
    '    at next (/Users/teajhaney/Desktop/Acode/2025/Project/backend/HNG/country-currency-exchange/node_modules/express/lib/router/index.js:280:10)\n' +
    '    at router.handle (/Users/teajhaney/Desktop/Acode/2025/Project/backend/HNG/country-currency-exchange/node_modules/express/lib/router/index.js:175:3)',
  timestamp: '2025-10-24T20:55:14.230Z'
}
{
  service: 'country-currency-exchange',
  level: 'error',
  message: 'Error getting summary image: Summary image not found',
  stack: 'Error: Summary image not found\n' +
    '    at CountryService.getSummaryImage (/Users/teajhaney/Desktop/Acode/2025/Project/backend/HNG/country-currency-exchange/src/services/country.service.ts:130:15)\n' +
    '    at getSummaryImage (/Users/teajhaney/Desktop/Acode/2025/Project/backend/HNG/country-currency-exchange/src/controllers/country.controller.ts:114:43)\n' +
    '    at Layer.handle [as handle_request] (/Users/teajhaney/Desktop/Acode/2025/Project/backend/HNG/country-currency-exchange/node_modules/express/lib/router/layer.js:95:5)\n' +
    '    at next (/Users/teajhaney/Desktop/Acode/2025/Project/backend/HNG/country-currency-exchange/node_modules/express/lib/router/route.js:149:13)\n' +
    '    at Route.dispatch (/Users/teajhaney/Desktop/Acode/2025/Project/backend/HNG/country-currency-exchange/node_modules/express/lib/router/route.js:119:3)\n' +
    '    at Layer.handle [as handle_request] (/Users/teajhaney/Desktop/Acode/2025/Project/backend/HNG/country-currency-exchange/node_modules/express/lib/router/layer.js:95:5)\n' +
    '    at /Users/teajhaney/Desktop/Acode/2025/Project/backend/HNG/country-currency-exchange/node_modules/express/lib/router/index.js:284:15\n' +
    '    at router.process_params (/Users/teajhaney/Desktop/Acode/2025/Project/backend/HNG/country-currency-exchange/node_modules/express/lib/router/index.js:346:12)\n' +
    '    at next (/Users/teajhaney/Desktop/Acode/2025/Project/backend/HNG/country-currency-exchange/node_modules/express/lib/router/index.js:280:10)\n' +
    '    at router.handle (/Users/teajhaney/Desktop/Acode/2025/Project/backend/HNG/country-currency-exchange/node_modules/express/lib/router/index.js:175:3)',
  timestamp: '2025-10-24T20:55:15.288Z'
}
{
  service: 'country-currency-exchange',
  level: 'error',
  message: 'Error in getSummaryImage controller: Summary image not found',
  stack: 'Error: Summary image not found\n' +
    '    at CountryService.getSummaryImage (/Users/teajhaney/Desktop/Acode/2025/Project/backend/HNG/country-currency-exchange/src/services/country.service.ts:130:15)\n' +
    '    at getSummaryImage (/Users/teajhaney/Desktop/Acode/2025/Project/backend/HNG/country-currency-exchange/src/controllers/country.controller.ts:114:43)\n' +
    '    at Layer.handle [as handle_request] (/Users/teajhaney/Desktop/Acode/2025/Project/backend/HNG/country-currency-exchange/node_modules/express/lib/router/layer.js:95:5)\n' +
    '    at next (/Users/teajhaney/Desktop/Acode/2025/Project/backend/HNG/country-currency-exchange/node_modules/express/lib/router/route.js:149:13)\n' +
    '    at Route.dispatch (/Users/teajhaney/Desktop/Acode/2025/Project/backend/HNG/country-currency-exchange/node_modules/express/lib/router/route.js:119:3)\n' +
    '    at Layer.handle [as handle_request] (/Users/teajhaney/Desktop/Acode/2025/Project/backend/HNG/country-currency-exchange/node_modules/express/lib/router/layer.js:95:5)\n' +
    '    at /Users/teajhaney/Desktop/Acode/2025/Project/backend/HNG/country-currency-exchange/node_modules/express/lib/router/index.js:284:15\n' +
    '    at router.process_params (/Users/teajhaney/Desktop/Acode/2025/Project/backend/HNG/country-currency-exchange/node_modules/express/lib/router/index.js:346:12)\n' +
    '    at next (/Users/teajhaney/Desktop/Acode/2025/Project/backend/HNG/country-currency-exchange/node_modules/express/lib/router/index.js:280:10)\n' +
    '    at router.handle (/Users/teajhaney/Desktop/Acode/2025/Project/backend/HNG/country-currency-exchange/node_modules/express/lib/router/index.js:175:3)',
  timestamp: '2025-10-24T20:55:15.289Z'
}
{
  message: 'Database connection successful',
  level: 'info',
  service: 'country-currency-exchange',
  timestamp: '2025-10-24T20:58:44.898Z'
}
{
  message: 'Database connection successful',
  level: 'info',
  service: 'country-currency-exchange',
  timestamp: '2025-10-24T20:58:45.681Z'
}
{
  message: 'Database tables initialized successfully',
  level: 'info',
  service: 'country-currency-exchange',
  timestamp: '2025-10-24T20:58:48.540Z'
}
{
  message: 'Server started successfully on port 3000',
  level: 'info',
  service: 'country-currency-exchange',
  timestamp: '2025-10-24T20:58:48.542Z'
}
{
  message: 'Database tables initialized successfully',
  level: 'info',
  service: 'country-currency-exchange',
  timestamp: '2025-10-24T20:58:50.348Z'
}
{
  service: 'country-currency-exchange',
  level: 'error',
  message: 'Error getting country by name: Country not found',
  stack: 'Error: Country not found\n' +
    '    at CountryService.getCountryByName (/Users/teajhaney/Desktop/Acode/2025/Project/backend/HNG/country-currency-exchange/src/services/country.service.ts:80:15)\n' +
    '    at processTicksAndRejections (node:internal/process/task_queues:105:5)\n' +
    '    at async getCountryByName (/Users/teajhaney/Desktop/Acode/2025/Project/backend/HNG/country-currency-exchange/src/controllers/country.controller.ts:62:23)',
  timestamp: '2025-10-24T20:58:52.251Z'
}
{
  service: 'country-currency-exchange',
  level: 'error',
  message: 'Error in getCountryByName controller: Country not found',
  stack: 'Error: Country not found\n' +
    '    at CountryService.getCountryByName (/Users/teajhaney/Desktop/Acode/2025/Project/backend/HNG/country-currency-exchange/src/services/country.service.ts:80:15)\n' +
    '    at processTicksAndRejections (node:internal/process/task_queues:105:5)\n' +
    '    at async getCountryByName (/Users/teajhaney/Desktop/Acode/2025/Project/backend/HNG/country-currency-exchange/src/controllers/country.controller.ts:62:23)',
  timestamp: '2025-10-24T20:58:52.251Z'
}
{
  message: 'Database connection successful',
  level: 'info',
  service: 'country-currency-exchange',
  timestamp: '2025-10-24T20:58:53.706Z'
}
{
  message: 'Database tables initialized successfully',
  level: 'info',
  service: 'country-currency-exchange',
  timestamp: '2025-10-24T20:58:56.647Z'
}
{
  message: 'Database connection successful',
  level: 'info',
  service: 'country-currency-exchange',
  timestamp: '2025-10-24T20:59:11.709Z'
}
{
  message: 'Database connection successful',
  level: 'info',
  service: 'country-currency-exchange',
  timestamp: '2025-10-24T20:59:14.377Z'
}
{
  message: 'Database tables initialized successfully',
  level: 'info',
  service: 'country-currency-exchange',
  timestamp: '2025-10-24T20:59:15.723Z'
}
{
  message: 'Server started successfully on port 3000',
  level: 'info',
  service: 'country-currency-exchange',
  timestamp: '2025-10-24T20:59:15.725Z'
}
{
  message: 'Database connection successful',
  level: 'info',
  service: 'country-currency-exchange',
  timestamp: '2025-10-24T20:59:15.785Z'
}
{
  message: 'Database tables initialized successfully',
  level: 'info',
  service: 'country-currency-exchange',
  timestamp: '2025-10-24T20:59:18.326Z'
}
{
  message: 'Database tables initialized successfully',
  level: 'info',
  service: 'country-currency-exchange',
  timestamp: '2025-10-24T20:59:18.972Z'
}
{
  message: 'Starting countries refresh process...',
  level: 'info',
  service: 'country-currency-exchange',
  timestamp: '2025-10-24T20:59:41.136Z'
}
{
  message: 'Starting to fetch and process all external data...',
  level: 'info',
  service: 'country-currency-exchange',
  timestamp: '2025-10-24T20:59:41.137Z'
}
{
  message: 'Fetching countries from external API...',
  level: 'info',
  service: 'country-currency-exchange',
  timestamp: '2025-10-24T20:59:41.138Z'
}
{
  message: 'Fetching exchange rates from external API...',
  level: 'info',
  service: 'country-currency-exchange',
  timestamp: '2025-10-24T20:59:41.145Z'
}
{
  message: 'Successfully fetched exchange rates for 165 currencies',
  level: 'info',
  service: 'country-currency-exchange',
  timestamp: '2025-10-24T20:59:44.142Z'
}
{
  message: 'Successfully fetched 250 countries',
  level: 'info',
  service: 'country-currency-exchange',
  timestamp: '2025-10-24T20:59:45.459Z'
}
{
  message: 'Processing countries data with exchange rates...',
  level: 'info',
  service: 'country-currency-exchange',
  timestamp: '2025-10-24T20:59:45.460Z'
}
{
  message: 'Successfully processed 250 countries',
  level: 'info',
  service: 'country-currency-exchange',
  timestamp: '2025-10-24T20:59:45.460Z'
}
{
  message: 'All countries cleared from database',
  level: 'info',
  service: 'country-currency-exchange',
  timestamp: '2025-10-24T20:59:47.546Z'
}
{
  message: 'Database connection successful',
  level: 'info',
  service: 'country-currency-exchange',
  timestamp: '2025-10-24T21:00:08.908Z'
}
{
  message: 'Database tables initialized successfully',
  level: 'info',
  service: 'country-currency-exchange',
  timestamp: '2025-10-24T21:00:12.079Z'
}
{
  message: 'Database connection successful',
  level: 'info',
  service: 'country-currency-exchange',
  timestamp: '2025-10-24T21:00:31.851Z'
}
{
  message: 'Database connection successful',
  level: 'info',
  service: 'country-currency-exchange',
  timestamp: '2025-10-24T21:00:31.875Z'
}
{
  message: 'Database connection successful',
  level: 'info',
  service: 'country-currency-exchange',
  timestamp: '2025-10-24T21:00:33.586Z'
}
{
  message: 'Database tables initialized successfully',
  level: 'info',
  service: 'country-currency-exchange',
  timestamp: '2025-10-24T21:00:34.901Z'
}
{
  message: 'Server started successfully on port 3000',
  level: 'info',
  service: 'country-currency-exchange',
  timestamp: '2025-10-24T21:00:34.905Z'
}
{
  message: 'Database tables initialized successfully',
  level: 'info',
  service: 'country-currency-exchange',
  timestamp: '2025-10-24T21:00:37.354Z'
}
{
  message: 'Database tables initialized successfully',
  level: 'info',
  service: 'country-currency-exchange',
  timestamp: '2025-10-24T21:00:37.355Z'
}
{
  message: 'Database connection successful',
  level: 'info',
  service: 'country-currency-exchange',
  timestamp: '2025-10-24T21:01:32.130Z'
}
{
  message: 'Database tables initialized successfully',
  level: 'info',
  service: 'country-currency-exchange',
  timestamp: '2025-10-24T21:01:35.369Z'
}
{
  message: 'Server started successfully on port 3000',
  level: 'info',
  service: 'country-currency-exchange',
  timestamp: '2025-10-24T21:01:35.372Z'
}
{
  message: 'Starting countries refresh process...',
  level: 'info',
  service: 'country-currency-exchange',
  timestamp: '2025-10-24T21:01:39.804Z'
}
{
  message: 'Starting to fetch and process all external data...',
  level: 'info',
  service: 'country-currency-exchange',
  timestamp: '2025-10-24T21:01:39.805Z'
}
{
  message: 'Fetching countries from external API...',
  level: 'info',
  service: 'country-currency-exchange',
  timestamp: '2025-10-24T21:01:39.805Z'
}
{
  message: 'Fetching exchange rates from external API...',
  level: 'info',
  service: 'country-currency-exchange',
  timestamp: '2025-10-24T21:01:39.811Z'
}
{
  message: 'Successfully fetched exchange rates for 165 currencies',
  level: 'info',
  service: 'country-currency-exchange',
  timestamp: '2025-10-24T21:01:41.383Z'
}
{
  message: 'Successfully fetched 250 countries',
  level: 'info',
  service: 'country-currency-exchange',
  timestamp: '2025-10-24T21:01:45.779Z'
}
{
  message: 'Processing countries data with exchange rates...',
  level: 'info',
  service: 'country-currency-exchange',
  timestamp: '2025-10-24T21:01:45.779Z'
}
{
  message: 'Successfully processed 250 countries',
  level: 'info',
  service: 'country-currency-exchange',
  timestamp: '2025-10-24T21:01:45.780Z'
}
{
  message: 'All countries cleared from database',
  level: 'info',
  service: 'country-currency-exchange',
  timestamp: '2025-10-24T21:01:47.523Z'
}
{
  message: 'Database connection successful',
  level: 'info',
  service: 'country-currency-exchange',
  timestamp: '2025-10-24T21:05:16.431Z'
}
{
  message: 'Database connection successful',
  level: 'info',
  service: 'country-currency-exchange',
  timestamp: '2025-10-24T21:05:18.655Z'
}
{
  message: 'Database tables initialized successfully',
  level: 'info',
  service: 'country-currency-exchange',
  timestamp: '2025-10-24T21:05:21.293Z'
}
{
  message: 'Server started successfully on port 3000',
  level: 'info',
  service: 'country-currency-exchange',
  timestamp: '2025-10-24T21:05:21.296Z'
}
{
  message: 'Database connection successful',
  level: 'info',
  service: 'country-currency-exchange',
  timestamp: '2025-10-24T21:05:21.966Z'
}
{
  message: 'Database tables initialized successfully',
  level: 'info',
  service: 'country-currency-exchange',
  timestamp: '2025-10-24T21:05:23.470Z'
}
{
  message: 'Database tables initialized successfully',
  level: 'info',
  service: 'country-currency-exchange',
  timestamp: '2025-10-24T21:05:29.862Z'
}
{
  message: 'Database connection successful',
  level: 'info',
  service: 'country-currency-exchange',
  timestamp: '2025-10-24T21:07:10.834Z'
}
{
  message: 'Database tables initialized successfully',
  level: 'info',
  service: 'country-currency-exchange',
  timestamp: '2025-10-24T21:07:14.691Z'
}
{
  message: 'Server started successfully on port 3000',
  level: 'info',
  service: 'country-currency-exchange',
  timestamp: '2025-10-24T21:07:14.695Z'
}
{
  message: 'Database connection successful',
  level: 'info',
  service: 'country-currency-exchange',
  timestamp: '2025-10-24T21:07:15.233Z'
}
{
  message: 'Database tables initialized successfully',
  level: 'info',
  service: 'country-currency-exchange',
  timestamp: '2025-10-24T21:07:19.091Z'
}
{
  message: 'Database connection successful',
  level: 'info',
  service: 'country-currency-exchange',
  timestamp: '2025-10-24T21:07:30.952Z'
}
{
  message: 'Database tables initialized successfully',
  level: 'info',
  service: 'country-currency-exchange',
  timestamp: '2025-10-24T21:07:42.421Z'
}
{
  message: 'Database connection successful',
  level: 'info',
  service: 'country-currency-exchange',
  timestamp: '2025-10-24T21:08:21.228Z'
}
{
  message: 'Database tables initialized successfully',
  level: 'info',
  service: 'country-currency-exchange',
  timestamp: '2025-10-24T21:08:25.662Z'
}
{
  message: 'Database connection successful',
  level: 'info',
  service: 'country-currency-exchange',
  timestamp: '2025-10-24T21:09:17.684Z'
}
{
  message: 'Database tables initialized successfully',
  level: 'info',
  service: 'country-currency-exchange',
  timestamp: '2025-10-24T21:09:21.445Z'
}
{
  message: 'Server started successfully on port 3000',
  level: 'info',
  service: 'country-currency-exchange',
  timestamp: '2025-10-24T21:09:21.446Z'
}
{
  message: 'Database connection successful',
  level: 'info',
  service: 'country-currency-exchange',
  timestamp: '2025-10-24T21:14:02.103Z'
}
{
  message: 'Database tables initialized successfully',
  level: 'info',
  service: 'country-currency-exchange',
  timestamp: '2025-10-24T21:14:05.086Z'
}
{
  message: 'Server started successfully on port 3000',
  level: 'info',
  service: 'country-currency-exchange',
  timestamp: '2025-10-24T21:14:05.089Z'
}
{
  message: 'Database connection successful',
  level: 'info',
  service: 'country-currency-exchange',
  timestamp: '2025-10-24T21:14:05.224Z'
}
{
  message: 'Database connection successful',
  level: 'info',
  service: 'country-currency-exchange',
  timestamp: '2025-10-24T21:14:09.771Z'
}
{
  message: 'Database tables initialized successfully',
  level: 'info',
  service: 'country-currency-exchange',
  timestamp: '2025-10-24T21:14:11.594Z'
}
{
  message: 'Database tables initialized successfully',
  level: 'info',
  service: 'country-currency-exchange',
  timestamp: '2025-10-24T21:14:17.210Z'
}
{
  message: 'Database connection successful',
  level: 'info',
  service: 'country-currency-exchange',
  timestamp: '2025-10-24T21:15:47.128Z'
}
{
  message: 'Database tables initialized successfully',
  level: 'info',
  service: 'country-currency-exchange',
  timestamp: '2025-10-24T21:16:01.079Z'
}
{
  message: 'Server started successfully on port 3000',
  level: 'info',
  service: 'country-currency-exchange',
  timestamp: '2025-10-24T21:16:01.080Z'
}
{
  message: 'Database connection successful',
  level: 'info',
  service: 'country-currency-exchange',
  timestamp: '2025-10-24T21:17:39.880Z'
}
{
  message: 'Database connection successful',
  level: 'info',
  service: 'country-currency-exchange',
  timestamp: '2025-10-24T21:17:42.183Z'
}
{
  message: 'Database tables initialized successfully',
  level: 'info',
  service: 'country-currency-exchange',
  timestamp: '2025-10-24T21:17:43.040Z'
}
{
  message: 'Server started successfully on port 3000',
  level: 'info',
  service: 'country-currency-exchange',
  timestamp: '2025-10-24T21:17:43.042Z'
}
{
  message: 'Database connection successful',
  level: 'info',
  service: 'country-currency-exchange',
  timestamp: '2025-10-24T21:17:43.719Z'
}
{
  message: 'Database tables initialized successfully',
  level: 'info',
  service: 'country-currency-exchange',
  timestamp: '2025-10-24T21:17:46.084Z'
}
{
  message: 'Database tables initialized successfully',
  level: 'info',
  service: 'country-currency-exchange',
  timestamp: '2025-10-24T21:17:50.206Z'
}
{
  message: 'Starting countries refresh process...',
  level: 'info',
  service: 'country-currency-exchange',
  timestamp: '2025-10-24T21:19:48.088Z'
}
{
  message: 'Starting to fetch and process all external data...',
  level: 'info',
  service: 'country-currency-exchange',
  timestamp: '2025-10-24T21:19:48.090Z'
}
{
  message: 'Fetching countries from external API...',
  level: 'info',
  service: 'country-currency-exchange',
  timestamp: '2025-10-24T21:19:48.090Z'
}
{
  message: 'Fetching exchange rates from external API...',
  level: 'info',
  service: 'country-currency-exchange',
  timestamp: '2025-10-24T21:19:48.099Z'
}
{
  message: 'Successfully fetched exchange rates for 165 currencies',
  level: 'info',
  service: 'country-currency-exchange',
  timestamp: '2025-10-24T21:19:51.812Z'
}
{
  message: 'Successfully fetched 250 countries',
  level: 'info',
  service: 'country-currency-exchange',
  timestamp: '2025-10-24T21:19:57.486Z'
}
{
  message: 'Processing countries data with exchange rates...',
  level: 'info',
  service: 'country-currency-exchange',
  timestamp: '2025-10-24T21:19:57.487Z'
}
{
  message: 'Successfully processed 250 countries',
  level: 'info',
  service: 'country-currency-exchange',
  timestamp: '2025-10-24T21:19:57.487Z'
}
{
  message: 'All countries cleared from database',
  level: 'info',
  service: 'country-currency-exchange',
  timestamp: '2025-10-24T21:20:00.789Z'
}
{
  message: 'Refresh status updated: 250 countries',
  level: 'info',
  service: 'country-currency-exchange',
  timestamp: '2025-10-24T21:27:27.596Z'
}
{
  service: 'country-currency-exchange',
  message: 'Incorrect arguments to mysqld_stmt_execute',
  code: 'ER_WRONG_ARGUMENTS',
  errno: 1210,
  sql: '\n' +
    '        SELECT * FROM countries \n' +
    '        WHERE estimated_gdp IS NOT NULL \n' +
    '        ORDER BY estimated_gdp DESC \n' +
    '        LIMIT ?\n' +
    '      ',
  sqlState: 'HY000',
  sqlMessage: 'Incorrect arguments to mysqld_stmt_execute',
  level: 'error',
  stack: 'Error: Incorrect arguments to mysqld_stmt_execute\n' +
    '    at PromisePool.execute (/Users/teajhaney/Desktop/Acode/2025/Project/backend/HNG/country-currency-exchange/node_modules/mysql2/lib/promise/pool.js:54:22)\n' +
    '    at DatabaseService.query (/Users/teajhaney/Desktop/Acode/2025/Project/backend/HNG/country-currency-exchange/src/common/config/database.ts:19:38)\n' +
    '    at CountryModel.getTopCountriesByGDP (/Users/teajhaney/Desktop/Acode/2025/Project/backend/HNG/country-currency-exchange/src/models/country.model.ts:215:29)\n' +
    '    at CountryService.refreshCountries (/Users/teajhaney/Desktop/Acode/2025/Project/backend/HNG/country-currency-exchange/src/services/country.service.ts:42:49)\n' +
    '    at processTicksAndRejections (node:internal/process/task_queues:105:5)\n' +
    '    at async refreshCountries (/Users/teajhaney/Desktop/Acode/2025/Project/backend/HNG/country-currency-exchange/src/controllers/country.controller.ts:13:22)',
  timestamp: '2025-10-24T21:27:28.634Z'
}
{
  service: 'country-currency-exchange',
  message: 'Incorrect arguments to mysqld_stmt_execute',
  code: 'ER_WRONG_ARGUMENTS',
  errno: 1210,
  sql: '\n' +
    '        SELECT * FROM countries \n' +
    '        WHERE estimated_gdp IS NOT NULL \n' +
    '        ORDER BY estimated_gdp DESC \n' +
    '        LIMIT ?\n' +
    '      ',
  sqlState: 'HY000',
  sqlMessage: 'Incorrect arguments to mysqld_stmt_execute',
  level: 'error',
  stack: 'Error: Incorrect arguments to mysqld_stmt_execute\n' +
    '    at PromisePool.execute (/Users/teajhaney/Desktop/Acode/2025/Project/backend/HNG/country-currency-exchange/node_modules/mysql2/lib/promise/pool.js:54:22)\n' +
    '    at DatabaseService.query (/Users/teajhaney/Desktop/Acode/2025/Project/backend/HNG/country-currency-exchange/src/common/config/database.ts:19:38)\n' +
    '    at CountryModel.getTopCountriesByGDP (/Users/teajhaney/Desktop/Acode/2025/Project/backend/HNG/country-currency-exchange/src/models/country.model.ts:215:29)\n' +
    '    at CountryService.refreshCountries (/Users/teajhaney/Desktop/Acode/2025/Project/backend/HNG/country-currency-exchange/src/services/country.service.ts:42:49)\n' +
    '    at processTicksAndRejections (node:internal/process/task_queues:105:5)\n' +
    '    at async refreshCountries (/Users/teajhaney/Desktop/Acode/2025/Project/backend/HNG/country-currency-exchange/src/controllers/country.controller.ts:13:22)',
  timestamp: '2025-10-24T21:27:28.634Z'
}
{
  service: 'country-currency-exchange',
  message: 'Incorrect arguments to mysqld_stmt_execute',
  code: 'ER_WRONG_ARGUMENTS',
  errno: 1210,
  sql: '\n' +
    '        SELECT * FROM countries \n' +
    '        WHERE estimated_gdp IS NOT NULL \n' +
    '        ORDER BY estimated_gdp DESC \n' +
    '        LIMIT ?\n' +
    '      ',
  sqlState: 'HY000',
  sqlMessage: 'Incorrect arguments to mysqld_stmt_execute',
  level: 'error',
  stack: 'Error: Incorrect arguments to mysqld_stmt_execute\n' +
    '    at PromisePool.execute (/Users/teajhaney/Desktop/Acode/2025/Project/backend/HNG/country-currency-exchange/node_modules/mysql2/lib/promise/pool.js:54:22)\n' +
    '    at DatabaseService.query (/Users/teajhaney/Desktop/Acode/2025/Project/backend/HNG/country-currency-exchange/src/common/config/database.ts:19:38)\n' +
    '    at CountryModel.getTopCountriesByGDP (/Users/teajhaney/Desktop/Acode/2025/Project/backend/HNG/country-currency-exchange/src/models/country.model.ts:215:29)\n' +
    '    at CountryService.refreshCountries (/Users/teajhaney/Desktop/Acode/2025/Project/backend/HNG/country-currency-exchange/src/services/country.service.ts:42:49)\n' +
    '    at processTicksAndRejections (node:internal/process/task_queues:105:5)\n' +
    '    at async refreshCountries (/Users/teajhaney/Desktop/Acode/2025/Project/backend/HNG/country-currency-exchange/src/controllers/country.controller.ts:13:22)',
  timestamp: '2025-10-24T21:27:28.635Z'
}
{
  message: 'Countries refresh completed successfully. 250 countries processed.',
  level: 'info',
  service: 'country-currency-exchange',
  timestamp: '2025-10-24T21:27:28.635Z'
}
{
  service: 'country-currency-exchange',
  level: 'error',
  message: 'Error getting summary image: Summary image not found',
  stack: 'Error: Summary image not found\n' +
    '    at CountryService.getSummaryImage (/Users/teajhaney/Desktop/Acode/2025/Project/backend/HNG/country-currency-exchange/src/services/country.service.ts:130:15)\n' +
    '    at getSummaryImage (/Users/teajhaney/Desktop/Acode/2025/Project/backend/HNG/country-currency-exchange/src/controllers/country.controller.ts:114:43)\n' +
    '    at Layer.handle [as handle_request] (/Users/teajhaney/Desktop/Acode/2025/Project/backend/HNG/country-currency-exchange/node_modules/express/lib/router/layer.js:95:5)\n' +
    '    at next (/Users/teajhaney/Desktop/Acode/2025/Project/backend/HNG/country-currency-exchange/node_modules/express/lib/router/route.js:149:13)\n' +
    '    at Route.dispatch (/Users/teajhaney/Desktop/Acode/2025/Project/backend/HNG/country-currency-exchange/node_modules/express/lib/router/route.js:119:3)\n' +
    '    at Layer.handle [as handle_request] (/Users/teajhaney/Desktop/Acode/2025/Project/backend/HNG/country-currency-exchange/node_modules/express/lib/router/layer.js:95:5)\n' +
    '    at /Users/teajhaney/Desktop/Acode/2025/Project/backend/HNG/country-currency-exchange/node_modules/express/lib/router/index.js:284:15\n' +
    '    at router.process_params (/Users/teajhaney/Desktop/Acode/2025/Project/backend/HNG/country-currency-exchange/node_modules/express/lib/router/index.js:346:12)\n' +
    '    at next (/Users/teajhaney/Desktop/Acode/2025/Project/backend/HNG/country-currency-exchange/node_modules/express/lib/router/index.js:280:10)\n' +
    '    at router.handle (/Users/teajhaney/Desktop/Acode/2025/Project/backend/HNG/country-currency-exchange/node_modules/express/lib/router/index.js:175:3)',
  timestamp: '2025-10-24T21:32:17.654Z'
}
{
  service: 'country-currency-exchange',
  level: 'error',
  message: 'Error in getSummaryImage controller: Summary image not found',
  stack: 'Error: Summary image not found\n' +
    '    at CountryService.getSummaryImage (/Users/teajhaney/Desktop/Acode/2025/Project/backend/HNG/country-currency-exchange/src/services/country.service.ts:130:15)\n' +
    '    at getSummaryImage (/Users/teajhaney/Desktop/Acode/2025/Project/backend/HNG/country-currency-exchange/src/controllers/country.controller.ts:114:43)\n' +
    '    at Layer.handle [as handle_request] (/Users/teajhaney/Desktop/Acode/2025/Project/backend/HNG/country-currency-exchange/node_modules/express/lib/router/layer.js:95:5)\n' +
    '    at next (/Users/teajhaney/Desktop/Acode/2025/Project/backend/HNG/country-currency-exchange/node_modules/express/lib/router/route.js:149:13)\n' +
    '    at Route.dispatch (/Users/teajhaney/Desktop/Acode/2025/Project/backend/HNG/country-currency-exchange/node_modules/express/lib/router/route.js:119:3)\n' +
    '    at Layer.handle [as handle_request] (/Users/teajhaney/Desktop/Acode/2025/Project/backend/HNG/country-currency-exchange/node_modules/express/lib/router/layer.js:95:5)\n' +
    '    at /Users/teajhaney/Desktop/Acode/2025/Project/backend/HNG/country-currency-exchange/node_modules/express/lib/router/index.js:284:15\n' +
    '    at router.process_params (/Users/teajhaney/Desktop/Acode/2025/Project/backend/HNG/country-currency-exchange/node_modules/express/lib/router/index.js:346:12)\n' +
    '    at next (/Users/teajhaney/Desktop/Acode/2025/Project/backend/HNG/country-currency-exchange/node_modules/express/lib/router/index.js:280:10)\n' +
    '    at router.handle (/Users/teajhaney/Desktop/Acode/2025/Project/backend/HNG/country-currency-exchange/node_modules/express/lib/router/index.js:175:3)',
  timestamp: '2025-10-24T21:32:17.656Z'
}
